id,events_drought,events_earthquake,events_earthquake_tsunami,events_flood,events_flood_landslide,events_forest_fire,events_landslide,events_tidal_abrasion,events_tornado,events_tsunami,events_volcano,died,missing,injured,affected,evacuated,houses_damaged,facilities_damaged
Aceh_2002,0.0,1.0,0.0,5.0,0.0,0.0,0.0,0.0,0.0,0.0,0.0,3.6019838210261446,11.56426384645236,9.668482888017547,11034.96180285736,1656.9125576720267,429.01523089379816,36.967728689478854
Aceh_2003,0.0,1.0,0.0,2.0,0.0,0.0,0.0,0.0,0.0,0.0,0.0,0.9478904792174064,0.0,0.0,0.0,0.0,10.805951463078435,0.0
Aceh_2004,1.0,0.0,21.0,6.0,0.0,0.0,0.0,0.0,0.0,0.0,0.0,24404.009121739662,7026.522544342791,536.506011237052,5019.269665552011,100563.02798684555,33995.7128809406,1346.5732147762476
Aceh_2005,0.0,0.0,0.0,0.0,0.0,0.0,0.0,0.0,0.0,0.0,0.0,0.0,0.0,0.0,0.0,0.0,0.0,0.0
Aceh_2006,6.0,0.0,0.0,22.0,0.0,0.0,1.0,1.0,2.0,0.0,0.0,8.720592408800139,0.5687342875304439,4.1707181085565885,0.0,14454.571495682074,7960.38424446778,154.69572620828075
Aceh_2007,0.0,0.0,0.0,28.0,0.0,0.0,1.0,3.0,1.0,0.0,0.0,0.7583123833739251,0.0,0.0,1099.9321120838786,18977.525706315853,100.28681270120161,38.29477536038322
Aceh_2008,9.0,1.0,0.0,16.0,0.0,0.0,3.0,0.0,3.0,0.0,0.0,2.6540933418087382,0.1895780958434813,57.25258494473135,0.0,28902.50775800963,667.5044754648977,68.0585364078098
Aceh_2009,8.0,0.0,0.0,46.0,0.0,6.0,15.0,17.0,34.0,0.0,0.0,0.9478904792174064,0.1895780958434813,18.389075296817687,722.4821232595071,8340.48832663396,276.7840199314827,23.507683884591682
Aceh_2010,4.0,10.0,0.0,40.0,0.0,0.0,3.0,1.0,5.0,0.0,0.0,3.0332495334957006,0.1895780958434813,26.54093341808738,86.25803360878398,8292.335490289715,373.6584269075016,55.35680398629653
Aceh_2011,11.0,2.0,0.0,26.0,0.0,0.0,1.0,0.0,6.0,0.0,0.0,2.6540933418087382,0.0,0.3791561916869626,2361.005605634716,5801.279310906371,1178.9861780506103,56.68385065720091
Aceh_2012,14.0,8.0,0.0,38.0,0.0,0.0,3.0,0.0,15.0,8.0,0.0,3.0332495334957006,0.3791561916869626,5.3081866836174765,7244.347776466951,1880.2355545756475,384.2748002747366,19.905700063565536
Aceh_2013,4.0,4.0,0.0,41.0,0.0,1.0,5.0,0.0,15.0,0.0,0.0,9.478904792174065,0.0,483.0449882091903,22029.353893204214,23248.3410494778,4036.30723860356,375.9333640576234
Aceh_2014,0.0,0.0,0.0,37.0,0.0,2.0,5.0,2.0,12.0,0.0,0.0,0.9478904792174064,0.1895780958434813,0.7583123833739251,9875.691746774472,24387.136671209588,98.01187555107984,21.61190292615687
Aceh_2015,0.0,2.0,0.0,63.0,0.0,0.0,10.0,0.0,15.0,0.0,0.0,1.8957809584348129,0.3791561916869626,1.7062028625913315,43450.73083303838,13104.206718988957,337.0698544097097,22.749371501217755
Aceh_2016,0.0,3.0,0.0,36.0,0.0,9.0,4.0,3.0,30.0,0.0,0.0,21.422324830313386,0.1895780958434813,178.96172247624634,60888.12408872179,47366.46640268549,2186.593757458713,214.03367020729038
Aceh_2017,0.0,2.0,0.0,53.0,0.0,6.0,2.0,1.0,27.0,0.0,0.0,0.7583123833739251,0.5687342875304439,73.93545737895771,31806.844186331764,8176.124117537662,143.32104045767184,2.6540933418087382
Aceh_2018,0.0,1.0,0.0,92.0,0.0,58.0,5.0,3.0,61.0,0.0,0.0,0.5687342875304439,0.0,0.1895780958434813,37751.82369388749,4464.374579018141,181.2366596263681,21.422324830313386
Aceh_2019,0.0,0.0,0.0,65.0,0.0,43.0,8.0,1.0,63.0,0.0,0.0,0.0,0.0,2.4645152459652566,13666.874507452409,170.9994424508201,136.30665091146304,13.839200996574133
Aceh_2020,1.0,4.0,0.0,81.0,6.0,160.0,19.0,12.0,98.0,0.0,0.0,2.2749371501217754,1.1374685750608877,1.7062028625913315,32215.76413906615,10524.427990750864,178.3929881887159,16.11413814669591
Aceh_2021,0.0,0.0,0.0,56.0,6.0,38.0,6.0,0.0,29.0,0.0,0.0,0.9478904792174064,0.1895780958434813,0.7583123833739251,26121.965826273285,2344.5123112963333,50.99650778189647,4.1707181085565885
Aceh_2022,0.0,0.0,0.0,1.0,0.0,2.0,0.0,0.0,1.0,0.0,0.0,0.1895780958434813,0.0,0.0,0.0,0.0,0.0,0.0
Bali_2002,0.0,0.0,0.0,2.0,0.0,0.0,0.0,0.0,0.0,0.0,0.0,2.3162066834607096,1.8529653467685674,0.46324133669214185,0.0,0.0,147.54236573644718,0.0
Bali_2003,1.0,0.0,0.0,1.0,0.0,1.0,0.0,0.0,0.0,0.0,0.0,0.6948620050382127,0.0,0.0,0.0,0.0,0.46324133669214185,0.0
Bali_2004,7.0,1.0,0.0,1.0,0.0,0.0,1.0,0.0,1.0,0.0,0.0,0.46324133669214185,0.0,3.705930693537135,0.0,148.2372277414854,1947.6982001221104,47.25061634259847
Bali_2005,6.0,0.0,0.0,2.0,0.0,0.0,0.0,0.0,0.0,0.0,0.0,0.23162066834607092,0.0,0.0,0.0,0.0,0.0,0.0
Bali_2006,0.0,0.0,0.0,6.0,0.0,0.0,0.0,0.0,5.0,0.0,0.0,0.46324133669214185,0.0,0.6948620050382127,0.0,0.0,39.14389295048599,3.242689356844993
Bali_2007,0.0,0.0,0.0,3.0,0.0,0.0,1.0,4.0,8.0,0.0,0.0,2.0845860151146383,0.0,4.632413366921419,0.0,118.82140286153438,66.93837315201449,4.1691720302292765
Bali_2008,1.0,0.0,0.0,1.0,0.0,0.0,0.0,0.0,1.0,0.0,0.0,0.23162066834607092,0.0,0.46324133669214185,0.0,0.0,2.3162066834607096,0.0
Bali_2009,1.0,0.0,0.0,2.0,0.0,0.0,2.0,1.0,0.0,0.0,0.0,0.46324133669214185,0.0,0.23162066834607092,471.3480600842543,0.0,126.6965055853008,0.46324133669214185
Bali_2010,0.0,0.0,0.0,6.0,0.0,0.0,6.0,1.0,3.0,0.0,0.0,0.9264826733842837,0.6948620050382127,1.3897240100764254,2.3162066834607096,50.9565470361356,67.16999382036057,2.54782735180678
Bali_2011,0.0,6.0,0.0,8.0,0.0,0.0,6.0,3.0,14.0,0.0,0.0,1.8529653467685674,0.23162066834607092,22.46720482956888,10.422930075573191,696.0201083799432,56.052201739749165,14.592102105802468
Bali_2012,8.0,0.0,0.0,6.0,0.0,9.0,13.0,4.0,13.0,0.0,0.0,3.242689356844993,0.23162066834607092,2.3162066834607096,68.559717830437,15.750205447532823,44.239547654099546,4.632413366921419
Bali_2013,0.0,0.0,0.0,5.0,0.0,0.0,11.0,2.0,10.0,0.0,0.0,0.6948620050382127,0.0,2.54782735180678,39.37551361883206,0.0,107.47199011257692,1.6213446784224965
Bali_2014,0.0,0.0,0.0,4.0,0.0,0.0,7.0,2.0,5.0,0.0,0.0,1.8529653467685674,0.0,0.6948620050382127,3.9375513618832056,28.720962874912793,24.783411513029588,0.9264826733842837
Bali_2015,0.0,0.0,0.0,0.0,0.0,0.0,3.0,0.0,3.0,0.0,0.0,1.1581033417303548,0.0,1.8529653467685674,0.0,0.0,10.886171412265334,0.46324133669214185
Bali_2016,0.0,0.0,0.0,9.0,0.0,0.0,4.0,0.0,6.0,0.0,0.0,0.0,0.0,1.3897240100764254,218.88153158703705,113.49412748957477,45.62927166417597,4.1691720302292765
Bali_2017,0.0,1.0,0.0,7.0,0.0,2.0,9.0,0.0,9.0,0.0,9.0,4.1691720302292765,0.0,3.011068688498922,161.20798516886538,16609.2865064284,31.268790226719577,3.242689356844993
Bali_2018,0.0,21.0,0.0,29.0,0.0,3.0,55.0,4.0,18.0,0.0,24.0,3.705930693537135,0.0,6.022137376997844,61.379477111708795,13979.002196690419,83.15181993623946,129.0127122687615
Bali_2019,3.0,5.0,0.0,5.0,0.0,14.0,9.0,1.0,20.0,0.0,3.0,1.6213446784224965,0.0,5.09565470361356,12450.769026943042,6.022137376997844,22.235584161222807,10.654550743919263
Bali_2020,0.0,0.0,0.0,4.0,0.0,0.0,33.0,1.0,57.0,0.0,0.0,0.6948620050382127,0.0,2.3162066834607096,42.84982364402312,4.632413366921419,42.15496163898491,4.400792698575348
Bali_2021,0.0,0.0,0.0,5.0,0.0,0.0,4.0,2.0,2.0,0.0,0.0,0.0,0.0,0.0,34.511479583564565,0.0,6.716999382036057,1.8529653467685674
Bali_2022,0.0,0.0,0.0,0.0,0.0,0.0,0.0,0.0,0.0,0.0,0.0,0.0,0.0,0.0,0.0,0.0,0.0,0.0
Banten_2002,0.0,0.0,0.0,2.0,0.0,0.0,1.0,0.0,0.0,0.0,0.0,0.0,0.0,0.0,0.0,0.0,0.9240155160685458,0.0
Banten_2003,2.0,0.0,0.0,5.0,0.0,0.0,0.0,0.0,0.0,0.0,0.0,0.08400141055168599,0.0,0.0,0.0,0.0,351.46190174825415,0.4200070527584299
Banten_2004,15.0,0.0,0.0,16.0,0.0,0.0,0.0,0.0,2.0,0.0,0.0,0.08400141055168599,0.0,0.0,0.0,663.6111433583193,366.75015846866097,4.3680733486876715
Banten_2005,0.0,0.0,0.0,0.0,0.0,0.0,0.0,0.0,0.0,0.0,0.0,0.0,0.0,0.0,0.0,0.0,0.0,0.0
Banten_2006,9.0,0.0,0.0,8.0,0.0,0.0,0.0,0.0,2.0,0.0,0.0,0.16800282110337197,0.0,0.0,0.0,8.4001410551686,33.768567041777764,0.33600564220674395
Banten_2007,7.0,0.0,0.0,10.0,0.0,0.0,2.0,2.0,4.0,0.0,0.0,1.9320324426887776,0.0,2.6040437271022654,11901.571851194525,3642.4691643422075,34.1885740945362,14.952251078200105
Banten_2008,7.0,0.0,0.0,8.0,0.0,0.0,1.0,0.0,3.0,0.0,0.0,0.6720112844134879,0.0,1107.3905953028764,0.0,103.06973074691871,2236.621557349191,4.032067706480927
Banten_2009,3.0,1.0,0.0,13.0,0.0,0.0,1.0,0.0,3.0,0.0,0.0,8.9881509290304,7.812131181306797,5.124086043652845,598.7620544124177,92.56955442795795,64.93309035645326,0.6720112844134879
Banten_2010,0.0,0.0,0.0,16.0,0.0,0.0,4.0,0.0,14.0,0.0,0.0,0.2520042316550579,0.0,5.2920888647562165,42.000705275842996,302.40507798606956,123.4820735109784,1.0920183371719179
Banten_2011,7.0,1.0,0.0,11.0,0.0,0.0,4.0,0.0,5.0,0.0,0.0,0.2520042316550579,0.0,0.2520042316550579,344.4057832619125,13.860232741028188,40.908686938671075,0.16800282110337197
Banten_2012,9.0,0.0,0.0,14.0,0.0,0.0,2.0,0.0,13.0,0.0,0.0,0.2520042316550579,0.0,3.1920536009640674,7730.061803197799,426.13915572870303,138.85433164193694,0.9240155160685458
Banten_2013,1.0,0.0,0.0,17.0,0.0,0.0,6.0,0.0,8.0,0.0,0.0,0.6720112844134879,0.16800282110337197,0.33600564220674395,5061.336989970735,5665.475134658461,91.05752903802761,0.2520042316550579
Banten_2014,0.0,0.0,0.0,16.0,0.0,1.0,10.0,0.0,12.0,0.0,0.0,0.08400141055168599,0.0,0.33600564220674395,15558.405256741073,576.5016806162209,37.88463615881038,0.8400141055168598
Banten_2015,1.0,2.0,0.0,25.0,0.0,0.0,10.0,1.0,24.0,0.0,0.0,0.2520042316550579,0.16800282110337197,0.08400141055168599,6853.1710784487495,0.0,21.5883625117833,0.5880098738618018
Banten_2016,0.0,0.0,0.0,18.0,0.0,0.0,7.0,0.0,6.0,0.0,0.0,0.5040084633101158,0.0,0.33600564220674395,2601.019676322405,552.6452800195422,53.00489005811386,1.5120253899303477
Banten_2017,0.0,0.0,0.0,21.0,0.0,0.0,2.0,0.0,16.0,0.0,0.0,0.08400141055168599,0.0,0.08400141055168599,5678.663356115077,3428.013563203753,35.02858820005305,1.3440225688269758
Banten_2018,8.0,4.0,0.0,18.0,0.0,1.0,8.0,0.0,34.0,2.0,0.0,26.880451376539515,0.6720112844134879,844.6341830972026,33035.150726251,2925.0131168202574,218.0676617921768,9.408157981788829
Banten_2019,4.0,4.0,0.0,9.0,0.0,27.0,2.0,0.0,22.0,0.0,0.0,0.5040084633101158,0.0,0.8400141055168598,1991.5054413593712,22.84838367005859,122.47405658435818,5.8800987386180195
Banten_2020,0.0,0.0,0.0,47.0,3.0,2.0,14.0,0.0,38.0,0.0,0.0,2.10003526379215,0.33600564220674395,5.964100149169704,24395.101642546782,3429.0215801303734,653.4469726815653,7.224121307444995
Banten_2021,0.0,0.0,0.0,28.0,2.0,3.0,4.0,0.0,17.0,0.0,0.0,0.08400141055168599,0.0,1.3440225688269758,7389.856090463471,613.6303040800661,16.71628069978551,0.08400141055168599
Banten_2022,0.0,0.0,0.0,0.0,0.0,0.0,0.0,0.0,0.0,0.0,0.0,0.0,0.0,0.0,0.0,0.0,0.0,0.0
Bengkulu_2002,0.0,0.0,0.0,0.0,0.0,0.0,1.0,0.0,0.0,0.0,0.0,0.0,0.0,0.0,0.0,0.0,11.936319734217946,0.0
Bengkulu_2003,1.0,1.0,0.0,2.0,0.0,0.0,0.0,0.0,0.0,0.0,0.0,6.962853178293803,0.0,0.0,0.0,0.0,36.80365251383867,0.994693311184829
Bengkulu_2004,1.0,0.0,0.0,0.0,0.0,0.0,0.0,0.0,0.0,0.0,0.0,0.0,0.0,0.0,0.0,0.0,0.0,0.0
Bengkulu_2005,0.0,0.0,0.0,7.0,0.0,0.0,0.0,0.0,0.0,0.0,0.0,0.0,0.0,0.4973466555924145,0.0,0.0,699.2693977629348,0.0
Bengkulu_2006,0.0,1.0,0.0,1.0,0.0,0.0,0.0,0.0,0.0,0.0,0.0,0.0,0.0,0.0,0.0,0.0,0.0,0.0
Bengkulu_2007,0.0,8.0,0.0,0.0,0.0,0.0,0.0,1.0,0.0,0.0,0.0,7.957546489478632,0.0,18.899172912511748,0.0,0.0,29465.799957228188,1120.0246683941175
Bengkulu_2008,1.0,0.0,0.0,2.0,0.0,0.0,0.0,0.0,0.0,0.0,0.0,0.0,0.0,0.0,1243.3666389810362,0.0,0.0,0.994693311184829
Bengkulu_2009,1.0,0.0,0.0,4.0,0.0,0.0,0.0,0.0,0.0,0.0,0.0,0.0,0.0,80.57015820597114,0.0,158.6535831339802,0.0,0.994693311184829
Bengkulu_2010,0.0,0.0,0.0,3.0,0.0,0.0,0.0,0.0,0.0,0.0,0.0,0.0,0.0,4.973466555924145,0.0,74.60199833886217,0.0,0.0
Bengkulu_2011,6.0,1.0,0.0,4.0,0.0,0.0,0.0,0.0,0.0,0.0,0.0,0.0,0.0,0.0,0.0,1502.9815932002764,68.63383847175321,0.994693311184829
Bengkulu_2012,1.0,1.0,0.0,7.0,0.0,0.0,1.0,0.0,1.0,0.0,0.0,0.4973466555924145,0.0,0.0,0.0,1488.061193532504,36.306305858246255,10.444279767440703
Bengkulu_2013,0.0,0.0,0.0,8.0,0.0,0.0,4.0,1.0,2.0,0.0,0.0,0.0,0.0,0.0,0.0,99.4693311184829,14.42305301218002,2.9840799335544865
Bengkulu_2014,0.0,1.0,0.0,9.0,0.0,1.0,3.0,0.0,1.0,0.0,0.0,0.994693311184829,0.994693311184829,0.0,0.0,1312.995170763974,139.25706356587605,2.4867332779620726
Bengkulu_2015,0.0,1.0,0.0,12.0,0.0,1.0,14.0,0.0,3.0,0.0,0.0,5.470813211516559,13.925706356587606,0.4973466555924145,71.12057174971527,0.0,49.23731890364903,3.978773244739316
Bengkulu_2016,0.0,2.0,0.0,5.0,0.0,0.0,7.0,0.0,5.0,0.0,0.0,2.9840799335544865,1.4920399667772433,3.978773244739316,637.5984124694753,0.0,305.37084653374245,1.4920399667772433
Bengkulu_2017,0.0,2.0,0.0,5.0,0.0,0.0,1.0,0.0,3.0,0.0,0.0,0.0,0.0,0.994693311184829,2469.3261450163377,14.42305301218002,144.72787677739262,1.4920399667772433
Bengkulu_2018,0.0,0.0,0.0,8.0,0.0,0.0,3.0,0.0,0.0,0.0,0.0,0.0,0.0,0.4973466555924145,2449.4322787926412,0.0,0.994693311184829,0.994693311184829
Bengkulu_2019,0.0,0.0,0.0,15.0,0.0,5.0,2.0,1.0,2.0,0.0,0.0,13.42835970099519,1.989386622369658,3.4814265891469014,29081.848339110846,7785.961893299249,1022.544723898004,51.72405218161111
Bengkulu_2020,0.0,0.0,0.0,20.0,2.0,0.0,7.0,1.0,8.0,0.0,0.0,5.968159867108973,0.0,0.0,11345.969254029751,0.0,258.6202609080555,20.391212879288993
Bengkulu_2021,0.0,3.0,0.0,9.0,1.0,0.0,1.0,0.0,3.0,0.0,0.0,0.994693311184829,0.0,0.0,1524.8648460463428,0.0,0.994693311184829,0.994693311184829
Bengkulu_2022,0.0,0.0,0.0,5.0,3.0,0.0,12.0,0.0,0.0,0.0,0.0,0.0,0.0,0.0,0.0,0.0,0.0,0.0
DI Yogyakarta_2002,0.0,0.0,0.0,0.0,0.0,0.0,0.0,0.0,0.0,0.0,0.0,0.0,0.0,0.0,0.0,0.0,0.0,0.0
DI Yogyakarta_2003,2.0,0.0,0.0,3.0,0.0,0.0,1.0,0.0,0.0,0.0,0.0,3.8160458732325915,0.0,0.8177241156926982,0.0,81.77241156926982,35.162136974786016,0.0
DI Yogyakarta_2004,7.0,0.0,0.0,3.0,0.0,0.0,0.0,0.0,1.0,0.0,0.0,0.0,0.0,0.0,0.0,0.0,2.7257470523089937,0.0
DI Yogyakarta_2005,4.0,0.0,0.0,2.0,0.0,0.0,1.0,0.0,0.0,0.0,0.0,0.0,0.0,0.0,0.0,27.25747052308994,4.08862057846349,0.0
DI Yogyakarta_2006,3.0,5.0,0.0,3.0,0.0,0.0,2.0,0.0,0.0,2.0,2.0,1285.1897351636908,0.0,5530.813343840179,0.0,385479.5093328216,55452.05288276371,1100.9292344276025
DI Yogyakarta_2007,6.0,0.0,0.0,1.0,0.0,0.0,0.0,1.0,2.0,0.0,0.0,2.1805976418471955,0.0,14.719034082468566,0.0,190.8022936616296,360.343760315249,1.3628735261544969
DI Yogyakarta_2008,5.0,0.0,0.0,3.0,0.0,0.0,0.0,0.0,1.0,0.0,0.0,1.3628735261544969,0.0,1.9080229366162957,0.0,0.0,0.0,0.0
DI Yogyakarta_2009,6.0,0.0,0.0,1.0,0.0,0.0,23.0,0.0,40.0,0.0,0.0,0.5451494104617989,0.0,0.27257470523089944,0.0,0.0,72.50487159141925,0.5451494104617989
DI Yogyakarta_2010,4.0,2.0,0.0,5.0,0.0,0.0,2.0,0.0,7.0,0.0,1.0,76.32091746465183,0.0,60.239009856028765,0.0,44353.62860987718,663.9919819424709,106.03156033481986
DI Yogyakarta_2011,3.0,0.0,0.0,9.0,0.0,0.0,4.0,0.0,8.0,0.0,0.0,1.0902988209235978,0.0,2.1805976418471955,0.0,1863.86583436889,56.422963982796176,4.906344694156189
DI Yogyakarta_2012,1.0,0.0,0.0,8.0,0.0,0.0,24.0,0.0,36.0,0.0,0.0,0.27257470523089944,0.0,8.722390567388782,0.0,207.15677597548353,1002.529765839248,2.9983217575398937
DI Yogyakarta_2013,2.0,0.0,0.0,9.0,0.0,0.0,13.0,5.0,9.0,0.0,1.0,1.0902988209235978,0.0,1.9080229366162957,61.056733971721464,419.21989664512324,68.96140042341754,24.259148765550044
DI Yogyakarta_2014,1.0,1.0,0.0,1.0,0.0,0.0,10.0,0.0,11.0,0.0,0.0,1.0902988209235978,0.0,1.0902988209235978,8.722390567388782,0.0,30.255792280629834,0.27257470523089944
DI Yogyakarta_2015,0.0,0.0,0.0,3.0,0.0,0.0,11.0,0.0,15.0,0.0,0.0,2.1805976418471955,0.27257470523089944,1.6354482313853964,41.97650460555851,6.814367630772485,43.339378131713005,2.7257470523089937
DI Yogyakarta_2016,0.0,0.0,0.0,5.0,0.0,0.0,12.0,2.0,19.0,0.0,0.0,1.0902988209235978,0.0,1.3628735261544969,646.8197755129243,30.80094169109163,33.526688743400626,53.42464222525628
DI Yogyakarta_2017,1.0,2.0,0.0,3.0,0.0,0.0,14.0,0.0,6.0,0.0,0.0,4.08862057846349,0.0,4.63376998892529,36330.39216140565,946.6519512669137,25.076872881242746,4.08862057846349
DI Yogyakarta_2018,3.0,0.0,0.0,4.0,0.0,1.0,12.0,6.0,90.0,0.0,8.0,1.0902988209235978,0.0,7.359517041234283,38669.083132286774,188.07654660932056,209.06479891209986,40.61363107940401
DI Yogyakarta_2019,2.0,0.0,0.0,6.0,0.0,0.0,6.0,0.0,16.0,0.0,1.0,1.6354482313853964,0.0,8.17724115692698,60959.42480195404,2163.152860712418,73.59517041234284,35.43471168001692
DI Yogyakarta_2020,0.0,0.0,0.0,6.0,0.0,0.0,8.0,1.0,23.0,0.0,1.0,0.27257470523089944,0.0,1.3628735261544969,371.24674852448493,62.147032792645064,94.58342271512208,8.99496527261968
DI Yogyakarta_2021,0.0,2.0,0.0,1.0,0.0,0.0,0.0,0.0,2.0,0.0,0.0,0.0,0.0,0.27257470523089944,363.8872314832507,0.0,4.63376998892529,0.27257470523089944
DI Yogyakarta_2022,0.0,0.0,0.0,0.0,0.0,0.0,0.0,0.0,0.0,0.0,0.0,0.0,0.0,0.0,0.0,0.0,0.0,0.0
DKI Jakarta_2002,0.0,0.0,0.0,1.0,0.0,0.0,0.0,0.0,0.0,0.0,0.0,0.0,0.0,463.639386454648,0.0,14606.013507935175,0.0,0.0
DKI Jakarta_2003,0.0,0.0,0.0,10.0,0.0,0.0,0.0,0.0,0.0,0.0,0.0,0.47339124612481925,0.0,329.38562905364927,16034.234897493754,1319.4360811990962,22.533423315541395,0.0
DKI Jakarta_2004,0.0,0.0,0.0,10.0,0.0,0.0,0.0,0.0,0.0,0.0,0.0,0.1893564984499277,0.0,0.0,1436.9317884872764,2526.2050458204853,0.0,0.0
DKI Jakarta_2005,0.0,0.0,0.0,4.0,0.0,0.0,0.0,0.0,0.0,0.0,0.0,0.0,0.0,0.0,0.0,1347.5555212189106,0.0,0.0
DKI Jakarta_2006,0.0,0.0,0.0,3.0,0.0,0.0,1.0,1.0,1.0,0.0,0.0,0.28403474767489156,0.0,0.5680694953497831,0.0,123.8391499862527,2.7456692275239516,0.0
DKI Jakarta_2007,0.0,0.0,0.0,7.0,0.0,0.0,0.0,2.0,0.0,0.0,0.0,4.544555962798265,0.0,61.63554024545147,1514.8519875994218,49883.03449090748,2363.3584571535475,47.62315936015682
DKI Jakarta_2008,0.0,0.0,0.0,20.0,0.0,0.0,0.0,3.0,1.0,0.0,0.0,0.7574259937997108,0.0,4.92326895969812,370.5706674665085,6248.953805346064,2.082921482949205,0.0
DKI Jakarta_2009,0.0,0.0,0.0,8.0,0.0,0.0,0.0,1.0,0.0,0.0,0.0,0.0,0.0,0.1893564984499277,2174.285993451295,416.8683313375158,0.0,0.09467824922496385
DKI Jakarta_2010,0.0,0.0,0.0,14.0,0.0,0.0,0.0,0.0,2.0,0.0,0.0,0.3787129968998554,0.0,22.722779813991323,2010.871335289007,857.4062249812727,6.8168339441973975,0.1893564984499277
DKI Jakarta_2011,0.0,0.0,0.0,8.0,0.0,0.0,0.0,0.0,1.0,0.0,0.0,0.0,0.0,0.0,0.0,132.36019241649947,21.68131907251672,0.0
DKI Jakarta_2012,0.0,0.0,0.0,8.0,0.0,0.0,0.0,0.0,3.0,0.0,0.0,0.1893564984499277,0.0,3.8818082182235183,2746.994723013101,415.0694446022415,53.11449781520472,1.23081723992453
DKI Jakarta_2013,0.0,0.0,0.0,34.0,0.0,0.0,1.0,0.0,2.0,0.0,0.0,3.8818082182235183,0.0,0.0,10034.663600606245,8264.55905309632,90.98579750519026,0.0
DKI Jakarta_2014,0.0,0.0,0.0,25.0,0.0,0.0,0.0,0.0,5.0,0.0,0.0,2.46163447984906,0.0,0.3787129968998554,28340.135018757654,9088.827890848856,5.680694953497831,0.0
DKI Jakarta_2015,0.0,0.0,0.0,11.0,0.0,0.0,0.0,0.0,0.0,0.0,0.0,0.0,0.0,0.0,7254.910203361305,1437.0264667365013,0.0,0.0
DKI Jakarta_2016,0.0,0.0,0.0,36.0,0.0,0.0,3.0,0.0,4.0,0.0,0.0,0.662747744574747,0.0,0.7574259937997108,16917.772319261116,339.9895929668452,23.953597053915853,0.47339124612481925
DKI Jakarta_2017,0.0,0.0,0.0,14.0,0.0,0.0,1.0,0.0,0.0,0.0,0.0,0.662747744574747,0.0,0.3787129968998554,1026.501578097058,878.8035093061145,0.09467824922496385,0.28403474767489156
DKI Jakarta_2018,0.0,1.0,0.0,16.0,0.0,0.0,8.0,0.0,10.0,0.0,0.0,0.1893564984499277,0.0,0.1893564984499277,700.4296877662825,2376.5187337958178,19.503719340342553,0.3787129968998554
DKI Jakarta_2019,0.0,0.0,0.0,2.0,0.0,0.0,2.0,0.0,3.0,0.0,0.0,0.28403474767489156,0.0,0.09467824922496385,7.290225190322217,213.78348674996838,0.1893564984499277,0.09467824922496385
DKI Jakarta_2020,0.0,0.0,0.0,58.0,1.0,0.0,0.0,0.0,1.0,0.0,0.0,1.988243233724241,0.0,0.47339124612481925,6539.237317469804,5283.425019749883,12.686885396145156,0.0
DKI Jakarta_2021,0.0,0.0,0.0,16.0,0.0,0.0,1.0,0.0,0.0,0.0,0.0,0.3787129968998554,0.09467824922496385,0.0,2922.622875325409,680.73661192749,0.0,0.0
DKI Jakarta_2022,0.0,0.0,0.0,0.0,0.0,0.0,0.0,0.0,0.0,0.0,0.0,0.0,0.0,0.0,0.0,0.0,0.0,0.0
Gorontalo_2002,0.0,0.0,0.0,1.0,0.0,0.0,0.0,0.0,0.0,0.0,0.0,3.413898492849163,0.0,0.0,0.0,13418.328026143634,173.255348512095,4.267373116061453
Gorontalo_2003,0.0,0.0,0.0,1.0,0.0,0.0,0.0,0.0,0.0,0.0,0.0,0.0,0.0,0.0,5428.098603630168,0.0,0.8534746232122907,0.0
Gorontalo_2004,3.0,0.0,0.0,2.0,0.0,0.0,0.0,0.0,0.0,0.0,0.0,0.0,0.0,0.0,0.0,1093.3009923349443,885.9066588943577,11.09517010175978
Gorontalo_2005,4.0,0.0,0.0,1.0,0.0,0.0,0.0,0.0,0.0,0.0,0.0,0.0,0.0,0.0,0.0,0.0,5.974322362486035,0.0
Gorontalo_2006,0.0,0.0,0.0,6.0,0.0,0.0,0.0,0.0,0.0,0.0,0.0,2.560423869636872,0.8534746232122907,4642.048475651649,27612.46448478724,0.0,0.8534746232122907,7.681271608910616
Gorontalo_2007,0.0,0.0,0.0,7.0,0.0,0.0,0.0,1.0,0.0,0.0,0.0,1.7069492464245815,0.0,3068.2412704481853,2104.668420841509,3258.566111424526,1160.7254875687154,67.42449523377097
Gorontalo_2008,0.0,0.0,0.0,13.0,0.0,0.0,0.0,0.0,0.0,0.0,0.0,0.0,0.0,2600.53717692785,0.0,40498.22434604641,191.17831559955312,23.89728944994414
Gorontalo_2009,1.0,0.0,0.0,5.0,0.0,0.0,1.0,0.0,0.0,0.0,0.0,0.8534746232122907,0.0,0.0,0.0,0.0,114.36559951044696,0.8534746232122907
Gorontalo_2010,3.0,0.0,0.0,17.0,0.0,0.0,0.0,0.0,0.0,0.0,0.0,2.560423869636872,1.7069492464245815,3.413898492849163,12147.504312180534,2641.50395884204,6902.049277917795,2.560423869636872
Gorontalo_2011,0.0,0.0,0.0,13.0,0.0,0.0,0.0,0.0,4.0,0.0,0.0,5.974322362486035,3.413898492849163,3.413898492849163,3218.4528041335484,863.7163186908382,871.3975902997488,28.164662566005592
Gorontalo_2012,0.0,0.0,0.0,16.0,0.0,0.0,0.0,0.0,1.0,0.0,0.0,0.8534746232122907,0.0,4.267373116061453,9131.324993748298,11466.431562857126,94.73568317656427,12.80211934818436
Gorontalo_2013,0.0,0.0,0.0,13.0,0.0,0.0,3.0,0.0,2.0,0.0,0.0,3.413898492849163,0.0,0.8534746232122907,37453.02689042495,4126.549803231426,199.71306183167601,9.388220855335197
Gorontalo_2014,0.0,0.0,0.0,6.0,0.0,0.0,1.0,0.0,1.0,0.0,0.0,3.413898492849163,0.0,0.8534746232122907,2010.7862122881568,1064.2828551457264,17.922967087458105,0.0
Gorontalo_2015,0.0,1.0,0.0,13.0,0.0,2.0,2.0,0.0,1.0,0.0,0.0,1.7069492464245815,0.0,0.0,12433.418310956651,792.0244503410058,4.267373116061453,3.413898492849163
Gorontalo_2016,0.0,0.0,0.0,9.0,0.0,0.0,0.0,0.0,2.0,0.0,0.0,4.267373116061453,0.0,0.0,571964.5534919488,2173.7998653217046,5.120847739273744,7.681271608910616
Gorontalo_2017,0.0,1.0,0.0,26.0,0.0,0.0,2.0,0.0,0.0,0.0,0.0,0.8534746232122907,0.0,0.0,67460.34116794588,4327.969814309527,296.15569425466487,24.750764073156432
Gorontalo_2018,0.0,0.0,0.0,14.0,0.0,0.0,2.0,0.0,1.0,0.0,0.0,3.413898492849163,0.8534746232122907,0.0,16874.046775530198,1019.0487001154752,9.388220855335197,5.974322362486035
Gorontalo_2019,0.0,0.0,0.0,3.0,0.0,1.0,0.0,0.0,2.0,0.0,0.0,0.0,0.0,1.7069492464245815,4951.006289254498,0.0,6.827796985698326,3.413898492849163
Gorontalo_2020,0.0,0.0,0.0,23.0,0.0,0.0,0.0,0.0,2.0,0.0,0.0,3.413898492849163,0.8534746232122907,4.267373116061453,82789.59887546183,21876.261542177435,1607.9461901319555,32.432035682067045
Gorontalo_2021,0.0,0.0,0.0,6.0,0.0,0.0,1.0,0.0,0.0,0.0,0.0,0.0,0.0,0.8534746232122907,5097.803924447013,157.89280529427378,10.241695478547488,2.560423869636872
Gorontalo_2022,0.0,0.0,0.0,0.0,0.0,0.0,0.0,0.0,0.0,0.0,0.0,0.0,0.0,0.0,0.0,0.0,0.0,0.0
Jambi_2002,0.0,0.0,0.0,3.0,0.0,0.0,0.0,0.0,0.0,0.0,0.0,0.28183081808722554,0.0,1.9728157266105786,0.0,1755.8059966834148,1.6909849085233533,4.509293089395609
Jambi_2003,1.0,0.0,0.0,15.0,0.0,3.0,1.0,0.0,1.0,0.0,0.0,5.918447179831736,2.8183081808722554,97.23163224009281,11657.086297723821,22118.082603485458,1389.9895948061962,93.28600078687164
Jambi_2004,6.0,0.0,0.0,10.0,0.0,1.0,0.0,0.0,0.0,0.0,0.0,0.0,0.0,0.0,0.0,0.0,136.68794677230437,15.218864176710177
Jambi_2005,0.0,0.0,0.0,0.0,0.0,0.0,0.0,0.0,0.0,0.0,0.0,0.0,0.0,0.0,0.0,0.0,0.0,0.0
Jambi_2006,4.0,0.0,0.0,9.0,0.0,0.0,0.0,0.0,0.0,0.0,0.0,0.0,0.0,0.0,0.0,0.0,0.0,0.0
Jambi_2007,1.0,1.0,0.0,17.0,0.0,0.0,1.0,0.0,1.0,0.0,0.0,0.8454924542616766,0.0,0.28183081808722554,4025.3895747398424,0.0,31.565051625769257,10.709571087314568
Jambi_2008,3.0,0.0,0.0,11.0,0.0,7.0,0.0,0.0,0.0,0.0,0.0,0.0,0.0,0.0,0.0,0.0,0.0,0.0
Jambi_2009,9.0,1.0,0.0,15.0,0.0,0.0,0.0,0.0,3.0,0.0,0.0,0.8454924542616766,0.0,7.327601270267864,1981.83431278937,0.0,515.4685662815355,15.500694994797403
Jambi_2010,2.0,0.0,0.0,27.0,0.0,0.0,2.0,0.0,2.0,0.0,0.0,0.5636616361744511,0.0,147.67934867770617,1495.6761515889057,1499.3399522240397,354.82499997181696,11.836894359663471
Jambi_2011,14.0,0.0,0.0,12.0,0.0,1.0,0.0,0.0,6.0,0.0,0.0,0.0,0.0,0.0,0.0,9.582247814965667,151.90681094901456,1.4091540904361277
Jambi_2012,14.0,0.0,0.0,21.0,0.0,7.0,2.0,0.0,13.0,0.0,0.0,0.8454924542616766,0.0,3.1001389989594808,0.0,67.63939634093411,474.884928476975,18.600833993756883
Jambi_2013,0.0,0.0,0.0,18.0,0.0,0.0,5.0,0.0,7.0,0.0,0.0,3.3819698170467065,0.28183081808722554,2.5364773627850297,4180.678355505904,328.33290307161775,529.841938003984,5.072954725570059
Jambi_2014,0.0,0.0,0.0,17.0,0.0,29.0,3.0,0.0,11.0,0.0,0.0,0.8454924542616766,0.0,0.28183081808722554,22149.92948592931,0.0,100.6136020571395,36.63800635133932
Jambi_2015,0.0,0.0,0.0,9.0,0.0,1.0,2.0,0.0,2.0,0.0,0.0,0.8454924542616766,0.0,0.0,9.864078633052893,42.27462271308382,52.984193800398394,9.864078633052893
Jambi_2016,0.0,1.0,0.0,24.0,0.0,1.0,5.0,0.0,6.0,0.0,1.0,0.5636616361744511,4.509293089395609,1.1273232723489022,16777.388600732535,8.454924542616764,99.76810960287784,25.64660444593752
Jambi_2017,0.0,0.0,0.0,18.0,0.0,2.0,3.0,0.0,6.0,0.0,0.0,0.5636616361744511,0.0,0.5636616361744511,22341.856273046713,114.14148132532634,29.310405081071455,29.02857426298423
Jambi_2018,0.0,0.0,0.0,7.0,0.0,11.0,4.0,0.0,6.0,0.0,0.0,1.1273232723489022,1.9728157266105786,0.5636616361744511,34680.97315054163,5.636616361744511,32.41054408003094,4.791123907482834
Jambi_2019,0.0,0.0,0.0,12.0,0.0,10.0,2.0,0.0,4.0,0.0,0.0,0.28183081808722554,0.0,0.28183081808722554,4893.992156084671,133.86963859143214,22.82829626506527,2.2546465446978043
Jambi_2020,0.0,0.0,0.0,36.0,3.0,57.0,1.0,0.0,7.0,0.0,0.0,0.28183081808722554,0.0,0.0,18554.895570408666,72.14868943032974,815.0547259082562,0.8454924542616766
Jambi_2021,0.0,0.0,0.0,3.0,0.0,0.0,0.0,0.0,2.0,0.0,0.0,0.0,0.0,0.0,4.791123907482834,0.0,1.6909849085233533,0.0
Jambi_2022,0.0,0.0,0.0,2.0,0.0,1.0,1.0,0.0,0.0,0.0,2.0,0.28183081808722554,0.0,0.28183081808722554,198.97255756958123,7.327601270267864,0.5636616361744511,0.28183081808722554
Jawa Barat_2002,0.0,0.0,0.0,6.0,0.0,0.0,26.0,0.0,4.0,0.0,1.0,0.4143003041668543,0.0,318.36906873701923,0.0,324.3764231474386,65.06586276940446,0.22786516729176987
Jawa Barat_2003,27.0,1.0,0.0,28.0,0.0,3.0,37.0,0.0,14.0,0.0,0.0,3.4594075397932333,0.7457405475003377,2.5893769010428396,59.32780355669354,805.6690864980732,184.40506538466684,22.475791501051845
Jawa Barat_2004,56.0,0.0,0.0,32.0,0.0,0.0,24.0,0.0,6.0,0.0,0.0,1.1186108212505066,0.08286006083337086,0.9321756843754222,3340.83479274068,157.51697564423802,31.383248040639216,1.3879060189589618
Jawa Barat_2005,0.0,0.0,0.0,0.0,0.0,0.0,0.0,0.0,0.0,0.0,0.0,0.0,0.0,0.0,0.0,0.0,0.0,0.0
Jawa Barat_2006,48.0,3.0,0.0,44.0,0.0,0.0,32.0,1.0,16.0,3.0,0.0,10.958243045213296,0.35215525854182617,89.44743566962384,3855.1057603029963,390.16731144913507,103.16077573754671,3.728702737501689
Jawa Barat_2007,48.0,4.0,0.0,42.0,0.0,0.0,42.0,6.0,19.0,0.0,0.0,0.870030638750394,0.1242900912500563,174.2961379629956,672.5958287996796,9480.392430219712,142.85074487673137,4.433013254585341
Jawa Barat_2008,63.0,0.0,0.0,29.0,0.0,0.0,13.0,1.0,12.0,0.0,0.0,0.5385903954169106,0.04143003041668543,246.86083623782014,3715.7144229660576,109.43742534567457,14.148355387298075,1.3464759885422766
Jawa Barat_2009,9.0,15.0,0.0,42.0,0.0,0.0,18.0,0.0,16.0,0.0,0.0,2.0715015208342717,0.870030638750394,28.959591261263117,4519.7055932322555,4421.537136159919,5093.304364351266,259.95272584949277
Jawa Barat_2010,0.0,4.0,0.0,187.0,0.0,0.0,104.0,0.0,63.0,0.0,0.0,2.237221642501013,0.33144024333348343,527.3421421587805,3145.5957744020498,3738.894524984193,216.7204891096815,3.2315423725014636
Jawa Barat_2011,36.0,1.0,0.0,45.0,0.0,0.0,53.0,0.0,52.0,0.0,0.0,1.740061277500788,0.290010212916798,0.8907456539587368,856.8144590474714,210.7545647296788,213.426801691555,3.645842676668318
Jawa Barat_2012,26.0,3.0,0.0,46.0,0.0,0.0,67.0,3.0,95.0,0.0,0.0,0.8286006083337086,0.10357507604171358,1.1807558668755347,1675.3475699899254,302.06635176805344,188.73450356321047,3.1693973268764357
Jawa Barat_2013,11.0,3.0,0.0,94.0,0.0,0.0,99.0,0.0,70.0,0.0,1.0,1.4293360493756473,0.1242900912500563,1.6572012166674173,43013.03044887656,392.4459631220528,162.30214415736518,5.4273339845857915
Jawa Barat_2014,0.0,5.0,0.0,124.0,0.0,1.0,271.0,0.0,152.0,0.0,0.0,1.9886414600009008,0.16572012166674172,3.790847783126717,6966.687479732947,5080.730350119801,208.7659232696779,8.513871250628856
Jawa Barat_2015,0.0,0.0,0.0,36.0,0.0,4.0,107.0,0.0,69.0,0.0,1.0,1.2221858972922202,0.2485801825001126,1.6364862014590744,679.6182189553077,365.6821634728739,71.50823249919905,1.5743411558340465
Jawa Barat_2016,0.0,1.0,0.0,117.0,0.0,0.0,125.0,1.0,62.0,0.0,0.0,1.6157711862507318,0.47644534979188247,1.7814913079174737,3088.670912609524,1805.3550054374844,199.29916131946527,13.174749672505968
Jawa Barat_2017,5.0,11.0,0.0,77.0,0.0,5.0,125.0,2.0,103.0,0.0,0.0,0.6421654714586241,0.06214504562502815,2.1543615816676422,4061.4687418085064,292.185289513674,178.25270586778908,9.591052041462676
Jawa Barat_2018,29.0,5.0,0.0,79.0,0.0,12.0,139.0,3.0,119.0,0.0,0.0,1.3257609733339337,0.04143003041668543,1.9057813991675299,50260.364954652134,522.0183832502364,310.1866377297238,9.135321706879138
Jawa Barat_2019,20.0,13.0,0.0,110.0,0.0,70.0,250.0,2.0,252.0,0.0,1.0,0.5593054106252533,0.0,1.5536261406257037,24384.90801766792,310.0623476384738,211.976750626971,4.743738482710482
Jawa Barat_2020,5.0,11.0,0.0,217.0,17.0,13.0,407.0,1.0,452.0,0.0,0.0,1.3464759885422766,0.020715015208342714,2.630806931459525,29041.18770616878,8973.392432995523,230.33025410156264,15.03910104125681
Jawa Barat_2021,2.0,2.0,0.0,120.0,8.0,0.0,268.0,0.0,185.0,0.0,0.0,1.1807558668755347,0.06214504562502815,7.208825292503265,28909.93736980872,2930.2839063265355,50.25462689543943,2.3407967185427268
Jawa Barat_2022,3.0,4.0,0.0,38.0,0.0,3.0,77.0,0.0,88.0,0.0,1.0,1.305045958125591,0.5385903954169106,1.7814913079174737,519.9468817294021,122.52931495734717,60.63284951481913,0.8907456539587368
Jawa Tengah_2002,0.0,0.0,0.0,26.0,0.0,0.0,16.0,0.0,13.0,0.0,0.0,1.287105787909339,0.0,7.421397202626189,0.0,1071.2554087539897,50.11497003987426,0.2190818362398875
Jawa Tengah_2003,20.0,0.0,0.0,38.0,0.0,0.0,20.0,3.0,9.0,0.0,0.0,0.7120159677796344,0.0,1.5061876241492265,1453.142434549644,925.1825944410449,537.9554488870438,0.32862275435983124
Jawa Tengah_2004,67.0,0.0,0.0,41.0,0.0,0.0,17.0,2.0,15.0,0.0,0.0,1.6431137717991562,0.08215568858995781,0.6572455087196625,143.77245503242617,1314.5457878983848,40.63968062249913,0.7120159677796344
Jawa Tengah_2005,0.0,0.0,0.0,0.0,0.0,0.0,0.0,0.0,0.0,0.0,0.0,0.0,0.0,0.0,0.0,0.0,0.0,0.0
Jawa Tengah_2006,44.0,9.0,0.0,53.0,0.0,0.0,21.0,1.0,9.0,4.0,6.0,36.55928142253123,1.780039919449086,511.82993991543714,916.6931732867492,22014.493085024154,2779.7651086707524,57.07081834049069
Jawa Tengah_2007,45.0,0.0,0.0,38.0,0.0,0.0,20.0,2.0,12.0,0.0,0.0,2.9028343301785093,0.054770459059971875,3.1219161664183965,0.0,659.1350895572315,491.48271437465763,11.85780438648391
Jawa Tengah_2008,53.0,0.0,0.0,33.0,0.0,0.0,21.0,0.0,20.0,0.0,0.0,0.87632734495955,0.054770459059971875,182.96071848983604,213.16662666141053,199.9669460279573,69.80495007193416,1.4514171650892547
Jawa Tengah_2009,8.0,1.0,0.0,84.0,0.0,0.0,120.0,1.0,111.0,0.0,0.0,1.1775648697893952,0.027385229529985938,17.85516965355083,873.2601992521916,429.2360876529996,336.7835527597671,5.285349299287286
Jawa Tengah_2010,0.0,2.0,0.0,160.0,0.0,0.0,152.0,0.0,138.0,0.0,4.0,4.381636724797749,0.027385229529985938,8.02387225228588,25.523033921946894,7889.958479884248,259.5298202556767,2.053892214748945
Jawa Tengah_2011,19.0,1.0,0.0,142.0,0.0,4.0,174.0,1.0,126.0,0.0,1.0,2.0265069852189592,1.0132534926094796,5.99736526706692,274.94770448105885,288.72247493464175,188.98546898643295,7.6952494979260475
Jawa Tengah_2012,63.0,0.0,0.0,80.0,0.0,0.0,81.0,2.0,118.0,0.0,0.0,1.0406387221394655,0.16431137717991562,1.4514171650892547,290.28343301785094,728.4744907271559,184.79552886834512,2.4372854281687486
Jawa Tengah_2013,12.0,2.0,0.0,52.0,0.0,1.0,50.0,4.0,66.0,0.0,1.0,0.9037125744895359,0.3560079838898172,1.0406387221394655,6160.827702131406,725.5442711674474,150.89261471022252,3.2588423140683265
Jawa Tengah_2014,3.0,4.0,0.0,75.0,0.0,1.0,139.0,0.0,120.0,0.0,2.0,4.491177642917694,0.3012375248298453,2.1908183623988746,4552.465786605801,4700.346026067727,332.86746493697905,7.832175645575977
Jawa Tengah_2015,2.0,1.0,0.0,59.0,0.0,10.0,167.0,0.0,151.0,0.0,0.0,0.49293413153974686,0.027385229529985938,1.3418762469693108,882.4068659152068,128.49149695469401,93.63009976302192,2.7659081825285794
Jawa Tengah_2016,0.0,0.0,0.0,136.0,0.0,1.0,250.0,2.0,211.0,0.0,0.0,3.450538920778228,0.6846307382496485,2.7111377234686076,2993.7259069885326,348.83305375296084,182.02962068581652,6.0795209556568786
Jawa Tengah_2017,3.0,9.0,0.0,192.0,0.0,1.0,489.0,0.0,386.0,0.0,1.0,1.5335728536792124,0.08215568858995781,4.2994810362077915,3985.043830744494,533.3821155555361,224.5041116868247,5.8604391194169905
Jawa Tengah_2018,30.0,1.0,0.0,85.0,0.0,70.0,161.0,5.0,244.0,0.0,8.0,1.1227944107294234,0.16431137717991562,4.628103790567623,51296.28668610927,405.6026345686217,116.33245504338025,7.202315366386301
Jawa Tengah_2019,29.0,2.0,0.0,117.0,0.0,76.0,290.0,3.0,424.0,0.0,0.0,0.87632734495955,0.08215568858995781,3.7791616751380595,13823.214924621472,233.70554880889998,310.9592813129903,9.530059876435105
Jawa Tengah_2020,7.0,1.0,0.0,263.0,0.0,19.0,462.0,7.0,306.0,0.0,8.0,0.9858682630794937,0.054770459059971875,2.1908183623988746,9117.556164024927,1082.3190414841042,126.82099795336487,7.092774448266358
Jawa Tengah_2021,10.0,3.0,0.0,282.0,0.0,40.0,561.0,9.0,212.0,0.0,0.0,3.23145708453834,0.0,1.5883433127391844,30491.974279244718,366.6060677179217,120.19377240710828,9.584830335495077
Jawa Tengah_2022,25.0,0.0,0.0,211.0,7.0,24.0,599.0,5.0,316.0,0.0,0.0,0.10954091811994375,0.0,0.438163672479775,50.71744508953396,53.59289419018248,65.53285426525635,7.667864268396062
Jawa Timur_2002,0.0,0.0,0.0,6.0,0.0,0.0,3.0,0.0,0.0,0.0,0.0,2.2131675798687915,0.31967976153660327,0.31967976153660327,0.0,0.0,4.2787906544129966,0.0
Jawa Timur_2003,5.0,1.0,0.0,12.0,0.0,1.0,1.0,0.0,1.0,0.0,1.0,0.19672600709944812,0.024590750887431016,0.5655872704109134,86.06762810600856,37.57466735599459,16.180714083929608,0.19672600709944812
Jawa Timur_2004,45.0,0.0,0.0,44.0,0.0,0.0,4.0,0.0,10.0,0.0,1.0,1.155765291709258,0.04918150177486203,3.5410681277900666,3449.8856234994723,294.22833436811214,189.81600610008005,5.4099651952348236
Jawa Timur_2005,0.0,0.0,0.0,0.0,0.0,0.0,0.0,0.0,0.0,0.0,0.0,0.0,0.0,0.0,0.0,0.0,0.0,0.0
Jawa Timur_2006,15.0,1.0,0.0,43.0,0.0,0.0,1.0,0.0,9.0,0.0,1.0,2.926299355604291,0.12295375443715509,41.21409848733438,1327.5316866579635,310.9254542206778,57.51776632570115,3.4672958751277734
Jawa Timur_2007,27.0,1.0,0.0,47.0,0.0,0.0,8.0,3.0,18.0,0.0,2.0,1.0328115372721027,0.07377225266229306,1.1311745408218268,9.836300354972407,1457.985620115785,123.78983996732775,18.885696681547024
Jawa Timur_2008,27.0,0.0,0.0,42.0,0.0,0.0,9.0,0.0,21.0,0.0,1.0,0.7869040283977925,0.46722426686118934,645.0645772790905,645.0153957773156,1015.6963746544509,316.4829639212372,22.869398325310847
Jawa Timur_2009,9.0,0.0,0.0,64.0,0.0,0.0,9.0,0.0,14.0,0.0,0.0,0.5409965195234824,0.07377225266229306,0.46722426686118934,8388.495305724018,1275.7435652890338,65.36221585879164,27.51705024303531
Jawa Timur_2010,0.0,0.0,0.0,161.0,0.0,0.0,58.0,0.0,71.0,0.0,0.0,1.5246265550207232,0.12295375443715509,58.79648537184756,265.8260170931293,197.4883203769585,91.28086729414395,4.10665539820098
Jawa Timur_2011,26.0,2.0,0.0,100.0,0.0,0.0,45.0,3.0,103.0,0.0,0.0,0.7131317757354996,0.04918150177486203,1.5983988076830162,769.9364102854652,95.16620593435805,177.8157196670137,6.27064147629491
Jawa Timur_2012,61.0,0.0,0.0,44.0,0.0,2.0,12.0,1.0,47.0,0.0,0.0,0.22131675798687916,0.0,0.19672600709944812,5942.625450207468,12.295375443715509,82.74787673620537,0.7377225266229305
Jawa Timur_2013,16.0,3.0,0.0,117.0,0.0,0.0,28.0,4.0,68.0,0.0,0.0,0.9590392846098098,0.024590750887431016,1.2049467934841198,7212.0491925184315,369.5498043363133,226.67754168033912,13.328186980987612
Jawa Timur_2014,1.0,2.0,0.0,76.0,0.0,8.0,55.0,2.0,91.0,1.0,6.0,0.9836300354972407,0.09836300354972406,35.68117953766241,3379.9987094773933,2398.1883895458227,536.6193658655196,9.41825758988608
Jawa Timur_2015,2.0,3.0,0.0,87.0,0.0,13.0,61.0,1.0,133.0,0.0,5.0,0.6639502739606374,0.07377225266229306,1.180356042596689,7165.695627095623,44.386305351812986,127.03581908446863,2.0902138254316367
Jawa Timur_2016,0.0,3.0,0.0,148.0,0.0,7.0,108.0,7.0,134.0,0.0,0.0,0.49181501774862035,0.07377225266229306,1.180356042596689,8058.487428814695,499.70864878348567,108.7648911751074,5.5083281987845485
Jawa Timur_2017,1.0,0.0,0.0,130.0,0.0,46.0,123.0,0.0,134.0,0.0,0.0,1.6475803094578783,0.9344485337223787,2.827936352054567,6643.830711762563,1094.435958996005,395.61600027699023,12.221603191053216
Jawa Timur_2018,20.0,5.0,0.0,87.0,0.0,110.0,99.0,7.0,145.0,0.0,0.0,0.9098577828349477,0.09836300354972406,2.975480857379153,15235.224303058774,74.48538443802856,105.32218605086705,5.680463454996565
Jawa Timur_2019,26.0,4.0,0.0,99.0,0.0,181.0,46.0,1.0,267.0,0.0,0.0,0.44263351597375833,0.0,1.155765291709258,14297.67733472458,53.8291536925865,210.79191660705868,7.377225266229305
Jawa Timur_2020,2.0,0.0,0.0,136.0,4.0,13.0,19.0,0.0,82.0,0.0,1.0,0.31967976153660327,0.04918150177486203,0.7377225266229305,7581.402270847645,47.8044197251659,55.84559526535585,4.327972156187859
Jawa Timur_2021,2.0,26.0,0.0,125.0,4.0,5.0,45.0,19.0,87.0,0.0,1.0,1.8934878183321884,0.04918150177486203,8.237901547289392,7215.909940407758,257.5881155458399,482.20003415163484,15.098721044882645
Jawa Timur_2022,14.0,1.0,0.0,66.0,0.0,14.0,29.0,10.0,78.0,0.0,0.0,0.04918150177486203,0.0,0.2704982597617412,587.4976294516146,31.746659395673444,5.9755524656457375,1.0082207863846717
Kalimantan Barat_2002,0.0,0.0,0.0,2.0,0.0,1.0,0.0,0.0,0.0,0.0,0.0,2.955088200148124,0.0,116.91067691836014,312.13119114064557,82909.61678046835,44.326323002221855,0.3693860250185155
Kalimantan Barat_2003,0.0,0.0,0.0,14.0,0.0,1.0,0.0,0.0,0.0,0.0,0.0,7.941799537898083,1.1081580750555464,1418.072950046081,996.9728815249733,23324.51116376914,542.0739917146715,0.0
Kalimantan Barat_2004,4.0,0.0,0.0,14.0,0.0,3.0,0.0,0.0,1.0,0.0,0.0,0.0,0.0,0.738772050037031,7012.608991964006,1179.634270896629,626.4786984314022,1.6622371125833197
Kalimantan Barat_2005,2.0,0.0,0.0,4.0,0.0,0.0,0.0,0.0,3.0,0.0,0.0,0.18469301250925774,0.0,0.0,111.55457955559167,51.529350490082905,20.68561740103687,3.6938602501851547
Kalimantan Barat_2006,3.0,0.0,0.0,5.0,0.0,0.0,0.0,1.0,0.0,0.0,0.0,0.0,0.0,3.3244742251666395,0.0,0.0,0.0,0.0
Kalimantan Barat_2007,0.0,0.0,0.0,9.0,0.0,0.0,0.0,0.0,0.0,0.0,0.0,0.0,0.0,11.45096677557398,7133.028836120044,0.0,1.8469301250925774,9.04995761295363
Kalimantan Barat_2008,1.0,0.0,0.0,13.0,0.0,0.0,0.0,0.0,1.0,0.0,0.0,0.3693860250185155,0.18469301250925774,1.1081580750555464,0.0,4284.87789021478,4.986711337749958,47.28141120236998
Kalimantan Barat_2009,1.0,0.0,0.0,17.0,0.0,0.0,0.0,0.0,0.0,0.0,0.0,0.18469301250925774,0.0,0.0,6438.398416072725,1040.1910464521397,0.0,0.0
Kalimantan Barat_2010,1.0,0.0,0.0,15.0,0.0,0.0,1.0,0.0,7.0,0.0,0.0,0.3693860250185155,0.0,0.0,0.0,7426.136646972235,81.44961851658266,65.56601944078649
Kalimantan Barat_2011,0.0,0.0,0.0,3.0,0.0,8.0,0.0,0.0,4.0,0.0,0.0,0.18469301250925774,0.0,0.5540790375277732,0.0,0.0,59.655843040490254,2.0316231376018354
Kalimantan Barat_2012,0.0,0.0,0.0,6.0,0.0,1.0,0.0,0.0,1.0,0.0,0.0,0.0,0.0,0.0,321.735227791127,415.0051991083021,6.0948694128055045,1.6622371125833197
Kalimantan Barat_2013,0.0,0.0,0.0,8.0,0.0,0.0,0.0,0.0,1.0,0.0,0.0,0.18469301250925774,0.18469301250925774,0.0,9969.913508262242,880.2468976191224,62.0568522031106,1.6622371125833197
Kalimantan Barat_2014,0.0,0.0,0.0,3.0,0.0,4.0,3.0,0.0,5.0,0.0,0.0,4.247939287712928,0.18469301250925774,0.0,0.0,29.550882001481238,22.717240538638702,0.0
Kalimantan Barat_2015,0.0,0.0,0.0,9.0,0.0,1.0,2.0,0.0,7.0,0.0,0.0,1.8469301250925774,0.0,0.3693860250185155,994.2024863373343,332.26272950415466,44.51101601473111,1.8469301250925774
Kalimantan Barat_2016,0.0,0.0,0.0,16.0,0.0,0.0,0.0,1.0,5.0,0.0,0.0,0.18469301250925774,0.0,0.0,9404.383503958894,158.28191172043387,45.80386710229592,5.910176400296248
Kalimantan Barat_2017,0.0,0.0,0.0,16.0,0.0,3.0,1.0,0.0,7.0,0.0,0.0,0.18469301250925774,0.0,0.3693860250185155,5117.104604581495,453.2366526977185,9.419343637972146,1.8469301250925774
Kalimantan Barat_2018,0.0,0.0,0.0,49.0,0.0,44.0,12.0,0.0,26.0,0.0,0.0,1.1081580750555464,0.18469301250925774,0.18469301250925774,6419.375035784271,261.8946917381275,145.72278686980437,8.680571587935113
Kalimantan Barat_2019,0.0,0.0,0.0,19.0,0.0,15.0,2.0,0.0,7.0,0.0,0.0,0.738772050037031,0.0,0.0,5174.544131471874,687.2426995469481,43.21816492716631,7.018334475351794
Kalimantan Barat_2020,0.0,0.0,0.0,50.0,4.0,6.0,4.0,1.0,18.0,0.0,0.0,0.9234650625462887,0.0,0.5540790375277732,50401.9843417264,20879.17567814657,225.51016827380369,10.342808700518434
Kalimantan Barat_2021,0.0,0.0,0.0,55.0,4.0,16.0,15.0,1.0,13.0,0.0,0.0,0.18469301250925774,0.18469301250925774,0.9234650625462887,23007.39326129075,2201.540709110352,25.857021751296084,9.604036650481403
Kalimantan Barat_2022,0.0,0.0,0.0,2.0,0.0,1.0,0.0,0.0,0.0,0.0,0.0,0.0,0.0,0.0,35.461058401777485,0.0,35.461058401777485,1.2928510875648043
Kalimantan Selatan_2002,0.0,0.0,0.0,0.0,0.0,1.0,0.0,0.0,0.0,0.0,0.0,0.0,0.0,0.0,0.0,0.0,0.0,0.0
Kalimantan Selatan_2003,1.0,0.0,0.0,1.0,0.0,2.0,0.0,0.0,1.0,0.0,0.0,0.24548407495708938,0.0,0.0,0.0,6.137101873927235,1.227420374785447,0.24548407495708938
Kalimantan Selatan_2004,7.0,0.0,0.0,21.0,0.0,1.0,0.0,0.0,1.0,0.0,0.0,2.2093566746138045,0.0,0.0,88238.023322951,27658.199757265345,1940.3061284608345,58.42520983978727
Kalimantan Selatan_2005,16.0,0.0,0.0,24.0,0.0,0.0,0.0,0.0,0.0,0.0,0.0,0.0,0.0,0.0,0.0,13568.395791028244,2.454840749570894,0.49096814991417875
Kalimantan Selatan_2006,1.0,0.0,0.0,35.0,0.0,0.0,0.0,0.0,2.0,0.0,0.0,2.454840749570894,0.24548407495708938,7.85549039862686,3199.88491706566,0.0,14.483560422468274,13.747108197597006
Kalimantan Selatan_2007,11.0,0.0,0.0,13.0,0.0,0.0,0.0,0.0,1.0,0.0,0.0,1.963872599656715,0.24548407495708938,2.7003248245279834,18876.497943825387,11383.587523910148,207.9250114886547,16.44743302212499
Kalimantan Selatan_2008,0.0,0.0,0.0,37.0,0.0,0.0,4.0,0.0,15.0,0.0,0.0,2.2093566746138045,0.0,6.137101873927235,1104267.396965424,1036.9247326187453,82.48264918558203,49.587783141332054
Kalimantan Selatan_2009,4.0,0.0,0.0,8.0,0.0,1.0,1.0,0.0,9.0,0.0,0.0,0.0,0.0,0.0,1050876.8200189318,49.34229906637496,79.53684028609696,3.1912929744421623
Kalimantan Selatan_2010,0.0,0.0,0.0,43.0,0.0,0.0,0.0,0.0,3.0,0.0,0.0,6.873554098798503,2.7003248245279834,87.883298834638,41818.948621165044,879.0784724213371,33.876802344078335,0.49096814991417875
Kalimantan Selatan_2011,3.0,0.0,0.0,8.0,0.0,1.0,2.0,2.0,16.0,0.0,0.0,0.9819362998283575,0.0,4.418713349227609,19229.74952768864,8656.01396706193,143.60818384989727,11.292267448026113
Kalimantan Selatan_2012,3.0,0.0,0.0,16.0,0.0,16.0,2.0,4.0,25.0,0.0,0.0,2.2093566746138045,0.0,5.6461337240130565,16604.29734602257,595.7898499208559,298.2631510728636,36.57712716860632
Kalimantan Selatan_2013,0.0,0.0,0.0,18.0,0.0,20.0,3.0,0.0,32.0,0.0,0.0,0.9819362998283575,0.0,1.7183885246996258,26989.255653007276,145.32657237459694,368.47159651059116,10.064847073240665
Kalimantan Selatan_2014,0.0,0.0,0.0,7.0,0.0,0.0,1.0,0.0,5.0,0.0,0.0,0.49096814991417875,0.0,0.0,8387.208904983916,152.20012647339541,29.212604919893636,1.963872599656715
Kalimantan Selatan_2015,0.0,0.0,0.0,3.0,0.0,0.0,1.0,0.0,8.0,0.0,0.0,0.0,0.0,0.49096814991417875,8969.251646707175,0.0,97.94814590787867,5.6461337240130565
Kalimantan Selatan_2016,0.0,0.0,0.0,13.0,0.0,1.0,0.0,1.0,6.0,0.0,0.0,0.7364522248712682,0.0,1.4729044497425363,7080.742658062286,71.19038173755592,113.65912670513238,3.1912929744421623
Kalimantan Selatan_2017,0.0,0.0,0.0,35.0,0.0,11.0,6.0,0.0,11.0,0.0,0.0,0.0,0.0,0.49096814991417875,10872.489679849488,264.38634872878526,80.7642606608824,14.483560422468274
Kalimantan Selatan_2018,0.0,0.0,0.0,15.0,0.0,53.0,6.0,0.0,26.0,0.0,0.0,0.0,0.0,0.9819362998283575,4715.258111775773,46.15100609193281,57.443273539958916,2.454840749570894
Kalimantan Selatan_2019,2.0,0.0,0.0,20.0,0.0,65.0,10.0,2.0,59.0,0.0,0.0,4.418713349227609,0.49096814991417875,2.7003248245279834,6740.010762021846,298.5086351478207,125.44236230307268,3.4367770493992515
Kalimantan Selatan_2020,0.0,0.0,0.0,64.0,1.0,86.0,4.0,1.0,42.0,0.0,0.0,0.0,0.0,1.227420374785447,36571.48103488231,71.6813498874701,51.0606875910746,5.155165574098877
Kalimantan Selatan_2021,0.0,0.0,0.0,41.0,1.0,28.0,5.0,0.0,11.0,0.0,0.0,10.801299298111934,0.24548407495708938,215.0440496624103,194207.1158959776,46852.35409408521,5247.222102207786,360.12513796205013
Kalimantan Selatan_2022,0.0,0.0,0.0,5.0,0.0,1.0,1.0,0.0,1.0,0.0,0.0,0.0,0.0,0.0,702.5754225271897,123.23300562845887,0.24548407495708938,0.0
Kalimantan Tengah_2002,0.0,0.0,0.0,1.0,0.0,1.0,0.0,0.0,0.0,0.0,0.0,0.0,0.0,0.0,0.0,33451.32471575512,0.0,0.37453618375344433
Kalimantan Tengah_2003,0.0,0.0,0.0,3.0,0.0,6.0,0.0,0.0,0.0,0.0,0.0,0.0,0.0,0.0,0.0,771.5445385320953,374.53618375344433,0.0
Kalimantan Tengah_2004,0.0,0.0,0.0,8.0,0.0,1.0,0.0,0.0,0.0,0.0,0.0,0.0,0.0,0.0,2609.019056026493,0.0,0.0,0.0
Kalimantan Tengah_2005,1.0,0.0,0.0,17.0,0.0,0.0,0.0,0.0,0.0,0.0,0.0,0.0,0.0,0.0,4134.879468638025,0.0,0.0,7.490723675068886
Kalimantan Tengah_2006,2.0,0.0,0.0,5.0,0.0,0.0,0.0,0.0,0.0,0.0,0.0,0.7490723675068887,0.0,0.0,0.0,1722.8664452658438,0.0,12.734230247617107
Kalimantan Tengah_2007,0.0,0.0,0.0,4.0,0.0,0.0,0.0,0.0,1.0,0.0,0.0,1.1236085512603329,0.0,0.0,0.0,0.0,10.48701314509644,9.737940777589552
Kalimantan Tengah_2008,0.0,0.0,0.0,10.0,0.0,0.0,0.0,0.0,0.0,0.0,0.0,1.4981447350137773,0.0,320.2284371091949,8982.126758775103,359.55473640330655,0.0,20.59949010643944
Kalimantan Tengah_2009,0.0,0.0,0.0,4.0,0.0,0.0,0.0,0.0,0.0,0.0,0.0,0.0,0.0,0.0,0.0,0.0,0.0,0.0
Kalimantan Tengah_2010,1.0,0.0,0.0,20.0,0.0,0.0,0.0,0.0,0.0,0.0,0.0,0.37453618375344433,0.0,0.0,0.0,0.0,0.0,0.0
Kalimantan Tengah_2011,3.0,0.0,0.0,3.0,0.0,2.0,2.0,0.0,0.0,0.0,0.0,0.0,0.0,0.0,30.71196706778243,0.0,53.558674276742536,4.119898021287887
Kalimantan Tengah_2012,0.0,0.0,0.0,8.0,0.0,0.0,0.0,0.0,0.0,0.0,0.0,0.0,0.0,0.0,24449.72207542485,0.0,0.0,17.603200636411884
Kalimantan Tengah_2013,2.0,0.0,0.0,11.0,0.0,2.0,0.0,0.0,2.0,0.0,0.0,0.7490723675068887,0.0,0.0,8420.322483144935,749.0723675068887,1262.1869392491074,14.606911166384329
Kalimantan Tengah_2014,0.0,0.0,0.0,7.0,0.0,0.0,1.0,3.0,0.0,0.0,0.0,0.0,0.0,0.0,2926.625739849414,38.202690742851324,14.606911166384329,18.35227300391877
Kalimantan Tengah_2015,0.0,0.0,0.0,4.0,0.0,1.0,1.0,1.0,1.0,0.0,0.0,1.1236085512603329,0.0,0.0,194.75881555179103,0.0,17.977736820165326,10.112476961342997
Kalimantan Tengah_2016,0.0,0.0,0.0,9.0,0.0,4.0,0.0,0.0,2.0,0.0,0.0,0.0,0.0,0.0,5764.111867965508,258.0554306061232,0.37453618375344433,1.4981447350137773
Kalimantan Tengah_2017,0.0,0.0,0.0,39.0,0.0,7.0,3.0,0.0,1.0,0.0,0.0,0.7490723675068887,0.0,1.8726809187672215,114833.54301117355,59.92578940055109,3.370825653780999,171.16303597532408
Kalimantan Tengah_2018,0.0,0.0,0.0,25.0,0.0,24.0,4.0,1.0,5.0,0.0,0.0,0.0,0.0,0.0,13962.334394144651,29.962894700275545,3.370825653780999,18.726809187672217
Kalimantan Tengah_2019,0.0,0.0,0.0,30.0,0.0,33.0,3.0,0.0,10.0,0.0,0.0,0.0,0.0,0.37453618375344433,35647.979433469074,167.79221032154305,23.970315760220437,62.92207887057865
Kalimantan Tengah_2020,0.0,0.0,0.0,64.0,0.0,22.0,1.0,1.0,2.0,0.0,0.0,3.370825653780999,3.745361837534443,0.37453618375344433,107821.47657894155,2333.360424783958,1.8726809187672215,19.475881555179104
Kalimantan Tengah_2021,0.0,0.0,0.0,20.0,0.0,27.0,1.0,4.0,0.0,0.0,0.0,0.0,0.0,0.0,17645.897761359774,0.0,10.861549328849886,1.1236085512603329
Kalimantan Tengah_2022,0.0,0.0,0.0,3.0,0.0,3.0,0.0,0.0,0.0,0.0,0.0,0.0,0.0,0.0,0.0,0.0,0.0,0.0
Kalimantan Timur_2002,0.0,0.0,0.0,2.0,0.0,0.0,0.0,0.0,0.0,0.0,0.0,0.0,0.0,0.0,2728.5962784772014,0.0,0.0,1.8587168109517718
Kalimantan Timur_2003,0.0,0.0,0.0,2.0,0.0,0.0,0.0,0.0,0.0,0.0,0.0,0.0,0.0,0.0,0.0,0.0,531.0619459862205,0.0
Kalimantan Timur_2004,6.0,0.0,0.0,8.0,0.0,0.0,1.0,0.0,1.0,0.0,0.0,0.5310619459862206,0.0,0.0,14.869734487614174,26.553097299311027,6.638274324827757,1.0621238919724412
Kalimantan Timur_2005,1.0,0.0,0.0,6.0,0.0,0.0,0.0,0.0,1.0,0.0,0.0,5.841681405848426,0.0,0.0,2488.8218098644224,0.0,10.3557079467313,0.0
Kalimantan Timur_2006,0.0,0.0,0.0,11.0,0.0,0.0,0.0,0.0,1.0,0.0,0.0,0.7965929189793308,0.0,0.0,673.1210165375345,19482.273019477492,16.728451298565947,3.4519026489104334
Kalimantan Timur_2007,0.0,0.0,0.0,8.0,0.0,0.0,2.0,1.0,0.0,0.0,0.0,3.4519026489104334,0.0,649.2232289681547,19130.444480261624,3694.332427253143,9.02805308176575,93.73243346656793
Kalimantan Timur_2008,0.0,0.0,0.0,8.0,0.0,0.0,0.0,0.0,0.0,0.0,0.0,1.0621238919724412,0.0,29.73946897522835,0.0,792.6099543844341,19.11823005550394,3.4519026489104334
Kalimantan Timur_2009,0.0,1.0,0.0,6.0,0.0,22.0,1.0,0.0,5.0,0.0,0.0,0.0,0.0,0.0,21745.39350229777,1.0621238919724412,49.123230003725396,7.965929189793307
Kalimantan Timur_2010,0.0,0.0,0.0,31.0,0.0,4.0,3.0,0.0,6.0,0.0,0.0,2.6553097299311026,0.0,1.3276548649655513,5033.1395930844055,7165.353306219081,42.48495567889764,15.400796433600396
Kalimantan Timur_2011,3.0,0.0,0.0,13.0,0.0,1.0,1.0,1.0,2.0,0.0,0.0,0.5310619459862206,0.0,0.5310619459862206,10545.562592421375,86.29756622276084,413.96278689625893,1.8587168109517718
Kalimantan Timur_2012,4.0,0.0,0.0,21.0,0.0,7.0,9.0,1.0,4.0,0.0,0.0,1.8587168109517718,0.0,2.920840702924213,816.507741953814,70.63123881616733,32.92584065114568,5.841681405848426
Kalimantan Timur_2013,0.0,0.0,0.0,34.0,0.0,1.0,8.0,1.0,7.0,0.0,0.0,1.0621238919724412,0.2655309729931103,0.5310619459862206,13560.932321731134,3443.93671972064,116.03703519798918,47.53004416576674
Kalimantan Timur_2014,0.0,0.0,0.0,15.0,0.0,17.0,18.0,0.0,7.0,0.0,0.0,1.3276548649655513,0.0,58.68234503147737,3226.20132186629,94.26349541255415,62.39977865338092,0.5310619459862206
Kalimantan Timur_2015,0.0,0.0,0.0,25.0,0.0,5.0,22.0,0.0,8.0,0.0,0.0,1.5931858379586616,0.0,2.6553097299311026,714.2783173514666,3320.7303482518373,36.112212327063,12.214424757683073
Kalimantan Timur_2016,0.0,0.0,0.0,24.0,0.0,129.0,27.0,1.0,8.0,0.0,0.0,1.5931858379586616,0.2655309729931103,0.7965929189793308,2161.953182109904,309.60911450996656,23.101194650400593,2.1242477839448823
Kalimantan Timur_2017,0.0,0.0,0.0,29.0,0.0,1.0,7.0,0.0,2.0,0.0,0.0,1.3276548649655513,0.2655309729931103,0.0,48394.8785448053,1237.1088031749007,9.293584054758858,55.230442382566935
Kalimantan Timur_2018,0.0,0.0,0.0,14.0,0.0,8.0,3.0,1.0,6.0,0.0,0.0,0.2655309729931103,0.0,0.5310619459862206,21557.663104391642,51.51300876066339,167.8155749316457,1.0621238919724412
Kalimantan Timur_2019,0.0,0.0,0.0,12.0,0.0,30.0,9.0,1.0,2.0,0.0,0.0,0.2655309729931103,0.7965929189793308,0.0,22829.55646502864,48.85769903073229,16.197389352579727,9.293584054758858
Kalimantan Timur_2020,0.0,0.0,0.0,22.0,0.0,70.0,22.0,0.0,7.0,0.0,0.0,0.0,0.0,0.0,18889.607887756873,12325.94776634018,34.519026489104334,11.152300865710632
Kalimantan Timur_2021,0.0,0.0,0.0,7.0,0.0,5.0,6.0,0.0,3.0,0.0,0.0,0.0,0.0,0.0,4598.199859321691,17.259513244552167,8.23146016278642,0.0
Kalimantan Timur_2022,0.0,0.0,0.0,8.0,0.0,6.0,3.0,0.0,0.0,0.0,0.0,0.0,0.0,0.0,1619.2078733119865,0.0,0.0,0.0
Kalimantan Utara_2002,0.0,0.0,0.0,0.0,0.0,0.0,0.0,0.0,0.0,0.0,0.0,0.0,0.0,0.0,0.0,0.0,0.0,0.0
Kalimantan Utara_2003,0.0,0.0,0.0,0.0,0.0,0.0,0.0,0.0,0.0,0.0,0.0,0.0,0.0,0.0,0.0,0.0,0.0,0.0
Kalimantan Utara_2004,0.0,0.0,0.0,0.0,0.0,0.0,0.0,0.0,0.0,0.0,0.0,0.0,0.0,0.0,0.0,0.0,0.0,0.0
Kalimantan Utara_2005,0.0,0.0,0.0,0.0,0.0,0.0,0.0,0.0,0.0,0.0,0.0,0.0,0.0,0.0,0.0,0.0,0.0,0.0
Kalimantan Utara_2006,0.0,0.0,0.0,0.0,0.0,0.0,0.0,0.0,0.0,0.0,0.0,0.0,0.0,0.0,0.0,0.0,0.0,0.0
Kalimantan Utara_2007,0.0,0.0,0.0,1.0,0.0,0.0,0.0,0.0,0.0,0.0,0.0,0.0,0.0,299.2245808718549,0.0,0.0,2.849757913065285,0.0
Kalimantan Utara_2008,0.0,0.0,0.0,0.0,0.0,0.0,0.0,0.0,0.0,0.0,0.0,0.0,0.0,0.0,0.0,0.0,0.0,0.0
Kalimantan Utara_2009,0.0,0.0,0.0,0.0,0.0,0.0,0.0,1.0,0.0,0.0,0.0,0.0,0.0,0.0,0.0,17.098547478391712,5.69951582613057,0.0
Kalimantan Utara_2010,0.0,0.0,0.0,0.0,0.0,0.0,2.0,0.0,0.0,0.0,0.0,4.274636869597928,0.0,2.849757913065285,0.0,0.0,9.974152695728497,0.0
Kalimantan Utara_2011,0.0,0.0,0.0,0.0,0.0,0.0,0.0,0.0,0.0,0.0,0.0,0.0,0.0,0.0,0.0,0.0,0.0,0.0
Kalimantan Utara_2012,0.0,0.0,0.0,1.0,0.0,0.0,0.0,0.0,3.0,0.0,0.0,4.274636869597928,0.0,4.274636869597928,42.74636869597928,0.0,15.673668521859067,9.974152695728497
Kalimantan Utara_2013,0.0,0.0,0.0,2.0,0.0,2.0,1.0,0.0,0.0,0.0,0.0,0.0,0.0,0.0,2137.3184347989636,0.0,1.4248789565326425,27.072700174120207
Kalimantan Utara_2014,0.0,0.0,0.0,2.0,0.0,1.0,0.0,0.0,0.0,0.0,0.0,2.849757913065285,0.0,0.0,0.0,854.9273739195855,21.37318434798964,0.0
Kalimantan Utara_2015,0.0,1.0,0.0,6.0,0.0,0.0,0.0,0.0,0.0,0.0,0.0,1.4248789565326425,0.0,7.124394782663213,1424.8789565326424,3204.552773241913,14.248789565326426,115.41519547914406
Kalimantan Utara_2016,0.0,0.0,0.0,0.0,0.0,14.0,0.0,0.0,1.0,0.0,0.0,0.0,0.0,0.0,0.0,0.0,1.4248789565326425,0.0
Kalimantan Utara_2017,0.0,0.0,0.0,1.0,0.0,0.0,1.0,0.0,0.0,0.0,0.0,1.4248789565326425,0.0,7.124394782663213,1709.854747839171,156.73668521859068,76.94346365276269,0.0
Kalimantan Utara_2018,0.0,0.0,0.0,1.0,0.0,0.0,0.0,0.0,0.0,0.0,0.0,0.0,0.0,0.0,2388.097131148709,0.0,0.0,0.0
Kalimantan Utara_2019,0.0,0.0,0.0,5.0,0.0,14.0,1.0,0.0,1.0,0.0,0.0,0.0,0.0,1.4248789565326425,59.84491617437099,0.0,42.74636869597928,11.39903165226114
Kalimantan Utara_2020,0.0,0.0,0.0,6.0,1.0,47.0,13.0,1.0,8.0,0.0,0.0,15.673668521859067,0.0,8.549273739195856,1149.8773179218426,44.17124765251192,135.36350087060103,12.823910608793783
Kalimantan Utara_2021,0.0,0.0,0.0,8.0,0.0,3.0,1.0,1.0,0.0,0.0,0.0,0.0,0.0,0.0,39635.85793386852,0.0,17.098547478391712,0.0
Kalimantan Utara_2022,0.0,0.0,0.0,7.0,2.0,11.0,2.0,0.0,4.0,0.0,0.0,0.0,0.0,0.0,0.0,948.9693850507399,1498.97266227234,12.823910608793783
Kepulauan Riau_2002,0.0,0.0,0.0,0.0,0.0,0.0,0.0,0.0,0.0,0.0,0.0,0.0,0.0,0.0,0.0,0.0,0.0,0.0
Kepulauan Riau_2003,0.0,0.0,0.0,0.0,0.0,1.0,0.0,0.0,0.0,0.0,0.0,0.0,0.0,0.0,0.0,0.0,0.0,0.0
Kepulauan Riau_2004,0.0,0.0,0.0,0.0,0.0,0.0,0.0,0.0,1.0,0.0,0.0,0.0,0.0,0.0,0.0,0.0,16.46836813971376,0.0
Kepulauan Riau_2005,0.0,0.0,0.0,0.0,0.0,0.0,0.0,0.0,0.0,0.0,0.0,0.0,0.0,0.0,0.0,0.0,0.0,0.0
Kepulauan Riau_2006,0.0,0.0,0.0,1.0,0.0,0.0,0.0,0.0,0.0,0.0,0.0,0.0,0.0,0.0,0.0,0.0,0.0,27.6087348224613
Kepulauan Riau_2007,0.0,0.0,0.0,0.0,0.0,0.0,0.0,0.0,0.0,0.0,0.0,0.0,0.0,0.0,0.0,0.0,0.0,0.0
Kepulauan Riau_2008,0.0,0.0,0.0,0.0,0.0,0.0,0.0,0.0,0.0,0.0,0.0,0.0,0.0,0.0,0.0,0.0,0.0,0.0
Kepulauan Riau_2009,0.0,0.0,0.0,0.0,0.0,0.0,0.0,0.0,0.0,0.0,0.0,0.0,0.0,0.0,0.0,0.0,0.0,0.0
Kepulauan Riau_2010,0.0,0.0,0.0,0.0,0.0,0.0,0.0,0.0,0.0,0.0,0.0,0.0,0.0,0.0,0.0,0.0,0.0,0.0
Kepulauan Riau_2011,0.0,0.0,0.0,3.0,0.0,0.0,0.0,0.0,1.0,0.0,0.0,0.0,0.0,0.0,0.0,0.0,19.858914521419536,1.4530913064453317
Kepulauan Riau_2012,0.0,0.0,0.0,5.0,0.0,0.0,1.0,0.0,6.0,0.0,0.0,0.0,0.0,0.9687275376302212,0.0,0.0,232.49460903125308,0.0
Kepulauan Riau_2013,0.0,0.0,0.0,7.0,0.0,2.0,1.0,1.0,24.0,0.0,0.0,0.9687275376302212,0.0,3.390546381705774,45.5301942686204,75.07638416634214,431.5681180142635,3.874910150520885
Kepulauan Riau_2014,0.0,0.0,0.0,4.0,0.0,21.0,1.0,4.0,8.0,0.0,0.0,3.874910150520885,0.0,4.843637688151105,159.35567994017137,23.249460903125307,74.59202039752704,0.4843637688151106
Kepulauan Riau_2015,0.0,0.0,0.0,1.0,0.0,1.0,0.0,0.0,3.0,0.0,0.0,0.0,0.0,0.4843637688151106,1.9374550752604425,383.6161049015676,15.015276833268429,8.718547838671991
Kepulauan Riau_2016,0.0,0.0,0.0,3.0,0.0,1.0,1.0,0.0,11.0,0.0,0.0,0.0,0.4843637688151106,0.0,216.51060466035446,11.140366682747544,78.46693054804793,1.4530913064453317
Kepulauan Riau_2017,0.0,0.0,0.0,0.0,0.0,0.0,0.0,0.0,5.0,0.0,0.0,0.0,0.0,0.0,77.49820301041768,0.0,28.093098591276416,0.9687275376302212
Kepulauan Riau_2018,0.0,0.0,0.0,4.0,0.0,0.0,0.0,0.0,5.0,0.0,0.0,1.4530913064453317,0.0,0.4843637688151106,49.88946818795639,60.061107333073714,51.826923263216834,4.843637688151105
Kepulauan Riau_2019,0.0,0.0,0.0,1.0,0.0,9.0,4.0,0.0,7.0,0.0,0.0,0.0,0.0,0.4843637688151106,699.9056459378348,2.4218188440755526,15.984004370898651,3.874910150520885
Kepulauan Riau_2020,0.0,0.0,0.0,2.0,1.0,51.0,0.0,0.0,10.0,0.0,0.0,0.0,0.0,1.4530913064453317,1316.5007236394706,9.68727537630221,39.71782904283907,0.4843637688151106
Kepulauan Riau_2021,0.0,0.0,0.0,5.0,1.0,0.0,0.0,0.0,3.0,0.0,0.0,0.0,0.0,0.4843637688151106,4362.664465717701,944.9937129582809,15.49964060208354,0.4843637688151106
Kepulauan Riau_2022,0.0,0.0,0.0,0.0,0.0,0.0,0.0,0.0,1.0,0.0,0.0,0.0,0.0,0.0,0.0,0.0,1.4530913064453317,0.0
Lampung_2002,0.0,0.0,0.0,1.0,0.0,0.0,0.0,0.0,0.0,0.0,0.0,1.1101430663572476,0.8881144530857982,1.7762289061715963,0.0,0.0,2.664343359257394,0.0
Lampung_2003,2.0,0.0,0.0,2.0,0.0,2.0,4.0,0.0,0.0,0.0,0.0,3.663472118978917,0.0,18.539389208166035,0.0,77.71001464500733,2.4423147459859447,0.0
Lampung_2004,12.0,0.0,0.0,6.0,0.0,0.0,0.0,0.0,1.0,0.0,0.0,0.0,0.0,0.0,260.8836205939532,0.0,77.82102895164306,0.4440572265428991
Lampung_2005,2.0,0.0,0.0,13.0,0.0,0.0,0.0,1.0,1.0,0.0,0.0,0.9991287597215229,0.0,0.0,0.0,33.30429199071743,0.0,0.11101430663572477
Lampung_2006,0.0,0.0,0.0,9.0,0.0,0.0,1.0,0.0,5.0,0.0,0.0,0.0,0.0,5.994772558329137,0.0,0.0,115.78792182106092,0.7771001464500733
Lampung_2007,1.0,0.0,0.0,8.0,0.0,0.0,3.0,2.0,16.0,0.0,0.0,0.0,0.0,0.0,0.0,0.0,144.98468446625654,1.1101430663572476
Lampung_2008,16.0,0.0,0.0,16.0,0.0,0.0,2.0,1.0,8.0,0.0,1.0,0.7771001464500733,0.22202861327144954,57.72743945057688,68.05176996769927,426.1839231745473,435.62013923858393,3.4414435057074675
Lampung_2009,1.0,0.0,0.0,15.0,0.0,0.0,0.0,0.0,9.0,0.0,0.0,1.1101430663572476,0.0,1.4431859862644218,0.0,0.0,370.3437269367778,1.7762289061715963
Lampung_2010,1.0,0.0,0.0,33.0,0.0,0.0,3.0,0.0,6.0,0.0,0.0,1.5542002929001466,1.2211573729929723,12.655630956472622,0.0,4.107529345521816,40.076164695496644,0.5550715331786238
Lampung_2011,13.0,0.0,0.0,5.0,0.0,0.0,0.0,0.0,7.0,0.0,0.0,0.0,0.0,0.0,0.0,0.0,11.6565021967511,2.4423147459859447
Lampung_2012,14.0,0.0,0.0,19.0,0.0,0.0,0.0,1.0,4.0,0.0,0.0,0.3330429199071743,0.0,0.11101430663572477,755.452356656107,0.0,31.528063084545835,4.551586572064715
Lampung_2013,2.0,0.0,0.0,19.0,0.0,0.0,1.0,0.0,10.0,0.0,0.0,0.8881144530857982,0.11101430663572477,0.8881144530857982,459.04415793872187,132.88412504296252,43.62862250783983,3.9965150388860917
Lampung_2014,1.0,0.0,0.0,18.0,0.0,0.0,1.0,0.0,12.0,0.0,0.0,0.3330429199071743,0.0,3.3304291990717427,27.75357665893119,1002.4591889205944,127.99949555099066,1.7762289061715963
Lampung_2015,0.0,0.0,0.0,12.0,0.0,0.0,1.0,0.0,7.0,0.0,0.0,0.0,0.0,0.0,89.36651684175844,0.0,28.086619578838363,0.3330429199071743
Lampung_2016,0.0,0.0,0.0,3.0,0.0,0.0,1.0,0.0,14.0,0.0,0.0,0.0,0.11101430663572477,0.5550715331786238,1280.550027043085,0.0,113.56763568834643,0.8881144530857982
Lampung_2017,0.0,0.0,0.0,5.0,0.0,0.0,0.0,0.0,4.0,0.0,0.0,0.22202861327144954,0.0,0.4440572265428991,11.101430663572476,0.0,89.25550253512272,1.2211573729929723
Lampung_2018,4.0,0.0,0.0,17.0,0.0,0.0,4.0,1.0,5.0,5.0,1.0,14.875917089187118,0.9991287597215229,445.72244114243495,28352.942900457467,1058.8544566915427,234.24018700137924,1.9982575194430459
Lampung_2019,0.0,1.0,0.0,10.0,0.0,28.0,5.0,0.0,7.0,0.0,0.0,0.8881144530857982,0.0,0.22202861327144954,1132.567956297664,116.565021967511,42.51847944148258,4.773615185336165
Lampung_2020,0.0,0.0,0.0,25.0,0.0,0.0,3.0,2.0,15.0,0.0,1.0,0.22202861327144954,0.0,1.1101430663572476,1580.1776406529063,112.90154984853208,506.3362525655407,0.8881144530857982
Lampung_2021,0.0,2.0,1.0,20.0,0.0,0.0,7.0,1.0,29.0,0.0,0.0,0.0,0.0,0.3330429199071743,993.5780443897366,2.1092718260787704,209.26196800834117,0.5550715331786238
Lampung_2022,0.0,5.0,0.0,54.0,0.0,9.0,26.0,1.0,3.0,0.0,0.0,0.4440572265428991,0.0,0.11101430663572477,309.95194412694354,22.535904247052127,20.75967534088053,2.8863719725288437
Maluku_2002,0.0,0.0,0.0,0.0,0.0,0.0,0.0,0.0,0.0,0.0,0.0,0.0,0.0,0.0,0.0,0.0,0.0,0.0
Maluku_2003,0.0,0.0,0.0,0.0,0.0,0.0,0.0,0.0,0.0,0.0,0.0,0.0,0.0,0.0,0.0,0.0,0.0,0.0
Maluku_2004,2.0,0.0,0.0,0.0,0.0,1.0,0.0,0.0,0.0,0.0,0.0,0.0,0.0,0.0,0.0,0.0,0.0,0.0
Maluku_2005,0.0,2.0,0.0,0.0,0.0,0.0,0.0,0.0,0.0,0.0,0.0,0.0,0.0,2.704277030465844,0.0,0.0,35.15560139605597,0.5408554060931688
Maluku_2006,0.0,4.0,0.0,1.0,0.0,0.0,0.0,5.0,0.0,0.0,0.0,3.245132436559013,0.0,1.0817108121863377,0.0,4748.710465498023,395.90615726019956,5.408554060931688
Maluku_2007,0.0,1.0,0.0,0.0,0.0,0.0,0.0,0.0,0.0,0.0,0.0,0.0,0.0,0.0,0.0,0.0,0.0,0.0
Maluku_2008,1.0,1.0,0.0,5.0,0.0,0.0,1.0,0.0,1.0,0.0,0.0,5.408554060931688,1.0817108121863377,160.093200203578,0.0,1001.6642120845487,194.1670907874476,2.704277030465844
Maluku_2009,0.0,0.0,0.0,0.0,0.0,0.0,0.0,2.0,0.0,0.0,0.0,0.0,0.0,0.0,0.0,0.0,45.97270951791935,0.0
Maluku_2010,0.0,0.0,0.0,3.0,0.0,0.0,6.0,0.0,0.0,0.0,0.0,29.747047335124286,0.0,65.9843595433666,30.287902741217454,571.1433088343863,156.30721236092577,1.6225662182795064
Maluku_2011,0.0,0.0,0.0,9.0,0.0,0.0,6.0,1.0,3.0,0.0,0.0,2.704277030465844,0.0,0.5408554060931688,0.0,955.6915025666293,229.86354758959675,4.86769865483852
Maluku_2012,1.0,1.0,0.0,5.0,0.0,0.0,2.0,3.0,2.0,0.0,0.0,18.929939213260912,0.5408554060931688,9.73539730967704,0.0,4815.235680447482,736.1042076928028,16.766517588888235
Maluku_2013,0.0,0.0,0.0,5.0,0.0,0.0,2.0,1.0,5.0,0.0,0.0,8.112831091397533,1.6225662182795064,22.17507164981992,0.0,5530.787382708744,343.9840382752554,7.571975685304364
Maluku_2014,0.0,1.0,0.0,4.0,0.0,0.0,2.0,0.0,2.0,0.0,0.0,1.6225662182795064,0.0,1.6225662182795064,9.73539730967704,1802.1302131024386,124.39674340142882,3.785987842652182
Maluku_2015,0.0,3.0,0.0,2.0,0.0,0.0,5.0,1.0,7.0,0.0,0.0,0.0,0.0,1.0817108121863377,0.0,819.936795637244,38.94158923870816,2.1634216243726754
Maluku_2016,0.0,1.0,0.0,4.0,0.0,0.0,0.0,0.0,0.0,0.0,0.0,0.5408554060931688,0.0,7.571975685304364,8.112831091397533,1449.4924883296926,380.22135048349764,0.5408554060931688
Maluku_2017,0.0,1.0,0.0,14.0,0.0,0.0,4.0,0.0,2.0,0.0,0.0,1.6225662182795064,0.5408554060931688,0.0,4327.384104151443,41.645866269174,100.5991055333294,9.73539730967704
Maluku_2018,0.0,0.0,0.0,5.0,0.0,0.0,2.0,0.0,2.0,0.0,0.0,1.0817108121863377,0.0,0.5408554060931688,930.2712984802504,23.79763786809943,25.961059492472103,0.5408554060931688
Maluku_2019,1.0,10.0,0.0,11.0,0.0,2.0,7.0,1.0,7.0,0.0,0.0,23.25678246200626,0.0,879.4308903074925,3536.6535004432308,125622.86260704206,6871.56793441371,308.28758147310623
Maluku_2020,0.0,1.0,0.0,8.0,2.0,6.0,5.0,0.0,5.0,0.0,0.0,0.0,0.0,1.6225662182795064,2198.036370362638,83.83258794444117,26.50191489856527,9.73539730967704
Maluku_2021,0.0,6.0,0.0,5.0,3.0,0.0,3.0,1.0,4.0,0.0,0.0,0.0,0.0,1.6225662182795064,8745.091061120447,4763.854416868631,246.0892097723918,3.245132436559013
Maluku_2022,0.0,0.0,0.0,0.0,0.0,0.0,0.0,0.0,0.0,0.0,0.0,0.0,0.0,0.0,0.0,0.0,0.0,0.0
Maluku Utara_2002,0.0,0.0,0.0,0.0,0.0,0.0,0.0,0.0,0.0,0.0,0.0,0.0,0.0,0.0,0.0,0.0,0.0,0.0
Maluku Utara_2003,0.0,2.0,0.0,0.0,0.0,0.0,0.0,0.0,0.0,0.0,1.0,0.7794615012272621,0.0,22.6043835355906,0.0,952.5019544997143,691.3823515885815,0.0
Maluku Utara_2004,0.0,0.0,0.0,1.0,0.0,0.0,0.0,0.0,0.0,0.0,0.0,0.0,0.0,0.0,0.0,949.3841084948053,11.691922518408932,10.132999515954408
Maluku Utara_2005,0.0,0.0,0.0,0.0,0.0,0.0,0.0,0.0,1.0,0.0,0.0,0.0,0.0,0.0,0.0,0.0,10.132999515954408,0.0
Maluku Utara_2006,0.0,2.0,0.0,3.0,0.0,0.0,0.0,0.0,0.0,0.0,0.0,0.0,0.0,0.0,1121.64510026603,660.203891539491,145.75930072949802,9.353538014727144
Maluku Utara_2007,0.0,6.0,0.0,0.0,0.0,0.0,0.0,1.0,1.0,0.0,1.0,0.7794615012272621,0.0,990.6955680598502,0.0,9550.741774537642,537.0489743455836,23.383845036817863
Maluku Utara_2008,0.0,0.0,0.0,1.0,0.0,0.0,0.0,0.0,0.0,0.0,2.0,0.0,0.0,0.0,0.0,0.0,7.7946150122726205,0.0
Maluku Utara_2009,0.0,0.0,0.0,1.0,0.0,0.0,0.0,0.0,3.0,0.0,0.0,0.0,0.0,0.0,0.0,0.0,144.97983922827075,0.0
Maluku Utara_2010,0.0,1.0,0.0,2.0,0.0,0.0,1.0,0.0,1.0,0.0,0.0,2.338384503681786,0.0,0.7794615012272621,0.0,3269.0615361471373,167.58422276386136,7.7946150122726205
Maluku Utara_2011,0.0,0.0,0.0,6.0,0.0,0.0,0.0,0.0,1.0,0.0,1.0,2.338384503681786,0.7794615012272621,5.456230508590835,795.0507312518074,5063.381911972295,229.16168136081507,3.8973075061363103
Maluku Utara_2012,0.0,0.0,0.0,2.0,0.0,0.0,0.0,0.0,1.0,0.0,1.0,4.676769007363572,6.235692009818097,17.148153026999765,0.0,1774.833838294476,172.26099177122495,3.8973075061363103
Maluku Utara_2013,0.0,0.0,0.0,2.0,0.0,0.0,0.0,0.0,1.0,0.0,0.0,0.0,0.0,0.0,0.0,0.0,3.1178460049090484,0.7794615012272621
Maluku Utara_2014,0.0,1.0,0.0,0.0,0.0,0.0,0.0,0.0,1.0,1.0,1.0,0.0,0.0,5.456230508590835,0.0,155.89230024545242,77.94615012272621,0.0
Maluku Utara_2015,1.0,2.0,0.0,1.0,0.0,0.0,0.0,0.0,1.0,0.0,2.0,0.0,0.0,0.7794615012272621,650.8503535247638,10643.546799258263,918.2056484457148,11.691922518408932
Maluku Utara_2016,0.0,2.0,0.0,2.0,0.0,0.0,1.0,0.0,0.0,0.0,2.0,0.0,0.0,3.1178460049090484,10938.962708223396,258.00175690622376,131.7289937074073,10.132999515954408
Maluku Utara_2017,0.0,3.0,0.0,20.0,0.0,0.0,3.0,2.0,4.0,0.0,0.0,2.338384503681786,0.7794615012272621,53.00338208345382,2726.556331292963,4350.954099850577,397.5253656259037,18.70707602945429
Maluku Utara_2018,0.0,1.0,0.0,12.0,0.0,0.0,2.0,0.0,4.0,0.0,1.0,0.0,0.0,2.338384503681786,534.7105898419019,2449.847498357285,169.14314576631588,3.1178460049090484
Maluku Utara_2019,0.0,4.0,0.0,11.0,0.0,2.0,2.0,0.0,0.0,0.0,0.0,12.471384019636194,0.0,95.87376465095325,303.98998547863226,35520.06061092634,2326.6925811633773,226.82329685713327
Maluku Utara_2020,0.0,4.0,0.0,16.0,1.0,0.0,0.0,1.0,0.0,0.0,0.0,0.0,0.0,0.0,888.5861113990787,10972.479552776169,378.8182895964494,10.91246101718167
Maluku Utara_2021,0.0,1.0,0.0,7.0,1.0,0.0,0.0,3.0,3.0,0.0,0.0,0.0,0.0,7.7946150122726205,7846.838932854847,1535.5391574177063,813.7578072812618,12.471384019636194
Maluku Utara_2022,0.0,0.0,0.0,0.0,0.0,0.0,0.0,0.0,0.0,0.0,0.0,0.0,0.0,0.0,0.0,0.0,0.0,0.0
Nusa Tenggara Barat_2002,0.0,0.0,0.0,2.0,0.0,0.0,0.0,0.0,0.0,0.0,0.0,0.0,0.0,0.0,0.0,59.585435740584934,2.8195001139078046,0.0
Nusa Tenggara Barat_2003,1.0,1.0,0.0,2.0,0.0,0.0,0.0,0.0,0.0,0.0,0.0,0.0,0.0,0.3759333485210406,56.39000227815609,371.61011501304864,94.73520382730224,0.0
Nusa Tenggara Barat_2004,14.0,4.0,0.0,3.0,0.0,0.0,0.0,1.0,4.0,0.0,0.0,0.0,0.0,5.0751002050340475,0.0,921.4126372250706,2187.932088392456,18.98463410031255
Nusa Tenggara Barat_2005,0.0,0.0,0.0,0.0,0.0,0.0,0.0,0.0,0.0,0.0,0.0,0.0,0.0,0.0,0.0,0.0,0.0,0.0
Nusa Tenggara Barat_2006,2.0,1.0,0.0,12.0,0.0,0.0,0.0,2.0,7.0,0.0,0.0,1.6917000683446828,0.0,20.11243414587567,983.0657063825213,6905.3317123087345,2096.204351353322,13.909533895278502
Nusa Tenggara Barat_2007,9.0,3.0,0.0,3.0,0.0,0.0,0.0,1.0,1.0,0.0,0.0,0.7518666970420812,0.0,167.66627344038412,2991.677587530441,7683.137810398767,1752.4133041308307,79.88583656072113
Nusa Tenggara Barat_2008,3.0,3.0,0.0,10.0,0.0,0.0,0.0,1.0,1.0,0.0,0.0,0.0,0.1879666742605203,2.8195001139078046,2896.1905170060973,79.88583656072113,383.2640488172009,18.232767403270472
Nusa Tenggara Barat_2009,2.0,2.0,0.0,9.0,0.0,0.0,2.0,1.0,0.0,0.0,0.0,1.1278000455631219,0.0,3.7593334852104063,347.73834738196257,51.12693539886152,1223.4750827617265,25.56346769943076
Nusa Tenggara Barat_2010,8.0,0.0,0.0,6.0,0.0,0.0,2.0,2.0,9.0,0.0,0.0,1.5037333940841624,0.0,4.135266833731447,0.0,196.80110795076476,154.88453959066874,0.7518666970420812
Nusa Tenggara Barat_2011,4.0,0.0,0.0,17.0,0.0,0.0,2.0,0.0,3.0,0.0,0.0,3.195433462428845,0.0,6.954766947639251,1.3157667198236422,293.7919118691932,1796.9614059305743,9.398333713026016
Nusa Tenggara Barat_2012,7.0,0.0,0.0,21.0,0.0,0.0,2.0,0.0,5.0,0.0,0.0,1.1278000455631219,0.3759333485210406,1.8796667426052032,0.0,1556.5520295513686,354.12921430682024,3.195433462428845
Nusa Tenggara Barat_2013,2.0,1.0,0.0,22.0,0.0,0.0,3.0,9.0,16.0,0.0,0.0,0.7518666970420812,0.0,14.285467243799543,1218.0240492081716,590.5912905265548,1127.4241122146009,3.5713668109498857
Nusa Tenggara Barat_2014,0.0,0.0,0.0,4.0,0.0,2.0,1.0,0.0,10.0,0.0,1.0,0.3759333485210406,0.1879666742605203,0.9398333713026016,1566.7022299614366,209.0189417776986,155.26047293918975,0.5639000227815609
Nusa Tenggara Barat_2015,0.0,0.0,0.0,10.0,0.0,0.0,1.0,0.0,4.0,0.0,2.0,1.5037333940841624,0.0,2.0676334168657236,8567.521012794516,582.696690207613,42.48046838287759,0.7518666970420812
Nusa Tenggara Barat_2016,0.0,2.0,0.0,18.0,0.0,0.0,3.0,0.0,4.0,0.0,0.0,0.5639000227815609,0.0,246.2363432812816,21462.78673376325,1652.6030000984945,435.7067509358861,49.62320200477736
Nusa Tenggara Barat_2017,9.0,0.0,0.0,41.0,0.0,1.0,6.0,0.0,14.0,0.0,0.0,1.8796667426052032,0.0,1.5037333940841624,168433.92933806407,1352.0442879559225,226.875775832448,13.157667198236423
Nusa Tenggara Barat_2018,9.0,16.0,0.0,39.0,0.0,0.0,6.0,2.0,16.0,0.0,0.0,108.45677104832022,0.0,358.8283811633333,347631.2063776341,76383.2655525506,41343.64593694996,237.0259762425161
Nusa Tenggara Barat_2019,9.0,3.0,0.0,19.0,0.0,4.0,0.0,0.0,22.0,0.0,0.0,0.7518666970420812,0.0,18.04480072900995,134180.5743208952,607.3203245357411,1001.1105071115311,17.10496735770735
Nusa Tenggara Barat_2020,9.0,2.0,0.0,40.0,2.0,3.0,7.0,0.0,28.0,0.0,0.0,0.5639000227815609,0.0,4.699166856513008,144802.75905003145,0.0,92.85553708469703,5.263066879294569
Nusa Tenggara Barat_2021,0.0,0.0,0.0,46.0,1.0,0.0,1.0,0.0,5.0,0.0,0.0,1.3157667198236422,0.1879666742605203,0.1879666742605203,20694.003036037724,452.99968496785397,1103.1764112349938,29.510767858901687
Nusa Tenggara Barat_2022,0.0,0.0,0.0,1.0,0.0,0.0,0.0,0.0,1.0,0.0,0.0,0.0,0.0,0.0,0.0,1.8796667426052032,1.8796667426052032,0.0
Nusa Tenggara Timur_2002,0.0,0.0,0.0,0.0,0.0,0.0,0.0,0.0,1.0,0.0,0.0,0.0,0.0,0.0,0.0,0.0,37.554693717062186,0.0
Nusa Tenggara Timur_2003,0.0,2.0,0.0,10.0,0.0,0.0,0.0,0.0,0.0,0.0,1.0,24.786097853261044,14.834104018239564,86.75134248641366,320.9048578122964,27.97824681921133,181.20139718482505,1.8777346858531092
Nusa Tenggara Timur_2004,1.0,1.0,0.0,10.0,0.0,0.0,1.0,4.0,5.0,0.0,3.0,8.637579554924303,0.0,60.83860382164074,57510.50686443469,2754.449010677926,3716.2247167718883,210.68183175271886
Nusa Tenggara Timur_2005,1.0,0.0,0.0,1.0,0.0,0.0,0.0,0.0,0.0,0.0,0.0,0.0,0.0,0.0,0.0,0.0,0.0,0.0
Nusa Tenggara Timur_2006,2.0,0.0,0.0,13.0,0.0,0.0,2.0,1.0,7.0,0.0,0.0,2.441055091609042,0.3755469371706219,60.83860382164074,13468.052034281425,344.75208832263087,304.380792576789,20.467308075798893
Nusa Tenggara Timur_2007,3.0,0.0,0.0,7.0,0.0,0.0,2.0,2.0,3.0,0.0,0.0,8.07425914916837,4.882110183218084,129.18814638669392,371.7914677989157,1242.6848150975877,273.58594372879804,7.323165274827127
Nusa Tenggara Timur_2008,0.0,0.0,0.0,40.0,0.0,0.0,23.0,17.0,42.0,0.0,1.0,5.445430588974017,0.3755469371706219,272.83484985445676,5722.208681668765,2731.9161944476887,1190.1082438937005,12.205275458045211
Nusa Tenggara Timur_2009,0.0,1.0,0.0,21.0,0.0,0.0,8.0,4.0,37.0,0.0,0.0,6.572071400485882,0.3755469371706219,0.7510938743412438,4404.038932199882,49.00887530076616,1108.239011590505,7.135391806241816
Nusa Tenggara Timur_2010,6.0,1.0,0.0,15.0,0.0,0.0,8.0,2.0,7.0,0.0,0.0,7.698712211997748,1.3144142800971765,5.820977526144639,32410.45177169901,459.29390415967055,457.60394294240274,5.445430588974017
Nusa Tenggara Timur_2011,5.0,1.0,0.0,23.0,0.0,0.0,2.0,1.0,7.0,0.0,0.0,1.5021877486824875,0.9388673429265546,2.816602028779664,199.0398767004296,2143.809690838495,1869.4726532353557,5.633204057559328
Nusa Tenggara Timur_2012,1.0,2.0,0.0,5.0,0.0,0.0,0.0,0.0,18.0,0.0,0.0,0.3755469371706219,0.0,1.5021877486824875,5178.792263582875,0.0,883.0986227567173,27.039379476284772
Nusa Tenggara Timur_2013,1.0,0.0,0.0,27.0,0.0,0.0,1.0,4.0,42.0,0.0,3.0,1.6899612172677982,0.0,0.7510938743412438,1066.3655280959806,2058.9360830379346,252.5553152472432,5.445430588974017
Nusa Tenggara Timur_2014,1.0,0.0,0.0,10.0,0.0,0.0,2.0,2.0,26.0,0.0,0.0,0.3755469371706219,0.0,1.6899612172677982,6594.791990184705,249.55093974987824,136.88685859869167,2.06550815443842
Nusa Tenggara Timur_2015,0.0,3.0,0.0,7.0,0.0,1.0,2.0,0.0,14.0,0.0,0.0,0.7510938743412438,0.3755469371706219,0.9388673429265546,146.65107896512785,1260.7110680817775,201.66870526062394,13.89523667531301
Nusa Tenggara Timur_2016,0.0,1.0,0.0,8.0,0.0,0.0,2.0,1.0,6.0,0.0,1.0,0.5633204057559328,0.0,0.7510938743412438,26.66383253911415,423.61694512846145,36.42805290555032,3.567695903120908
Nusa Tenggara Timur_2017,0.0,1.0,0.0,3.0,0.0,1.0,2.0,0.0,6.0,0.0,0.0,1.5021877486824875,0.0,0.7510938743412438,618.1502585828435,421.55143697402303,305.6952068568862,17.462932578433918
Nusa Tenggara Timur_2018,22.0,1.0,0.0,28.0,0.0,0.0,33.0,8.0,93.0,0.0,0.0,3.3799224345355965,0.0,1.1266408115118656,162719.04244544148,362.966114775406,341.37216588809525,11.266408115118656
Nusa Tenggara Timur_2019,20.0,1.0,0.0,1.0,0.0,0.0,3.0,1.0,12.0,0.0,0.0,1.6899612172677982,0.0,1.3144142800971765,218046.87051104053,142.52006265625099,204.4853072894036,2.628828560194353
Nusa Tenggara Timur_2020,1.0,0.0,0.0,3.0,0.0,4.0,0.0,0.0,8.0,0.0,1.0,0.0,0.0,0.5633204057559328,139957.51813046724,1747.7954455920742,30.043754973649747,0.7510938743412438
Nusa Tenggara Timur_2021,0.0,1.0,0.0,32.0,3.0,1.0,2.0,3.0,4.0,0.0,0.0,34.73809168828252,9.013126492094925,42.62457736886559,107420.13149400457,11870.850910494772,10586.668158839831,164.30178501214706
Nusa Tenggara Timur_2022,0.0,0.0,0.0,0.0,0.0,0.0,0.0,0.0,0.0,0.0,0.0,0.0,0.0,0.0,0.0,0.0,0.0,0.0
Papua_2002,0.0,1.0,0.0,2.0,0.0,0.0,1.0,0.0,0.0,0.0,0.0,2.3235782547464314,0.0,1.626504778322502,0.0,3990.978010352471,324.13916653712715,0.6970734764239294
Papua_2003,0.0,0.0,0.0,4.0,0.0,0.0,2.0,0.0,0.0,0.0,0.0,1.8588626037971452,0.0,1.3941469528478587,0.0,6138.893749040071,122.22021619966229,0.0
Papua_2004,0.0,4.0,0.0,1.0,0.0,0.0,0.0,0.0,0.0,0.0,0.0,24.862287325786816,0.0,381.29919160388937,0.0,813.2523891612509,2482.046291720138,98.51971800124869
Papua_2005,0.0,0.0,0.0,1.0,0.0,0.0,0.0,0.0,0.0,0.0,0.0,0.0,0.0,0.0,0.0,10.456102146358942,42.28912423638505,3.253009556645004
Papua_2006,0.0,2.0,0.0,4.0,0.0,0.0,1.0,2.0,0.0,0.0,0.0,23.468140372938958,0.4647156509492863,7.203092589713938,0.0,1533.0969324816954,17.426836910598237,1.1617891273732157
Papua_2007,0.0,1.0,0.0,0.0,0.0,0.0,1.0,0.0,0.0,0.0,0.0,0.0,0.0,0.0,0.0,0.0,0.0,2.5559360802210747
Papua_2008,0.0,0.0,0.0,1.0,0.0,0.0,1.0,2.0,0.0,0.0,0.0,7.203092589713938,0.0,1.8588626037971452,0.0,585.5417201961008,116.64362838827087,0.0
Papua_2009,0.0,0.0,0.0,0.0,0.0,0.0,2.0,0.0,0.0,0.0,0.0,1.1617891273732157,0.0,1.1617891273732157,0.0,0.0,0.4647156509492863,0.0
Papua_2010,0.0,1.0,0.0,2.0,0.0,0.0,2.0,0.0,1.0,0.0,0.0,4.41479868401822,0.0,30.903590788127538,0.0,1269.8355162189248,1187.1161303499518,51.583437255370775
Papua_2011,0.0,1.0,0.0,2.0,0.0,0.0,3.0,0.0,2.0,1.0,0.0,3.7177252075942904,0.0,3.0206517311703607,0.0,1261.238276676363,312.52127526339507,49.0275011751497
Papua_2012,0.0,0.0,0.0,8.0,0.0,0.0,1.0,1.0,2.0,0.0,0.0,0.23235782547464315,0.0,0.0,260.93783800802424,296.25622748017,95.49906627007833,6.506019113290008
Papua_2013,1.0,0.0,0.0,12.0,0.0,0.0,3.0,0.0,0.0,0.0,0.0,4.879514334967506,0.0,63.66604418005222,0.0,862.0475325109261,25.094645151261457,6.506019113290008
Papua_2014,0.0,0.0,0.0,2.0,0.0,0.0,6.0,0.0,0.0,0.0,0.0,6.7383769387646515,0.9294313018985726,1.626504778322502,0.0,4.647156509492863,14.17382735395323,0.4647156509492863
Papua_2015,0.0,2.0,0.0,4.0,0.0,0.0,2.0,0.0,0.0,0.0,0.0,0.4647156509492863,0.23235782547464315,0.6970734764239294,286.49719881023503,0.0,5.344229985916792,0.23235782547464315
Papua_2016,0.0,1.0,0.0,4.0,0.0,0.0,0.0,0.0,0.0,0.0,0.0,0.0,0.0,0.0,1578.8714241002,116.17891273732157,0.23235782547464315,0.0
Papua_2017,0.0,1.0,0.0,14.0,0.0,0.0,2.0,0.0,3.0,0.0,0.0,0.23235782547464315,3.0206517311703607,1.626504778322502,903.1748676199379,17.426836910598237,85.74003760014332,6.506019113290008
Papua_2018,0.0,2.0,0.0,8.0,0.0,0.0,1.0,2.0,1.0,0.0,0.0,0.0,0.0,30.206517311703607,367.1253642499361,304.8534670227318,16.729763434174306,6.273661287815364
Papua_2019,0.0,3.0,0.0,13.0,0.0,0.0,1.0,0.0,0.0,0.0,0.0,26.256434278634675,20.447488641768597,230.0342472198967,40945.631289490666,3308.310719107969,404.99968980230295,51.81579508084542
Papua_2020,0.0,1.0,0.0,6.0,0.0,0.0,1.0,0.0,1.0,0.0,0.0,0.6970734764239294,0.0,0.0,116.17891273732157,147.54721917639841,13.24439605205466,3.253009556645004
Papua_2021,0.0,1.0,0.0,10.0,0.0,0.0,0.0,1.0,1.0,0.0,0.0,0.0,0.0,10.456102146358942,9723.013206986443,1312.1246404553099,402.4437537220819,5.111872160442149
Papua_2022,1.0,1.0,0.0,6.0,5.0,0.0,3.0,0.0,1.0,0.0,0.0,2.7882939056957174,0.0,1.1617891273732157,1.3941469528478587,3510.694385096383,265.35263669204244,2.7882939056957174
Papua Barat_2002,0.0,1.0,0.0,0.0,0.0,0.0,0.0,0.0,0.0,0.0,0.0,0.8817813393905832,0.0,1.7635626787811665,0.0,2111.866307840447,581.0939026583944,1.7635626787811665
Papua Barat_2003,0.0,0.0,0.0,0.0,0.0,0.0,0.0,1.0,0.0,0.0,0.0,0.0,0.0,0.0,0.0,12.344938751468167,0.0,0.0
Papua Barat_2004,0.0,0.0,0.0,0.0,0.0,0.0,0.0,0.0,0.0,0.0,0.0,0.0,0.0,0.0,0.0,0.0,0.0,0.0
Papua Barat_2005,0.0,0.0,0.0,0.0,0.0,0.0,0.0,0.0,0.0,0.0,0.0,0.0,0.0,0.0,0.0,0.0,0.0,0.0
Papua Barat_2006,0.0,1.0,0.0,0.0,0.0,0.0,0.0,0.0,0.0,0.0,0.0,0.0,0.0,0.0,0.0,0.0,0.0,0.0
Papua Barat_2007,0.0,0.0,0.0,0.0,0.0,0.0,0.0,0.0,0.0,0.0,0.0,0.0,0.0,0.0,0.0,0.0,0.0,0.0
Papua Barat_2008,0.0,1.0,0.0,0.0,0.0,0.0,0.0,0.0,0.0,0.0,0.0,0.0,0.0,33.50769089684217,0.0,209.86395877495883,47.6161923270915,1.7635626787811665
Papua Barat_2009,0.0,4.0,0.0,0.0,0.0,0.0,0.0,0.0,0.0,0.0,0.0,3.527125357562333,0.0,448.8267017498069,0.0,22114.19421057644,2980.4209271401714,440.8906696952916
Papua Barat_2010,0.0,0.0,0.0,1.0,0.0,0.0,0.0,0.0,0.0,0.0,0.0,149.90282769639916,104.05019804808883,3011.283274018842,0.0,7950.1405559455,870.3181819785058,22.926314824155167
Papua Barat_2011,0.0,0.0,0.0,2.0,0.0,0.0,1.0,0.0,0.0,0.0,0.0,0.0,0.0,0.0,0.0,220.4453348476458,24.689877502936334,0.0
Papua Barat_2012,0.0,1.0,0.0,0.0,0.0,0.0,0.0,0.0,2.0,0.0,0.0,0.0,0.8817813393905832,5.2906880363435,0.0,0.0,63.488256436122,0.0
Papua Barat_2013,0.0,0.0,0.0,2.0,0.0,0.0,1.0,0.0,1.0,0.0,0.0,0.0,0.0,0.0,0.0,74.95141384819958,45.852629648310334,0.8817813393905832
Papua Barat_2014,0.0,0.0,0.0,1.0,0.0,0.0,0.0,0.0,0.0,0.0,0.0,0.0,0.0,0.0,0.0,402.09229076210596,0.0,1.7635626787811665
Papua Barat_2015,0.0,1.0,0.0,0.0,0.0,0.0,0.0,0.0,0.0,0.0,0.0,0.0,0.0,54.670443042216164,0.0,0.0,3074.771530454964,27.335221521108082
Papua Barat_2016,0.0,0.0,0.0,3.0,0.0,0.0,1.0,0.0,0.0,0.0,0.0,4.408906696952917,5.2906880363435,0.0,4408.906696952916,87.29635259966776,276.87934056864316,17.635626787811667
Papua Barat_2017,0.0,0.0,0.0,5.0,0.0,0.0,2.0,0.0,0.0,0.0,0.0,0.0,0.0,0.0,383.5748826349037,0.0,59.079349739169075,2.64534401817175
Papua Barat_2018,0.0,1.0,0.0,6.0,0.0,0.0,0.0,0.0,0.0,0.0,0.0,0.0,0.0,0.0,2028.978861937732,0.0,0.0,3.527125357562333
Papua Barat_2019,0.0,0.0,0.0,10.0,0.0,0.0,0.0,0.0,0.0,0.0,0.0,0.0,0.0,0.0,5532.2961233365195,183.41051859324133,3.527125357562333,11.463157412077583
Papua Barat_2020,0.0,0.0,0.0,3.0,4.0,0.0,1.0,0.0,1.0,0.0,0.0,8.817813393905833,0.0,6.172469375734083,12431.353322728444,1837.6323112899756,415.3190108529647,1.7635626787811665
Papua Barat_2021,0.0,1.0,0.0,0.0,0.0,0.0,0.0,0.0,0.0,0.0,0.0,0.0,0.0,0.0,0.0,0.0,0.0,0.0
Papua Barat_2022,0.0,0.0,0.0,0.0,0.0,0.0,0.0,0.0,0.0,0.0,0.0,0.0,0.0,0.0,0.0,0.0,0.0,0.0
Riau_2002,0.0,0.0,0.0,2.0,0.0,0.0,0.0,0.0,0.0,0.0,0.0,0.0,0.0,0.0,0.0,225.20807114448084,107.75580626288007,4.37904582780935
Riau_2003,0.0,0.0,0.0,13.0,0.0,1.0,0.0,0.0,0.0,0.0,0.0,2.658706395455676,0.0,839.6820374824428,0.0,14415.506076160678,3428.792883174721,43.008485808841826
Riau_2004,0.0,0.0,0.0,7.0,0.0,3.0,1.0,0.0,0.0,0.0,0.0,0.7819724692516695,0.0,0.0,11.104009063373708,36.75270605482847,4.8482293093603515,0.0
Riau_2005,0.0,0.0,0.0,0.0,0.0,0.0,0.0,0.0,0.0,0.0,0.0,0.0,0.0,0.0,0.0,0.0,0.0,0.0
Riau_2006,0.0,0.0,0.0,12.0,0.0,0.0,0.0,0.0,0.0,0.0,0.0,1.4075504446530052,0.0,48.951476575154516,15619.430889820549,817.317624861845,39.880595931835146,48.169504105902845
Riau_2007,1.0,0.0,0.0,15.0,0.0,0.0,0.0,0.0,0.0,0.0,0.0,1.0947614569523374,0.0,56.77120126767121,2815.1008893060102,451.041720264363,0.0,70.22112773879994
Riau_2008,0.0,0.0,0.0,12.0,0.0,3.0,0.0,0.0,2.0,0.0,0.0,0.6255779754013356,0.0,772.4324051267992,0.0,2870.3081456351783,29.402164843862778,22.051623632897083
Riau_2009,1.0,0.0,0.0,14.0,0.0,4.0,0.0,0.0,13.0,0.0,0.0,0.3127889877006678,0.0,0.0,11801.372111452347,78.04085243131662,149.35674162706889,0.6255779754013356
Riau_2010,0.0,0.0,0.0,9.0,0.0,0.0,0.0,0.0,3.0,0.0,0.0,0.0,0.0,3.4406788647073463,10332.202236222309,5.630201778612021,7.506935704816027,2.345917407755009
Riau_2011,5.0,0.0,0.0,7.0,0.0,0.0,0.0,0.0,1.0,0.0,0.0,0.7819724692516695,0.0,0.0,0.0,0.0,89.61404497624133,3.9098623462583477
Riau_2012,0.0,0.0,0.0,2.0,0.0,1.0,0.0,0.0,8.0,0.0,0.0,0.0,0.0,0.6255779754013356,0.0,0.0,59.586302156977226,1.0947614569523374
Riau_2013,3.0,0.0,0.0,14.0,0.0,11.0,1.0,0.0,8.0,0.0,0.0,0.9383669631020034,0.1563944938503339,0.9383669631020034,3154.476940961235,1705.9511389194424,801.834569970662,5.630201778612021
Riau_2014,0.0,0.0,0.0,12.0,0.0,3.0,3.0,1.0,10.0,0.0,0.0,0.7819724692516695,0.0,0.6255779754013356,67861.76040457378,137.78354908214416,48.01310961205251,0.4691834815510017
Riau_2015,0.0,0.0,0.0,9.0,0.0,1.0,1.0,1.0,6.0,0.0,0.0,0.6255779754013356,0.0,0.1563944938503339,2874.061613487586,22.051623632897083,78.97921939441862,3.127889877006678
Riau_2016,0.0,0.0,0.0,10.0,0.0,2.0,3.0,1.0,9.0,0.0,0.0,0.1563944938503339,0.0,0.0,22721.148461070363,981.0626599231446,64.5909259601879,38.629439981032476
Riau_2017,0.0,0.0,0.0,17.0,0.0,4.0,4.0,0.0,12.0,0.0,0.0,0.7819724692516695,0.0,0.0,12899.10506378784,209.72501625329778,26.899852942257432,7.19414671711536
Riau_2018,0.0,0.0,0.0,15.0,0.0,27.0,5.0,1.0,6.0,0.0,0.0,0.0,0.0,0.3127889877006678,22122.31394411743,836.084964123885,215.9807960073111,15.326660397332724
Riau_2019,0.0,0.0,0.0,16.0,0.0,38.0,2.0,0.0,2.0,0.0,0.0,0.4691834815510017,0.0,1.0947614569523374,9217.10949506943,51.61018297061019,31.90447674546812,0.7819724692516695
Riau_2020,0.0,0.0,0.0,19.0,0.0,21.0,5.0,0.0,10.0,0.0,0.0,0.0,0.0,0.1563944938503339,2347.7941416812127,50.82821050135852,18.4545502743394,0.3127889877006678
Riau_2021,0.0,0.0,0.0,14.0,0.0,41.0,3.0,3.0,6.0,0.0,0.0,0.1563944938503339,0.0,0.3127889877006678,1792.2808995248267,96.96458618720703,13.919109952679717,0.4691834815510017
Riau_2022,0.0,0.0,0.0,0.0,0.0,0.0,0.0,0.0,0.0,0.0,0.0,0.0,0.0,0.0,0.0,0.0,0.0,0.0
Sulawesi Barat_2002,0.0,0.0,0.0,1.0,0.0,0.0,0.0,0.0,0.0,0.0,0.0,2.1138237733304495,0.0,0.0,0.0,426.99240221275073,317.0735659995674,0.0
Sulawesi Barat_2003,0.0,0.0,0.0,0.0,0.0,0.0,1.0,0.0,0.0,0.0,0.0,2.818431697773932,1.409215848886966,0.704607924443483,0.0,0.0,7.04607924443483,1.409215848886966
Sulawesi Barat_2004,5.0,0.0,0.0,1.0,0.0,0.0,0.0,0.0,0.0,0.0,0.0,0.0,0.0,0.0,0.0,0.0,0.0,4.932255471104382
Sulawesi Barat_2005,1.0,0.0,0.0,0.0,0.0,1.0,0.0,0.0,0.0,0.0,0.0,0.0,0.0,0.0,0.0,0.0,0.0,0.0
Sulawesi Barat_2006,0.0,0.0,0.0,1.0,0.0,0.0,0.0,0.0,0.0,0.0,0.0,0.0,0.0,0.0,0.0,0.0,0.0,0.0
Sulawesi Barat_2007,0.0,0.0,0.0,3.0,0.0,0.0,3.0,0.0,2.0,0.0,0.0,6.341471319991347,0.0,0.0,0.0,0.0,42.981083391052465,1.409215848886966
Sulawesi Barat_2008,0.0,1.0,0.0,5.0,0.0,0.0,0.0,1.0,0.0,0.0,0.0,2.1138237733304495,0.0,11.978334715539212,0.0,2113.823773330449,27.47970905329584,1.409215848886966
Sulawesi Barat_2009,0.0,0.0,0.0,2.0,0.0,0.0,0.0,0.0,1.0,0.0,0.0,7.750687168878313,2.1138237733304495,83.84834300877449,1176.6952338206167,1979.9482676861876,4365.046091927377,2.818431697773932
Sulawesi Barat_2010,0.0,1.0,0.0,13.0,0.0,0.0,2.0,0.0,2.0,0.0,0.0,3.523039622217415,2.818431697773932,115.55569960873122,0.0,376.26063165281994,403.0357327816723,7.04607924443483
Sulawesi Barat_2011,5.0,0.0,0.0,3.0,0.0,0.0,1.0,2.0,8.0,0.0,0.0,0.0,0.0,0.704607924443483,0.0,314.9597422262369,786.342443678927,4.227647546660899
Sulawesi Barat_2012,3.0,0.0,0.0,4.0,0.0,0.0,1.0,0.0,0.0,0.0,0.0,9.864510942208764,1.409215848886966,4.932255471104382,0.0,0.0,4.227647546660899,0.0
Sulawesi Barat_2013,0.0,0.0,0.0,9.0,0.0,0.0,1.0,1.0,2.0,0.0,0.0,9.159903017765279,1.409215848886966,114.14648375984424,2766.9953192895578,988.5649179942067,3122.1177132090734,11.273726791095728
Sulawesi Barat_2014,0.0,0.0,0.0,3.0,0.0,0.0,0.0,0.0,4.0,0.0,0.0,0.0,0.0,0.0,0.0,0.0,90.18981432876582,1.409215848886966
Sulawesi Barat_2015,0.0,1.0,0.0,2.0,0.0,0.0,0.0,0.0,3.0,0.0,0.0,0.0,0.0,0.0,188.83492375085345,0.0,76.80226376433964,2.1138237733304495
Sulawesi Barat_2016,0.0,0.0,0.0,6.0,0.0,0.0,0.0,0.0,3.0,0.0,0.0,0.0,0.0,0.704607924443483,219.8376724263667,438.26612900384646,79.62069546211359,5.636863395547864
Sulawesi Barat_2017,0.0,0.0,0.0,8.0,0.0,0.0,0.0,2.0,2.0,0.0,0.0,0.0,0.0,0.0,2021.520135228353,164.17364639533156,57.77784980436561,4.932255471104382
Sulawesi Barat_2018,0.0,2.0,1.0,5.0,0.0,0.0,1.0,0.0,4.0,0.0,0.0,0.704607924443483,0.0,4.932255471104382,3859.8422101014003,32865.732027741826,197.99482676861874,7.750687168878313
Sulawesi Barat_2019,0.0,0.0,0.0,6.0,0.0,0.0,1.0,0.0,4.0,0.0,0.0,0.0,0.0,0.0,4663.095243966971,141.6261928131401,214.20080903081885,4.227647546660899
Sulawesi Barat_2020,0.0,1.0,0.0,3.0,2.0,0.0,2.0,0.0,3.0,0.0,0.0,2.1138237733304495,0.0,3.523039622217415,4949.870669215468,1668.5115650821679,20.433629808861006,4.227647546660899
Sulawesi Barat_2021,0.0,6.0,0.0,3.0,2.0,0.0,1.0,0.0,2.0,0.0,0.0,76.09765583989618,2.1138237733304495,7839.467767358192,14433.89333222475,67231.57432662383,11395.623962024452,348.07631467508065
Sulawesi Barat_2022,0.0,0.0,0.0,0.0,0.0,0.0,0.0,0.0,0.0,0.0,0.0,0.0,0.0,0.0,0.0,0.0,0.0,0.0
Sulawesi Selatan_2002,0.0,0.0,0.0,3.0,0.0,0.0,0.0,0.0,0.0,0.0,0.0,1.7633751176088543,0.0,6629.078121815936,0.0,6195.287842884159,1836.9960287690244,12.012992988710323
Sulawesi Selatan_2003,0.0,0.0,0.0,5.0,0.0,0.0,1.0,0.0,3.0,0.0,0.0,2.6450626764132816,0.0,0.8816875588044272,0.0,0.0,367.7739229662967,1.3225313382066408
Sulawesi Selatan_2004,42.0,0.0,0.0,8.0,0.0,0.0,2.0,0.0,3.0,0.0,0.0,3.9675940146199227,0.0,3.9675940146199227,289.4139411775532,22.042188970110683,304.84347345663076,6.943289525584865
Sulawesi Selatan_2005,7.0,0.0,0.0,4.0,0.0,0.0,1.0,0.0,3.0,0.0,0.0,0.0,0.0,0.3306328345516602,0.0,282.6910735416695,60.94665250235604,0.4408437794022136
Sulawesi Selatan_2006,32.0,0.0,0.0,30.0,0.0,0.0,3.0,1.0,9.0,0.0,0.0,25.458728260477837,1.102109448505534,4.18801590432103,463.21660120687596,1021.9860915991817,491.21018119891653,32.953072510315465
Sulawesi Selatan_2007,2.0,0.0,0.0,29.0,0.0,0.0,3.0,2.0,16.0,0.0,0.0,2.424640786712175,0.2204218897011068,0.0,1890.6687589112437,1664.6261110227588,128.5059616957453,18.846071569444636
Sulawesi Selatan_2008,1.0,0.0,0.0,30.0,0.0,0.0,0.0,0.0,9.0,0.0,0.0,1.4327422830571943,0.1102109448505534,7.494344249837632,3703.087746978594,319.832161956306,13.004891492365303,1.4327422830571943
Sulawesi Selatan_2009,24.0,0.0,0.0,22.0,0.0,0.0,3.0,0.0,4.0,0.0,0.0,3.5267502352177087,0.4408437794022136,19.06649345914574,245.88061796158465,252.71369654231896,139.6372671256512,0.4408437794022136
Sulawesi Selatan_2010,7.0,0.0,0.0,75.0,0.0,0.0,9.0,0.0,22.0,0.0,0.0,2.975695510964942,0.3306328345516602,2.5348517315627284,5919.099215088672,362.5940085583207,289.63436306725436,84.75221659007556
Sulawesi Selatan_2011,34.0,0.0,0.0,19.0,0.0,0.0,1.0,0.0,24.0,0.0,0.0,1.3225313382066408,0.0,4.18801590432103,0.0,9.918985036549808,135.00840744192791,2.6450626764132816
Sulawesi Selatan_2012,10.0,0.0,0.0,17.0,0.0,0.0,5.0,0.0,16.0,0.0,0.0,0.6612656691033204,0.0,3.9675940146199227,327.3265062061436,693.5574759445326,321.7057480187654,11.792571099009214
Sulawesi Selatan_2013,4.0,0.0,0.0,29.0,0.0,0.0,6.0,0.0,16.0,0.0,0.0,0.8816875588044272,0.1102109448505534,0.0,1124.0414265307943,18.18480590034131,154.84637751502754,2.094007952160515
Sulawesi Selatan_2014,0.0,0.0,0.0,18.0,0.0,6.0,3.0,1.0,26.0,0.0,0.0,0.6612656691033204,0.1102109448505534,0.0,89.27086532894826,112.96621847181724,181.627637113712,1.5429532279077478
Sulawesi Selatan_2015,0.0,0.0,0.0,14.0,0.0,2.0,7.0,1.0,23.0,0.0,0.0,0.0,0.1102109448505534,0.4408437794022136,2142.9416116741604,47.831550065140185,65.7959340757804,0.9918985036549807
Sulawesi Selatan_2016,0.0,0.0,0.0,29.0,0.0,0.0,10.0,0.0,17.0,0.0,0.0,0.6612656691033204,0.2204218897011068,4.7390706285737965,13264.548478433206,300.10440282805695,85.96453698343166,3.6369611800682624
Sulawesi Selatan_2017,0.0,0.0,0.0,32.0,0.0,0.0,11.0,1.0,27.0,0.0,0.0,1.653164172758301,0.0,3.747172124918816,6918.271641103789,251.39116520411233,63.48150423391876,7.604555194688185
Sulawesi Selatan_2018,3.0,2.0,0.0,39.0,0.0,1.0,27.0,5.0,110.0,0.0,0.0,1.653164172758301,0.0,2.7552736212638353,12685.389963243548,121.3422502804593,196.39590372368616,32.07138495151104
Sulawesi Selatan_2019,3.0,0.0,0.0,46.0,0.0,27.0,20.0,1.0,68.0,0.0,0.0,9.147508422595932,0.3306328345516602,6.5024457461826515,40424.603094569036,940.4299924097722,309.2519112506529,39.12488542194646
Sulawesi Selatan_2020,0.0,0.0,0.0,49.0,3.0,0.0,30.0,5.0,78.0,0.0,0.0,6.5024457461826515,0.9918985036549807,13.115102437215855,23180.116975692647,2273.2109484875145,1246.9266300391612,67.88994202794089
Sulawesi Selatan_2021,0.0,1.0,0.0,15.0,4.0,0.0,4.0,1.0,33.0,0.0,0.0,0.1102109448505534,0.0,1.2123203933560875,4501.676253365705,32.732650620614365,58.74243360534497,3.4165392903671554
Sulawesi Selatan_2022,0.0,2.0,0.0,1.0,0.0,0.0,3.0,0.0,2.0,0.0,0.0,0.0,0.0,0.0,0.0,0.0,0.9918985036549807,0.1102109448505534
Sulawesi Tengah_2002,0.0,3.0,0.0,2.0,0.0,0.0,0.0,0.0,0.0,0.0,0.0,3.6841862001102577,0.0,133.6354812585448,0.0,3684.5211261284494,1665.5870884680282,11.387484618522615
Sulawesi Tengah_2003,0.0,0.0,0.0,5.0,0.0,0.0,0.0,0.0,1.0,0.0,0.0,0.0,0.6698520363836832,5.023890272877624,0.0,626.6465800369356,53.588162910694656,2.6794081455347327
Sulawesi Tengah_2004,1.0,1.0,0.0,6.0,0.0,0.0,0.0,2.0,0.0,0.0,0.0,1.674630090959208,0.0,0.0,334.59109217364977,0.0,134.97518533131216,12.39226267309814
Sulawesi Tengah_2005,0.0,1.0,0.0,2.0,0.0,0.0,0.0,0.0,0.0,0.0,0.0,0.3349260181918416,0.0,1.004778054575525,0.0,0.0,16.74630090959208,0.3349260181918416
Sulawesi Tengah_2006,0.0,0.0,0.0,4.0,0.0,0.0,0.0,0.0,0.0,0.0,0.0,0.0,0.0,80.38224436604199,0.0,1039.6103604674763,3.349260181918416,0.0
Sulawesi Tengah_2007,1.0,0.0,0.0,11.0,0.0,0.0,2.0,0.0,1.0,0.0,0.0,28.468711546306537,5.023890272877624,2512.614988475196,0.0,14074.261136457568,121.91307062183034,31.483045710033114
Sulawesi Tengah_2008,0.0,0.0,0.0,29.0,0.0,0.0,4.0,2.0,3.0,0.0,0.0,1.674630090959208,0.6698520363836832,19.425709055126813,767.3155076775091,3127.8740838936087,205.64457516979076,13.397040727673664
Sulawesi Tengah_2009,3.0,0.0,0.0,4.0,0.0,0.0,1.0,1.0,1.0,0.0,0.0,1.004778054575525,0.0,0.0,0.0,33.827527837376,138.3244455132306,3.349260181918416
Sulawesi Tengah_2010,1.0,1.0,0.0,27.0,0.0,0.0,1.0,0.0,3.0,0.0,0.0,4.354038236493941,1.004778054575525,47.22456856504967,1580.8508058654922,313.49075302756376,254.54377382579963,13.731966745865506
Sulawesi Tengah_2011,0.0,0.0,0.0,12.0,0.0,0.0,0.0,1.0,1.0,0.0,0.0,2.6794081455347327,0.3349260181918416,0.0,338.27527837376005,663.82336805623,308.80178877287796,13.397040727673664
Sulawesi Tengah_2012,0.0,1.0,0.0,10.0,0.0,0.0,1.0,0.0,0.0,0.0,0.0,4.354038236493941,2.00955610915105,237.79747291620754,976.64426904741,713.3924187486226,719.7560130942676,6.698520363836832
Sulawesi Tengah_2013,2.0,0.0,0.0,12.0,0.0,0.0,1.0,0.0,2.0,0.0,0.0,1.004778054575525,0.0,2.344482127342891,838.9896755705632,760.2820612954805,306.1223806273432,3.6841862001102577
Sulawesi Tengah_2014,0.0,0.0,0.0,24.0,0.0,0.0,3.0,1.0,3.0,0.0,0.0,1.004778054575525,0.6698520363836832,11.052558600330773,8182.577550444882,304.44775053638404,76.69805816593173,12.39226267309814
Sulawesi Tengah_2015,0.0,0.0,0.0,11.0,0.0,0.0,1.0,1.0,0.0,0.0,0.0,0.0,0.3349260181918416,0.0,4314.516966347303,193.92216453307628,45.215012455898616,6.363594345644991
Sulawesi Tengah_2016,0.0,0.0,0.0,10.0,0.0,1.0,0.0,0.0,1.0,0.0,0.0,0.3349260181918416,0.0,0.3349260181918416,177.51078964167604,276.31396500826935,10.047780545755248,3.0143341637265744
Sulawesi Tengah_2017,0.0,2.0,0.0,29.0,0.0,0.0,3.0,0.0,3.0,0.0,0.0,3.6841862001102577,1.674630090959208,9.043002491179724,96075.87280045712,695.9762658026469,214.68757766097048,24.114673309812595
Sulawesi Tengah_2018,0.0,0.0,4.0,7.0,0.0,0.0,0.0,1.0,1.0,0.0,0.0,1230.1832648186341,223.39565413395835,1492.4303370628463,2506.5863201477423,58860.56828907063,33431.31035785505,758.6074312045212
Sulawesi Tengah_2019,0.0,2.0,0.0,18.0,0.0,2.0,1.0,0.0,0.0,0.0,0.0,1.3397040727673664,0.6698520363836832,11.722410636714457,4080.403679631206,4825.279144089862,195.26186860584366,30.143341637265745
Sulawesi Tengah_2020,0.0,1.0,0.0,43.0,4.0,1.0,5.0,0.0,2.0,0.0,0.0,0.0,0.3349260181918416,4.0191122183021,16611.32572426077,2198.78930942944,214.68757766097048,9.712854527563406
Sulawesi Tengah_2021,0.0,3.0,0.0,60.0,0.0,0.0,4.0,0.0,17.0,0.0,0.0,3.0143341637265744,0.3349260181918416,1.004778054575525,742.1960563131211,321.1940514459761,168.46778715049635,5.6937423092613075
Sulawesi Tengah_2022,0.0,0.0,0.0,48.0,1.0,2.0,4.0,0.0,7.0,0.0,0.0,0.3349260181918416,0.0,0.3349260181918416,0.0,406.6001860848957,154.73582040463083,22.440043218853386
Sulawesi Tenggara_2002,0.0,0.0,0.0,2.0,0.0,0.0,0.0,0.0,0.0,0.0,0.0,1.1429115672174865,0.0,0.0,0.0,2565.836468403257,493.7377970379541,15.238820896233154
Sulawesi Tenggara_2003,0.0,0.0,0.0,0.0,0.0,0.0,0.0,0.0,0.0,0.0,0.0,0.0,0.0,0.0,0.0,0.0,0.0,0.0
Sulawesi Tenggara_2004,5.0,0.0,0.0,0.0,0.0,0.0,0.0,0.0,0.0,0.0,0.0,0.0,0.0,0.0,0.0,0.0,0.0,0.0
Sulawesi Tenggara_2005,0.0,1.0,0.0,2.0,0.0,0.0,0.0,0.0,0.0,0.0,0.0,0.0,0.0,0.0,1500.261917234154,0.0,38.478022762988715,2.666793656840802
Sulawesi Tenggara_2006,0.0,0.0,0.0,1.0,0.0,0.0,1.0,0.0,1.0,0.0,0.0,0.7619410448116577,0.0,0.0,0.0,76.19410448116577,33.90637649411877,0.0
Sulawesi Tenggara_2007,0.0,0.0,0.0,1.0,0.0,0.0,2.0,0.0,0.0,0.0,0.0,0.0,0.0,0.0,0.0,0.0,153.91209105195486,1.5238820896233154
Sulawesi Tenggara_2008,0.0,0.0,0.0,3.0,0.0,0.0,0.0,0.0,0.0,0.0,0.0,0.0,0.0,48.002285823134436,0.0,165.34120672412973,0.0,1.9048526120291442
Sulawesi Tenggara_2009,1.0,4.0,0.0,28.0,0.0,0.0,12.0,6.0,37.0,0.0,0.0,1.5238820896233154,0.0,0.0,0.0,2625.2678698985665,306.3003000142864,19.8104671651031
Sulawesi Tenggara_2010,0.0,0.0,0.0,65.0,0.0,0.0,5.0,4.0,15.0,0.0,0.0,30.09667127006048,5.333587313681604,105.5288347064146,506.6907947997523,1250.726225058336,394.68546121243867,36.954140673365394
Sulawesi Tenggara_2011,1.0,2.0,0.0,4.0,0.0,0.0,0.0,0.0,6.0,0.0,0.0,0.0,0.0,7.238439925710748,0.0,1523.8820896233153,369.9223772560598,9.143292537739892
Sulawesi Tenggara_2012,12.0,0.0,0.0,37.0,0.0,1.0,10.0,4.0,35.0,0.0,0.0,1.1429115672174865,0.0,2.285823134434973,2224.1059098052287,215.24834515929328,1478.9275679794275,12.191056716986523
Sulawesi Tenggara_2013,2.0,0.0,0.0,18.0,0.0,0.0,1.0,0.0,8.0,0.0,0.0,1.9048526120291442,0.0,2.666793656840802,5947.7117957998,5077.956093147292,4118.672317729416,13.714938806609839
Sulawesi Tenggara_2014,0.0,0.0,0.0,5.0,0.0,0.0,3.0,0.0,6.0,0.0,0.0,1.9048526120291442,0.0,0.0,0.0,45.71646268869946,50.66907947997524,1.1429115672174865
Sulawesi Tenggara_2015,1.0,0.0,0.0,3.0,0.0,1.0,0.0,0.0,3.0,0.0,0.0,0.0,0.0,0.38097052240582885,7009.09567122244,24.763083956378875,16.76270298585647,0.38097052240582885
Sulawesi Tenggara_2016,0.0,0.0,0.0,6.0,0.0,0.0,0.0,0.0,7.0,0.0,0.0,0.0,0.0,0.0,0.0,518.500880994333,46.478403733511115,0.38097052240582885
Sulawesi Tenggara_2017,0.0,0.0,0.0,21.0,0.0,0.0,3.0,0.0,4.0,0.0,0.0,1.5238820896233154,0.0,2.285823134434973,7827.801323872564,3580.3609695699797,1230.1538168484212,4.952616791275775
Sulawesi Tenggara_2018,0.0,0.0,0.0,17.0,0.0,0.0,5.0,0.0,4.0,0.0,0.0,1.1429115672174865,0.38097052240582885,4.571646268869946,10291.918662793467,1582.1705795514072,27.810848135625506,5.714557836087432
Sulawesi Tenggara_2019,1.0,0.0,0.0,8.0,0.0,4.0,3.0,0.0,4.0,0.0,0.0,0.7619410448116577,0.0,0.0,46197.24748797561,16902.51916757941,2600.5047859421875,35.43025858374208
Sulawesi Tenggara_2020,0.0,0.0,0.0,6.0,0.0,0.0,2.0,1.0,7.0,0.0,0.0,0.0,0.0,0.0,7938.6637458926625,5405.971712938712,79.62283918281823,30.477641792466308
Sulawesi Tenggara_2021,0.0,1.0,0.0,10.0,1.0,0.0,5.0,2.0,14.0,0.0,0.0,0.0,0.0,0.7619410448116577,1696.8427067955615,48.002285823134436,21.334349254726416,3.047764179246631
Sulawesi Tenggara_2022,0.0,0.0,0.0,19.0,0.0,0.0,2.0,0.0,3.0,0.0,0.0,0.0,0.0,0.0,1.9048526120291442,30.858612314872133,10.28620410495738,0.0
Sulawesi Utara_2002,0.0,0.0,0.0,1.0,0.0,0.0,0.0,0.0,0.0,0.0,2.0,2.6697961763179165,0.0,0.7627989075194046,0.0,4047.4110032979606,0.0,0.7627989075194046
Sulawesi Utara_2003,0.0,0.0,0.0,1.0,0.0,0.0,0.0,1.0,0.0,0.0,1.0,0.0,0.0,0.0,0.0,38.13994537597023,8.390787982713451,0.0
Sulawesi Utara_2004,3.0,0.0,0.0,3.0,0.0,0.0,0.0,0.0,1.0,0.0,1.0,0.0,0.0,0.0,2380.695390368062,12205.926718671753,4.9581928988761295,1.9069972687985117
Sulawesi Utara_2005,1.0,0.0,0.0,2.0,0.0,0.0,0.0,0.0,0.0,0.0,1.0,0.3813994537597023,0.0,0.7627989075194046,400.4694264476874,0.0,4168.314630139787,0.0
Sulawesi Utara_2006,1.0,2.0,0.0,11.0,0.0,0.0,1.0,1.0,0.0,0.0,1.0,16.781575965426903,1.5255978150388092,8087.956816428248,18104.26927106555,22019.716063362655,1804.0194162833918,145.31319188244657
Sulawesi Utara_2007,0.0,2.0,0.0,8.0,0.0,0.0,0.0,0.0,0.0,0.0,2.0,18.30717378046571,0.7627989075194046,14.111779789108986,4023.3828377111,10101.364532825715,340.9711116611739,48.819130081241894
Sulawesi Utara_2008,0.0,0.0,0.0,8.0,0.0,0.0,3.0,6.0,0.0,0.0,2.0,0.7627989075194046,1.9069972687985117,1.9069972687985117,711.3099812618448,344.0223072912515,145.31319188244657,8.390787982713451
Sulawesi Utara_2009,0.0,1.0,0.0,2.0,0.0,0.0,0.0,0.0,0.0,0.0,0.0,2.288396722558214,0.3813994537597023,29.749157393256784,2326.536667934184,266.9796176317916,836.4090020950272,14.111779789108986
Sulawesi Utara_2010,3.0,0.0,0.0,3.0,0.0,0.0,4.0,0.0,0.0,0.0,1.0,1.5255978150388092,1.5255978150388092,3.8139945375970234,38.13994537597023,21.358369410543332,220.06748481934824,0.0
Sulawesi Utara_2011,0.0,0.0,0.0,9.0,0.0,0.0,5.0,2.0,3.0,0.0,2.0,2.6697961763179165,0.0,2.6697961763179165,0.0,2332.2576597405796,965.7034169195663,17.544374872946307
Sulawesi Utara_2012,0.0,0.0,0.0,3.0,0.0,0.0,3.0,0.0,2.0,0.0,6.0,2.6697961763179165,0.0,3.4325950838373207,649.1418702990134,166.6715612929899,44.62373608988518,1.9069972687985117
Sulawesi Utara_2013,0.0,0.0,0.0,8.0,0.0,0.0,2.0,0.0,1.0,0.0,0.0,8.00938852895375,0.3813994537597023,0.7627989075194046,0.0,1714.009145196102,119.75942848054652,8.390787982713451
Sulawesi Utara_2014,0.0,1.0,0.0,13.0,0.0,0.0,4.0,1.0,4.0,0.0,0.0,10.679184705271666,13.730380335349283,3.8139945375970234,582.0155664373058,16007.335074294706,466.4515319481159,9.534986343992557
Sulawesi Utara_2015,0.0,2.0,0.0,7.0,0.0,1.0,4.0,0.0,2.0,0.0,2.0,0.0,0.0,0.0,0.0,3289.188889223673,30.893355754535886,0.3813994537597023
Sulawesi Utara_2016,0.0,0.0,0.0,7.0,0.0,0.0,5.0,0.0,2.0,0.0,2.0,4.9581928988761295,0.7627989075194046,0.0,3598.5038462227913,840.2229966326242,71.70309730682403,8.772187436473153
Sulawesi Utara_2017,0.0,0.0,0.0,18.0,0.0,0.0,5.0,3.0,12.0,0.0,0.0,0.3813994537597023,0.3813994537597023,4.9581928988761295,12039.255157378764,5648.144510727431,921.8424797372006,117.85243121174801
Sulawesi Utara_2018,0.0,0.0,0.0,10.0,0.0,0.0,8.0,0.0,4.0,0.0,3.0,3.0511956300776184,0.3813994537597023,1.5255978150388092,2601.5256740949294,9.916385797752259,37.37714646845083,0.0
Sulawesi Utara_2019,1.0,2.0,0.0,5.0,0.0,0.0,4.0,0.0,6.0,0.0,1.0,8.00938852895375,0.0,7.627989075194047,6547.103023239049,418.0138013206338,401.99502426272625,5.720991806395535
Sulawesi Utara_2020,0.0,1.0,0.0,6.0,5.0,0.0,2.0,3.0,4.0,0.0,0.0,2.6697961763179165,0.3813994537597023,3.0511956300776184,21107.408569969448,318.46854388935145,2974.9157393256783,16.781575965426903
Sulawesi Utara_2021,0.0,2.0,0.0,15.0,3.0,0.0,1.0,4.0,9.0,0.0,0.0,3.4325950838373207,0.0,1.144198361279107,3818.5713310421397,1558.7795675159034,54.92152134139713,4.576793445116428
Sulawesi Utara_2022,0.0,1.0,0.0,15.0,0.0,0.0,23.0,0.0,8.0,0.0,0.0,0.0,0.0,0.0,0.3813994537597023,2.6697961763179165,6.102391260155237,1.144198361279107
Sumatera Barat_2002,0.0,0.0,0.0,5.0,0.0,0.0,0.0,0.0,0.0,0.0,0.0,5.059199865858929,0.0,0.0,0.0,3062.6227759396015,53.48297001050868,0.36137141898992353
Sumatera Barat_2003,0.0,1.0,0.0,8.0,0.0,0.0,2.0,1.0,0.0,0.0,0.0,0.0,0.0,0.18068570949496177,415.577131838412,265.6079929575938,96.30548316081462,3.975085608889159
Sumatera Barat_2004,4.0,3.0,0.0,5.0,0.0,0.0,2.0,0.0,2.0,0.0,0.0,9.034285474748087,1.0841142569697706,8.672914055758165,599.876555523273,108.41142569697706,258.74193599678523,23.308456524850065
Sumatera Barat_2005,0.0,0.0,0.0,0.0,0.0,0.0,0.0,0.0,0.0,0.0,0.0,0.0,0.0,0.0,0.0,0.0,0.0,0.0
Sumatera Barat_2006,0.0,1.0,0.0,16.0,0.0,0.0,4.0,0.0,1.0,0.0,0.0,5.9626284133337375,0.9034285474748087,3.2523427709093116,0.0,487.1286727984169,518.9293576695302,13.732113921617094
Sumatera Barat_2007,0.0,22.0,0.0,20.0,0.0,0.0,8.0,6.0,1.0,0.0,0.0,19.514056625455872,0.36137141898992353,160.2682243220311,2946.0804933153513,26236.287761506428,14120.226825612272,1079.4164285229015
Sumatera Barat_2008,0.0,2.0,0.0,14.0,0.0,0.0,3.0,0.0,0.0,0.0,0.0,1.8068570949496174,0.0,0.7227428379798471,0.0,90.34285474748089,66.85371251313585,3.07165706141435
Sumatera Barat_2009,5.0,18.0,0.0,25.0,0.0,0.0,5.0,1.0,1.0,0.0,0.0,216.10010855597426,0.36137141898992353,327.9445627333556,130.4550822553624,1886.7201785463908,49091.042469814645,1453.7972185964622
Sumatera Barat_2010,1.0,0.0,0.0,40.0,0.0,0.0,15.0,1.0,2.0,1.0,0.0,84.74159775313706,11.20251398868763,106.96594002101736,36.13714189899235,3158.9282591004167,201.28388037738742,9.757028312727936
Sumatera Barat_2011,12.0,0.0,0.0,15.0,0.0,5.0,6.0,0.0,8.0,0.0,0.0,2.348914223434503,0.5420571284848853,0.7227428379798471,583.6148416687264,9446.790949525086,773.3348366384364,7.588799798788394
Sumatera Barat_2012,2.0,0.0,0.0,38.0,0.0,4.0,29.0,4.0,13.0,1.0,0.0,3.4330284804042734,0.36137141898992353,2.168228513939541,538.443414294986,2204.3656558385333,307.5270775604249,16.984456692526404
Sumatera Barat_2013,1.0,0.0,0.0,22.0,0.0,0.0,12.0,3.0,14.0,0.0,0.0,5.059199865858929,0.7227428379798471,3.975085608889159,203.6327946008219,2861.8809526906994,104.25565437859294,6.1433141228287
Sumatera Barat_2014,0.0,2.0,0.0,16.0,0.0,1.0,22.0,1.0,18.0,0.0,0.0,1.0841142569697706,0.0,1.8068570949496174,2205.811141514493,157.19656726061672,98.2930259652592,13.37074250262717
Sumatera Barat_2015,0.0,1.0,0.0,26.0,0.0,0.0,44.0,0.0,18.0,0.0,0.0,2.7102856424244264,0.18068570949496177,5.239885575353891,2986.012035113738,1863.0503506025507,154.66696732768727,6.685371251313585
Sumatera Barat_2016,0.0,2.0,0.0,27.0,0.0,3.0,10.0,2.0,26.0,0.0,0.0,5.239885575353891,1.2647999664647323,6.866056960808547,1920.8697776409383,397.50856088891584,619.5712978582238,10.118399731717858
Sumatera Barat_2017,0.0,3.0,0.0,27.0,0.0,0.0,8.0,0.0,24.0,0.0,0.0,1.9875428044445795,0.0,1.4454856759596941,6423.738343964881,170.5673097632439,53.66365572000364,4.878514156363968
Sumatera Barat_2018,0.0,2.0,0.0,50.0,0.0,1.0,14.0,2.0,25.0,0.0,2.0,3.613714189899235,0.5420571284848853,6.504685541818623,3641.5397891614593,372.93530439760104,77.69485508283356,17.52651382101129
Sumatera Barat_2019,2.0,3.0,0.0,29.0,0.0,6.0,13.0,3.0,47.0,0.0,0.0,1.2647999664647323,0.7227428379798471,14.816228178586863,6115.66920927597,457.31553073174825,187.0097093272854,97.93165454626927
Sumatera Barat_2020,0.0,0.0,0.0,75.0,13.0,11.0,55.0,4.0,93.0,0.0,0.0,3.4330284804042734,0.18068570949496177,1.2647999664647323,6340.6229175971985,988.3508309374408,89.62011190950103,19.875428044445794
Sumatera Barat_2021,1.0,1.0,0.0,17.0,1.0,7.0,9.0,0.0,23.0,0.0,0.0,1.4454856759596941,0.0,2.168228513939541,5471.886026345422,0.0,49.1465129826296,3.613714189899235
Sumatera Barat_2022,0.0,0.0,0.0,0.0,0.0,0.0,11.0,0.0,24.0,0.0,0.0,0.0,0.0,0.0,0.0,0.0,0.0,0.0
Sumatera Selatan_2002,0.0,0.0,0.0,1.0,0.0,0.0,0.0,0.0,0.0,0.0,0.0,2.5981903368104993,0.0,0.0,0.0,0.0,1.6533938506975905,0.0
Sumatera Selatan_2003,3.0,0.0,0.0,4.0,0.0,0.0,0.0,0.0,0.0,0.0,0.0,0.0,0.0,0.0,885.7467057308521,613.8815168518626,11.80995607641136,1.2990951684052496
Sumatera Selatan_2004,1.0,0.0,0.0,3.0,0.0,0.0,0.0,0.0,2.0,0.0,0.0,0.0,0.0,0.0,0.0,48.30272035252246,99.20363104185543,0.590497803820568
Sumatera Selatan_2005,0.0,0.0,0.0,7.0,0.0,0.0,0.0,0.0,2.0,0.0,0.0,0.0,0.0,0.0,34.485071743121175,0.0,2263.850480287294,10.51086090800611
Sumatera Selatan_2006,0.0,0.0,0.0,5.0,0.0,0.0,1.0,0.0,0.0,0.0,1.0,0.3542986822923408,0.0,0.0,0.0,0.0,0.0,0.23619912152822722
Sumatera Selatan_2007,0.0,0.0,0.0,12.0,0.0,0.0,0.0,0.0,10.0,0.0,0.0,0.23619912152822722,0.0,126.01223133530922,1859.0051859879122,0.0,137.34978916866413,0.47239824305645445
Sumatera Selatan_2008,6.0,1.0,0.0,9.0,0.0,0.0,0.0,0.0,2.0,0.0,0.0,0.11809956076411361,0.0,3.4248872621592943,0.0,25.98190336810499,116.3280673526519,4.015385065979863
Sumatera Selatan_2009,2.0,0.0,0.0,6.0,0.0,0.0,0.0,0.0,1.0,0.0,0.0,0.0,0.0,0.23619912152822722,118.0995607641136,23.61991215282272,1.180995607641136,0.0
Sumatera Selatan_2010,1.0,0.0,0.0,36.0,0.0,0.0,3.0,0.0,12.0,0.0,0.0,0.8266969253487952,0.0,19.722626647606972,9142.677496553855,109.83259151062565,49.4837159601636,9.211765739600862
Sumatera Selatan_2011,7.0,0.0,0.0,6.0,0.0,2.0,6.0,0.0,16.0,0.0,0.0,0.47239824305645445,0.0,0.23619912152822722,150.9312386565372,7.085973645846816,34.248872621592945,0.590497803820568
Sumatera Selatan_2012,6.0,0.0,0.0,34.0,0.0,1.0,10.0,0.0,32.0,0.0,0.0,0.47239824305645445,0.0,0.0,13445.753092555098,14.171947291693632,101.21132357484537,2.125792093754045
Sumatera Selatan_2013,0.0,0.0,0.0,32.0,0.0,0.0,13.0,0.0,22.0,0.0,0.0,2.125792093754045,0.0,1.6533938506975905,4142.342093801285,1.8895929722258178,123.76833968079104,1.6533938506975905
Sumatera Selatan_2014,0.0,1.0,0.0,32.0,0.0,0.0,8.0,0.0,23.0,0.0,0.0,0.9447964861129089,0.0,0.9447964861129089,11824.128023703055,152.34843338570653,106.64390336999459,3.542986822923408
Sumatera Selatan_2015,0.0,0.0,0.0,26.0,0.0,1.0,12.0,0.0,6.0,0.0,0.0,0.590497803820568,0.0,0.0,2712.8650103124537,0.0,23.147513909766268,3.897285505215749
Sumatera Selatan_2016,0.0,0.0,0.0,47.0,0.0,0.0,5.0,0.0,9.0,0.0,0.0,0.23619912152822722,0.11809956076411361,0.3542986822923408,25349.12592153087,295.3670014710481,38.26425768757281,4.015385065979863
Sumatera Selatan_2017,0.0,0.0,0.0,24.0,0.0,6.0,5.0,0.0,26.0,0.0,0.0,0.8266969253487952,0.0,3.070588579866954,2752.3102636076674,13.935748170165406,58.81358126052857,3.4248872621592943
Sumatera Selatan_2018,1.0,0.0,0.0,33.0,0.0,14.0,6.0,0.0,23.0,0.0,0.0,0.11809956076411361,0.0,0.23619912152822722,8272.63803240463,54.916295755312824,37.67375988375224,2.95248901910284
Sumatera Selatan_2019,0.0,0.0,0.0,48.0,0.0,41.0,16.0,0.0,16.0,0.0,0.0,0.47239824305645445,0.0,0.7085973645846816,2713.5736076770386,110.77738799673857,68.73394436471412,4.3696837482722035
Sumatera Selatan_2020,1.0,0.0,0.0,65.0,0.0,7.0,12.0,0.0,15.0,0.0,0.0,1.771493411461704,0.11809956076411361,0.0,4438.417692636917,48.538919474050694,148.09684919819844,6.731674963554475
Sumatera Selatan_2021,0.0,0.0,0.0,22.0,2.0,17.0,7.0,0.0,21.0,0.0,0.0,0.23619912152822722,0.0,0.47239824305645445,1037.386541751974,25.391405564284426,92.35385651753684,1.4171947291693632
Sumatera Selatan_2022,0.0,2.0,0.0,77.0,7.0,52.0,59.0,2.0,63.0,0.0,1.0,0.23619912152822722,0.0,1.771493411461704,793.7471478956076,298.90998829397154,86.09457979703882,10.392761347241997
Sumatera Utara_2002,0.0,0.0,0.0,7.0,0.0,1.0,0.0,0.0,0.0,0.0,0.0,1.2162687294404129,0.2702819398756473,0.3378524248445592,0.0,3224.4635427164726,4.8650749177616515,0.810845819626942
Sumatera Utara_2003,0.0,0.0,0.0,7.0,0.0,0.0,0.0,0.0,0.0,0.0,0.0,10.811277595025894,9.459867895647657,3.3785242484455917,27.028193987564734,459.9522911833829,30.406718236010324,0.47299339478238284
Sumatera Utara_2004,11.0,0.0,1.0,29.0,0.0,0.0,1.0,0.0,8.0,0.0,0.0,8.85173353092745,1.621691639253884,123.9242694329843,106.42351382603614,670.4343518615432,79.80074274828488,0.3378524248445592
Sumatera Utara_2005,0.0,0.0,0.0,0.0,0.0,0.0,0.0,0.0,0.0,0.0,0.0,0.0,0.0,0.0,0.0,0.0,0.0,0.0
Sumatera Utara_2006,1.0,2.0,0.0,34.0,0.0,0.0,1.0,1.0,9.0,0.0,0.0,4.256940553041445,0.0,894.7683619583305,67.57048496891184,5420.909727115921,654.4201469239111,11.08155953490154
Sumatera Utara_2007,0.0,0.0,0.0,30.0,0.0,0.0,3.0,1.0,2.0,0.0,0.0,0.8784163045958537,0.0,18.108889971668372,0.0,617.1212392210717,12.500539719248689,0.7432753346580302
Sumatera Utara_2008,1.0,3.0,0.0,27.0,0.0,0.0,2.0,0.0,4.0,0.0,0.0,0.2702819398756473,0.0,41.1504253460673,457.519753724502,645.1629904831702,61.21885938183412,5.067786372668388
Sumatera Utara_2009,2.0,0.0,0.0,26.0,0.0,1.0,1.0,0.0,4.0,0.0,0.0,0.9459867895647657,0.06757048496891183,0.2027114549067355,0.0,188.04865966848163,136.76266157707755,3.1082423085699444
Sumatera Utara_2010,0.0,1.0,0.0,26.0,0.0,0.0,5.0,1.0,4.0,0.0,2.0,2.0271145490673548,0.810845819626942,52.84011924568906,0.0,4536.817501782678,144.80354928837806,2.0271145490673548
Sumatera Utara_2011,2.0,4.0,0.0,31.0,0.0,0.0,4.0,0.0,4.0,0.0,0.0,2.094685034036267,0.06757048496891183,5.675920737388593,1217.2822867149466,2064.2783158002567,260.01122616037276,9.865290805461127
Sumatera Utara_2012,3.0,0.0,0.0,43.0,0.0,0.0,6.0,1.0,11.0,0.0,0.0,1.0811277595025892,0.13514096993782365,1.8244030941606195,800.3723944567607,642.5277415693827,138.18164176142471,1.8919735791295313
Sumatera Utara_2013,0.0,0.0,0.0,32.0,0.0,1.0,5.0,0.0,26.0,0.0,2.0,1.621691639253884,0.06757048496891183,1.621691639253884,6869.147931454608,4275.049443013114,77.0979233495284,0.9459867895647657
Sumatera Utara_2014,0.0,0.0,0.0,20.0,0.0,4.0,11.0,0.0,16.0,0.0,1.0,2.2298260039740905,0.06757048496891183,0.7432753346580302,1651.5577936101429,3124.8646478722967,33.6501015145181,1.4865506693160604
Sumatera Utara_2015,0.0,0.0,0.0,29.0,0.0,0.0,8.0,0.0,25.0,0.0,1.0,0.8784163045958537,0.13514096993782365,1.8919735791295313,5404.287387813569,825.373473895258,76.55735946977711,2.2973964889430025
Sumatera Utara_2016,0.0,0.0,0.0,22.0,0.0,5.0,5.0,0.0,40.0,0.0,1.0,2.56767842881865,0.2702819398756473,1.8244030941606195,6808.942629347308,593.8094219067972,149.26320129632623,50.54272275674605
Sumatera Utara_2017,0.0,2.0,0.0,45.0,0.0,0.0,5.0,0.0,25.0,0.0,4.0,1.0811277595025892,0.0,1.2162687294404129,11398.127256980892,974.0961113118329,91.963430042689,3.175812793538856
Sumatera Utara_2018,1.0,0.0,0.0,32.0,0.0,3.0,7.0,1.0,34.0,0.0,16.0,3.5812357033523274,1.0135572745336774,3.9866586131657984,11095.681766260042,250.95678117453858,65.81365235972014,6.486766557015536
Sumatera Utara_2019,0.0,0.0,0.0,22.0,0.0,7.0,9.0,0.0,32.0,0.0,1.0,0.47299339478238284,0.13514096993782365,0.405422909813471,1270.1899764456045,521.5765734750304,30.541859205948146,3.1082423085699444
Sumatera Utara_2020,0.0,1.0,0.0,76.0,2.0,17.0,11.0,1.0,40.0,0.0,2.0,1.8244030941606195,0.2702819398756473,3.9866586131657984,23559.05771877583,1794.7396512592672,217.30667966002048,6.892189466829007
Sumatera Utara_2021,0.0,0.0,0.0,64.0,1.0,32.0,71.0,1.0,57.0,0.0,2.0,1.0135572745336774,0.7432753346580302,1.4865506693160604,7295.2474096685655,69.59759951797918,777.6011410222374,4.121799583103622
Sumatera Utara_2022,0.0,2.0,0.0,19.0,0.0,27.0,29.0,2.0,25.0,0.0,0.0,0.13514096993782365,0.0,0.0,7213.08169994637,2.364966973911914,211.02262455791166,11.554552929683924
