run,cfg,surrogate,cluster_seed,fidelity,ari_to_ref,cluster,events_drought,events_earthquake,events_earthquake_tsunami,events_flood,events_flood_landslide,events_forest_fire,events_landslide,events_tidal_abrasion,events_tornado,events_tsunami,events_volcano,died,missing,injured,affected,evacuated,houses_damaged,facilities_damaged
0,"Cfg(cluster_seed=0, surrogate='dt', surrogate_seed=0, estimator='tree_path', bg_size=50, bg_seed=0)",dt,0,0.7623809523809524,0.8787043418332184,0,0.0,0.0,0.0,0.0,0.0,0.0,0.0,0.11507381507381509,0.34906759906759915,0.0,0.0,0.0,0.0,0.0,0.0,0.0,0.18690753690753686,0.05011655011655015
0,"Cfg(cluster_seed=0, surrogate='dt', surrogate_seed=0, estimator='tree_path', bg_size=50, bg_seed=0)",dt,0,0.7623809523809524,0.8787043418332184,1,0.0,0.0,0.0,0.0,0.0,0.0,0.0,0.05585858585858585,0.2574747474747475,0.0,0.0,0.0,0.0,0.0,0.0,0.0,0.07116161616161622,0.07196969696969695
1,"Cfg(cluster_seed=0, surrogate='dt', surrogate_seed=0, estimator='tree_int', bg_size=50, bg_seed=0)",dt,0,0.7623809523809524,0.8787043418332184,0,0.0,0.0,0.0,0.0,0.0,0.0,0.0,0.15073815186123746,0.294094792195967,0.0,0.0,0.0,0.0,0.0,0.0,0.0,0.1756021731939071,0.07342657342657344
1,"Cfg(cluster_seed=0, surrogate='dt', surrogate_seed=0, estimator='tree_int', bg_size=50, bg_seed=0)",dt,0,0.7623809523809524,0.8787043418332184,1,0.0,0.0,0.0,0.0,0.0,0.0,0.0,0.11010101008595838,0.189141414472551,0.0,0.0,0.0,0.0,0.0,0.0,0.0,0.09141414273868906,0.07045454545454545
2,"Cfg(cluster_seed=0, surrogate='dt', surrogate_seed=0, estimator='tree_int', bg_size=50, bg_seed=1)",dt,0,0.7623809523809524,0.8787043418332184,0,0.0,0.0,0.0,0.0,0.0,0.0,0.0,0.15073815186123746,0.294094792195967,0.0,0.0,0.0,0.0,0.0,0.0,0.0,0.1756021731939071,0.07342657342657344
2,"Cfg(cluster_seed=0, surrogate='dt', surrogate_seed=0, estimator='tree_int', bg_size=50, bg_seed=1)",dt,0,0.7623809523809524,0.8787043418332184,1,0.0,0.0,0.0,0.0,0.0,0.0,0.0,0.11010101008595838,0.189141414472551,0.0,0.0,0.0,0.0,0.0,0.0,0.0,0.09141414273868906,0.07045454545454545
3,"Cfg(cluster_seed=0, surrogate='dt', surrogate_seed=0, estimator='tree_int', bg_size=50, bg_seed=2)",dt,0,0.7623809523809524,0.8787043418332184,0,0.0,0.0,0.0,0.0,0.0,0.0,0.0,0.15073815186123746,0.294094792195967,0.0,0.0,0.0,0.0,0.0,0.0,0.0,0.1756021731939071,0.07342657342657344
3,"Cfg(cluster_seed=0, surrogate='dt', surrogate_seed=0, estimator='tree_int', bg_size=50, bg_seed=2)",dt,0,0.7623809523809524,0.8787043418332184,1,0.0,0.0,0.0,0.0,0.0,0.0,0.0,0.11010101008595838,0.189141414472551,0.0,0.0,0.0,0.0,0.0,0.0,0.0,0.09141414273868906,0.07045454545454545
4,"Cfg(cluster_seed=0, surrogate='dt', surrogate_seed=1, estimator='tree_path', bg_size=50, bg_seed=0)",dt,0,0.7034920634920635,0.8787043418332184,0,0.0,0.0,0.0,0.0,0.0,0.0,0.0,0.0,0.3815170940170941,0.0,0.08283799533799534,0.06760878010878012,0.0,0.0,0.0,0.0,0.19771756021756015,0.0
4,"Cfg(cluster_seed=0, surrogate='dt', surrogate_seed=1, estimator='tree_path', bg_size=50, bg_seed=0)",dt,0,0.7034920634920635,0.8787043418332184,1,0.0,0.0,0.0,0.0,0.0,0.0,0.0,0.0,0.26869318181818186,0.0,0.033869949494949474,0.07567550505050502,0.0,0.0,0.0,0.0,0.07179924242424247,0.0
5,"Cfg(cluster_seed=0, surrogate='dt', surrogate_seed=1, estimator='tree_int', bg_size=50, bg_seed=0)",dt,0,0.7034920634920635,0.8787043418332184,0,0.0,0.0,0.0,0.0,0.0,0.0,0.0,0.0,0.36655011418816097,0.0,0.06507381583218808,0.08954933973459098,0.0,0.0,0.0,0.0,0.19250194183040611,0.0
5,"Cfg(cluster_seed=0, surrogate='dt', surrogate_seed=1, estimator='tree_int', bg_size=50, bg_seed=0)",dt,0,0.7034920634920635,0.8787043418332184,1,0.0,0.0,0.0,0.0,0.0,0.0,0.0,0.0,0.23270202134594778,0.0,0.035227272230567354,0.07436868710951372,0.0,0.0,0.0,0.0,0.10138888909961234,0.0
6,"Cfg(cluster_seed=0, surrogate='dt', surrogate_seed=1, estimator='tree_int', bg_size=50, bg_seed=1)",dt,0,0.7034920634920635,0.8787043418332184,0,0.0,0.0,0.0,0.0,0.0,0.0,0.0,0.0,0.36655011418816097,0.0,0.06507381583218808,0.08954933973459098,0.0,0.0,0.0,0.0,0.19250194183040611,0.0
6,"Cfg(cluster_seed=0, surrogate='dt', surrogate_seed=1, estimator='tree_int', bg_size=50, bg_seed=1)",dt,0,0.7034920634920635,0.8787043418332184,1,0.0,0.0,0.0,0.0,0.0,0.0,0.0,0.0,0.23270202134594778,0.0,0.035227272230567354,0.07436868710951372,0.0,0.0,0.0,0.0,0.10138888909961234,0.0
7,"Cfg(cluster_seed=0, surrogate='dt', surrogate_seed=1, estimator='tree_int', bg_size=50, bg_seed=2)",dt,0,0.7034920634920635,0.8787043418332184,0,0.0,0.0,0.0,0.0,0.0,0.0,0.0,0.0,0.36655011418816097,0.0,0.06507381583218808,0.08954933973459098,0.0,0.0,0.0,0.0,0.19250194183040611,0.0
7,"Cfg(cluster_seed=0, surrogate='dt', surrogate_seed=1, estimator='tree_int', bg_size=50, bg_seed=2)",dt,0,0.7034920634920635,0.8787043418332184,1,0.0,0.0,0.0,0.0,0.0,0.0,0.0,0.0,0.23270202134594778,0.0,0.035227272230567354,0.07436868710951372,0.0,0.0,0.0,0.0,0.10138888909961234,0.0
8,"Cfg(cluster_seed=0, surrogate='dt', surrogate_seed=2, estimator='tree_path', bg_size=50, bg_seed=0)",dt,0,0.6279365079365079,0.8787043418332184,0,0.0,0.0,0.0,0.0,0.0,0.0,0.03932595182595182,0.0,0.3998154623154624,0.0,0.07471833721833722,0.05011655011655015,0.0,0.0,0.0,0.0,0.19892191142191137,0.0
8,"Cfg(cluster_seed=0, surrogate='dt', surrogate_seed=2, estimator='tree_path', bg_size=50, bg_seed=0)",dt,0,0.6279365079365079,0.8787043418332184,1,0.0,0.0,0.0,0.0,0.0,0.0,0.02870580808080809,0.0,0.2652462121212122,0.0,0.061938131313131285,0.06515151515151514,0.0,0.0,0.0,0.0,0.07097853535353539,0.0
9,"Cfg(cluster_seed=0, surrogate='dt', surrogate_seed=2, estimator='tree_int', bg_size=50, bg_seed=0)",dt,0,0.6279365079365079,0.8787043418332184,0,0.0,0.0,0.0,0.0,0.0,0.0,0.042540793409158575,0.0,0.37237761994619756,0.0,0.10159285305749564,0.061771561771561775,0.0,0.0,0.0,0.0,0.1944444440044723,0.0
9,"Cfg(cluster_seed=0, surrogate='dt', surrogate_seed=2, estimator='tree_int', bg_size=50, bg_seed=0)",dt,0,0.6279365079365079,0.8787043418332184,1,0.0,0.0,0.0,0.0,0.0,0.0,0.043813131772207484,0.0,0.23295454870570786,0.0,0.07967171556118766,0.06439393939393938,0.0,0.0,0.0,0.0,0.10164141429193088,0.0
10,"Cfg(cluster_seed=0, surrogate='dt', surrogate_seed=2, estimator='tree_int', bg_size=50, bg_seed=1)",dt,0,0.6279365079365079,0.8787043418332184,0,0.0,0.0,0.0,0.0,0.0,0.0,0.042540793409158575,0.0,0.37237761994619756,0.0,0.10159285305749564,0.061771561771561775,0.0,0.0,0.0,0.0,0.1944444440044723,0.0
10,"Cfg(cluster_seed=0, surrogate='dt', surrogate_seed=2, estimator='tree_int', bg_size=50, bg_seed=1)",dt,0,0.6279365079365079,0.8787043418332184,1,0.0,0.0,0.0,0.0,0.0,0.0,0.043813131772207484,0.0,0.23295454870570786,0.0,0.07967171556118766,0.06439393939393938,0.0,0.0,0.0,0.0,0.10164141429193088,0.0
11,"Cfg(cluster_seed=0, surrogate='dt', surrogate_seed=2, estimator='tree_int', bg_size=50, bg_seed=2)",dt,0,0.6279365079365079,0.8787043418332184,0,0.0,0.0,0.0,0.0,0.0,0.0,0.042540793409158575,0.0,0.37237761994619756,0.0,0.10159285305749564,0.061771561771561775,0.0,0.0,0.0,0.0,0.1944444440044723,0.0
11,"Cfg(cluster_seed=0, surrogate='dt', surrogate_seed=2, estimator='tree_int', bg_size=50, bg_seed=2)",dt,0,0.6279365079365079,0.8787043418332184,1,0.0,0.0,0.0,0.0,0.0,0.0,0.043813131772207484,0.0,0.23295454870570786,0.0,0.07967171556118766,0.06439393939393938,0.0,0.0,0.0,0.0,0.10164141429193088,0.0
12,"Cfg(cluster_seed=0, surrogate='rf', surrogate_seed=0, estimator='tree_path', bg_size=50, bg_seed=0)",rf,0,0.8007142857142856,0.8787043418332184,0,0.044321097768411505,0.03509569659875995,0.0035879057930784555,0.08275904212321053,0.012700687515617407,0.004467407084259966,0.026850787402284484,0.08672047161569739,0.09356490579923923,0.0009661256952923618,0.02320183570369155,0.04135599131259685,0.016068613915388406,0.012476134962867797,0.017984500727853917,0.006643413362195345,0.03024901418904122,0.036616226694460574
12,"Cfg(cluster_seed=0, surrogate='rf', surrogate_seed=0, estimator='tree_path', bg_size=50, bg_seed=0)",rf,0,0.8007142857142856,0.8787043418332184,1,0.03069232771510088,0.023910200771980472,0.002023114949711276,0.05320977088451535,0.010913923773559714,0.002899566659058623,0.017801749942175198,0.06364377925033912,0.05691423183498665,0.0006332063576855244,0.01546439991250334,0.0328735208915877,0.012528015921752836,0.01152774297080079,0.01507138378204618,0.005670203798922595,0.022251269266279648,0.028683042184736107
13,"Cfg(cluster_seed=0, surrogate='rf', surrogate_seed=0, estimator='tree_int', bg_size=50, bg_seed=0)",rf,0,0.8007142857142856,0.8787043418332184,0,0.04126728926377565,0.03446956830547519,0.0034943020789686484,0.0800072539463153,0.013225460045787535,0.0037244238147440436,0.02463196123009092,0.08049974294915571,0.09529901810895677,0.000981999505696588,0.02149922351521388,0.0412272737276825,0.015487568362013303,0.013410386235313702,0.018298627741934432,0.006720020882416264,0.02970512892691622,0.035937840811933214
13,"Cfg(cluster_seed=0, surrogate='rf', surrogate_seed=0, estimator='tree_int', bg_size=50, bg_seed=0)",rf,0,0.8007142857142856,0.8787043418332184,1,0.02801557306893025,0.02156683553663298,0.001733417550426428,0.049897139259458836,0.00967239080637228,0.0035755893124697832,0.01652020242093413,0.06242129781484519,0.0616611967825465,0.0006110269509284107,0.015416582863977193,0.029466919908890936,0.011915909379075114,0.011879882442471252,0.01428013502613105,0.004584343543904128,0.021723990426328256,0.02784646533008058
14,"Cfg(cluster_seed=0, surrogate='rf', surrogate_seed=0, estimator='tree_int', bg_size=50, bg_seed=1)",rf,0,0.8007142857142856,0.8787043418332184,0,0.04126728926377565,0.03446956830547519,0.0034943020789686484,0.0800072539463153,0.013225460045787535,0.0037244238147440436,0.02463196123009092,0.08049974294915571,0.09529901810895677,0.000981999505696588,0.02149922351521388,0.0412272737276825,0.015487568362013303,0.013410386235313702,0.018298627741934432,0.006720020882416264,0.02970512892691622,0.035937840811933214
14,"Cfg(cluster_seed=0, surrogate='rf', surrogate_seed=0, estimator='tree_int', bg_size=50, bg_seed=1)",rf,0,0.8007142857142856,0.8787043418332184,1,0.02801557306893025,0.02156683553663298,0.001733417550426428,0.049897139259458836,0.00967239080637228,0.0035755893124697832,0.01652020242093413,0.06242129781484519,0.0616611967825465,0.0006110269509284107,0.015416582863977193,0.029466919908890936,0.011915909379075114,0.011879882442471252,0.01428013502613105,0.004584343543904128,0.021723990426328256,0.02784646533008058
15,"Cfg(cluster_seed=0, surrogate='rf', surrogate_seed=0, estimator='tree_int', bg_size=50, bg_seed=2)",rf,0,0.8007142857142856,0.8787043418332184,0,0.04126728926377565,0.03446956830547519,0.0034943020789686484,0.0800072539463153,0.013225460045787535,0.0037244238147440436,0.02463196123009092,0.08049974294915571,0.09529901810895677,0.000981999505696588,0.02149922351521388,0.0412272737276825,0.015487568362013303,0.013410386235313702,0.018298627741934432,0.006720020882416264,0.02970512892691622,0.035937840811933214
15,"Cfg(cluster_seed=0, surrogate='rf', surrogate_seed=0, estimator='tree_int', bg_size=50, bg_seed=2)",rf,0,0.8007142857142856,0.8787043418332184,1,0.02801557306893025,0.02156683553663298,0.001733417550426428,0.049897139259458836,0.00967239080637228,0.0035755893124697832,0.01652020242093413,0.06242129781484519,0.0616611967825465,0.0006110269509284107,0.015416582863977193,0.029466919908890936,0.011915909379075114,0.011879882442471252,0.01428013502613105,0.004584343543904128,0.021723990426328256,0.02784646533008058
16,"Cfg(cluster_seed=0, surrogate='rf', surrogate_seed=1, estimator='tree_path', bg_size=50, bg_seed=0)",rf,0,0.8007142857142856,0.8787043418332184,0,0.03301988251110722,0.022049500088758476,0.004609625316814054,0.08093898350424435,0.013416683353423449,0.005127804258100943,0.03785195582186022,0.08969252306668674,0.09877676725421422,0.0006528917187905258,0.025937230448001943,0.038278165070678175,0.010037185636713936,0.010258892596771936,0.020713321470274385,0.008577815928507053,0.038070879592542566,0.03162158017220078
16,"Cfg(cluster_seed=0, surrogate='rf', surrogate_seed=1, estimator='tree_path', bg_size=50, bg_seed=0)",rf,0,0.8007142857142856,0.8787043418332184,1,0.024493567570986106,0.015198321022516092,0.0026737235493240205,0.050325819765022525,0.010727854478283956,0.003478816792127275,0.026815665020955882,0.06997043686105828,0.06568219600800475,0.0007552689155764023,0.01642015997638928,0.0319831166586577,0.009133711199209648,0.009928550039050622,0.02135643883748531,0.007548952192942504,0.025797769938589055,0.02326186650592594
17,"Cfg(cluster_seed=0, surrogate='rf', surrogate_seed=1, estimator='tree_int', bg_size=50, bg_seed=0)",rf,0,0.8007142857142856,0.8787043418332184,0,0.03126897252195174,0.020773116273817435,0.004632219743300533,0.07709285346317615,0.011879694671695726,0.005048821671190997,0.03496801432422666,0.08566563274811233,0.0990634574656622,0.0005633255775088753,0.024001943084274557,0.03887516280943783,0.010165112910983272,0.01059207484476965,0.021069412580972138,0.008271950472019816,0.038461409891805756,0.03140145116352686
17,"Cfg(cluster_seed=0, surrogate='rf', surrogate_seed=1, estimator='tree_int', bg_size=50, bg_seed=0)",rf,0,0.8007142857142856,0.8787043418332184,1,0.022734091458992092,0.013773232653726483,0.0025210438292671104,0.04790075873518644,0.010322811698830321,0.00366136372491989,0.02533341812800658,0.06758131477399729,0.06474831806845031,0.0006262626408980313,0.014753283185277586,0.02986919263835951,0.008711027146482867,0.009689562521860793,0.020059091391665403,0.007809764498564288,0.028343350854464166,0.02531498377758191
18,"Cfg(cluster_seed=0, surrogate='rf', surrogate_seed=1, estimator='tree_int', bg_size=50, bg_seed=1)",rf,0,0.8007142857142856,0.8787043418332184,0,0.03126897252195174,0.020773116273817435,0.004632219743300533,0.07709285346317615,0.011879694671695726,0.005048821671190997,0.03496801432422666,0.08566563274811233,0.0990634574656622,0.0005633255775088753,0.024001943084274557,0.03887516280943783,0.010165112910983272,0.01059207484476965,0.021069412580972138,0.008271950472019816,0.038461409891805756,0.03140145116352686
18,"Cfg(cluster_seed=0, surrogate='rf', surrogate_seed=1, estimator='tree_int', bg_size=50, bg_seed=1)",rf,0,0.8007142857142856,0.8787043418332184,1,0.022734091458992092,0.013773232653726483,0.0025210438292671104,0.04790075873518644,0.010322811698830321,0.00366136372491989,0.02533341812800658,0.06758131477399729,0.06474831806845031,0.0006262626408980313,0.014753283185277586,0.02986919263835951,0.008711027146482867,0.009689562521860793,0.020059091391665403,0.007809764498564288,0.028343350854464166,0.02531498377758191
19,"Cfg(cluster_seed=0, surrogate='rf', surrogate_seed=1, estimator='tree_int', bg_size=50, bg_seed=2)",rf,0,0.8007142857142856,0.8787043418332184,0,0.03126897252195174,0.020773116273817435,0.004632219743300533,0.07709285346317615,0.011879694671695726,0.005048821671190997,0.03496801432422666,0.08566563274811233,0.0990634574656622,0.0005633255775088753,0.024001943084274557,0.03887516280943783,0.010165112910983272,0.01059207484476965,0.021069412580972138,0.008271950472019816,0.038461409891805756,0.03140145116352686
19,"Cfg(cluster_seed=0, surrogate='rf', surrogate_seed=1, estimator='tree_int', bg_size=50, bg_seed=2)",rf,0,0.8007142857142856,0.8787043418332184,1,0.022734091458992092,0.013773232653726483,0.0025210438292671104,0.04790075873518644,0.010322811698830321,0.00366136372491989,0.02533341812800658,0.06758131477399729,0.06474831806845031,0.0006262626408980313,0.014753283185277586,0.02986919263835951,0.008711027146482867,0.009689562521860793,0.020059091391665403,0.007809764498564288,0.028343350854464166,0.02531498377758191
20,"Cfg(cluster_seed=0, surrogate='rf', surrogate_seed=2, estimator='tree_path', bg_size=50, bg_seed=0)",rf,0,0.8451587301587301,0.8787043418332184,0,0.02858138535667565,0.02859120718352318,0.0042032437620001546,0.0764073168548715,0.01641781680874492,0.006127615882747093,0.031157072290374337,0.08456558487474328,0.1050575643153501,0.001392330732951628,0.022993371357464747,0.045694450578433916,0.016564725671180742,0.013438062601484583,0.01677962547449672,0.00782250752677648,0.0378244959856983,0.0313787826592622
20,"Cfg(cluster_seed=0, surrogate='rf', surrogate_seed=2, estimator='tree_path', bg_size=50, bg_seed=0)",rf,0,0.8451587301587301,0.8787043418332184,1,0.019934498305511462,0.018595337662308697,0.0021950535995575566,0.05308281912844075,0.011524588529049593,0.003926480126711343,0.026327547767511245,0.06183369221551047,0.06675775333545164,0.0010119450466551752,0.014797196844930253,0.03751236329115508,0.011109083735327355,0.012477535976169962,0.01637775201829717,0.005373906629548108,0.027807095227869956,0.024218985827479358
21,"Cfg(cluster_seed=0, surrogate='rf', surrogate_seed=2, estimator='tree_int', bg_size=50, bg_seed=0)",rf,0,0.8451587301587301,0.8787043418332184,0,0.026359233994222526,0.02619722933293534,0.003908573002348239,0.07548355531669412,0.016012302899704962,0.005807821948271481,0.030556980789578542,0.07657809043181017,0.10562794871007812,0.001492489028900063,0.022825693372670413,0.043955582522041986,0.015328801201192701,0.012915048227743964,0.018432789879385923,0.007919710110368247,0.0378596227774345,0.029683631902924487
21,"Cfg(cluster_seed=0, surrogate='rf', surrogate_seed=2, estimator='tree_int', bg_size=50, bg_seed=0)",rf,0,0.8451587301587301,0.8787043418332184,1,0.018807744565878463,0.016299916220966475,0.001856397351454661,0.04815370487706263,0.011571464927207368,0.004460101118258371,0.023375842309906143,0.06201700486267466,0.06769823397840039,0.0008893097847855339,0.016185353925825575,0.03420799746231888,0.011852609715468572,0.012274411071584012,0.015269697339042043,0.005539730774189318,0.02506431037170731,0.023489815383447528
22,"Cfg(cluster_seed=0, surrogate='rf', surrogate_seed=2, estimator='tree_int', bg_size=50, bg_seed=1)",rf,0,0.8451587301587301,0.8787043418332184,0,0.026359233994222526,0.02619722933293534,0.003908573002348239,0.07548355531669412,0.016012302899704962,0.005807821948271481,0.030556980789578542,0.07657809043181017,0.10562794871007812,0.001492489028900063,0.022825693372670413,0.043955582522041986,0.015328801201192701,0.012915048227743964,0.018432789879385923,0.007919710110368247,0.0378596227774345,0.029683631902924487
22,"Cfg(cluster_seed=0, surrogate='rf', surrogate_seed=2, estimator='tree_int', bg_size=50, bg_seed=1)",rf,0,0.8451587301587301,0.8787043418332184,1,0.018807744565878463,0.016299916220966475,0.001856397351454661,0.04815370487706263,0.011571464927207368,0.004460101118258371,0.023375842309906143,0.06201700486267466,0.06769823397840039,0.0008893097847855339,0.016185353925825575,0.03420799746231888,0.011852609715468572,0.012274411071584012,0.015269697339042043,0.005539730774189318,0.02506431037170731,0.023489815383447528
23,"Cfg(cluster_seed=0, surrogate='rf', surrogate_seed=2, estimator='tree_int', bg_size=50, bg_seed=2)",rf,0,0.8451587301587301,0.8787043418332184,0,0.026359233994222526,0.02619722933293534,0.003908573002348239,0.07548355531669412,0.016012302899704962,0.005807821948271481,0.030556980789578542,0.07657809043181017,0.10562794871007812,0.001492489028900063,0.022825693372670413,0.043955582522041986,0.015328801201192701,0.012915048227743964,0.018432789879385923,0.007919710110368247,0.0378596227774345,0.029683631902924487
23,"Cfg(cluster_seed=0, surrogate='rf', surrogate_seed=2, estimator='tree_int', bg_size=50, bg_seed=2)",rf,0,0.8451587301587301,0.8787043418332184,1,0.018807744565878463,0.016299916220966475,0.001856397351454661,0.04815370487706263,0.011571464927207368,0.004460101118258371,0.023375842309906143,0.06201700486267466,0.06769823397840039,0.0008893097847855339,0.016185353925825575,0.03420799746231888,0.011852609715468572,0.012274411071584012,0.015269697339042043,0.005539730774189318,0.02506431037170731,0.023489815383447528
24,"Cfg(cluster_seed=0, surrogate='lgbm', surrogate_seed=0, estimator='tree_path', bg_size=50, bg_seed=0)",lgbm,0,0.8108730158730157,0.8787043418332184,0,9.67801925475632e-07,7.472654973438553e-18,0.0,3.288162724515057,0.026818175621934465,0.0,0.11287162018739155,6.529056942123793,0.6877233090585377,0.0,0.0,0.10947149425448638,0.0,0.02556409482876605,0.218664852064731,0.19265156505906827,0.007392637393216723,3.760057050852079
24,"Cfg(cluster_seed=0, surrogate='lgbm', surrogate_seed=0, estimator='tree_path', bg_size=50, bg_seed=0)",lgbm,0,0.8108730158730157,0.8787043418332184,1,2.7180839875083455e-06,5.915407053080912e-17,0.0,2.534011440151521,0.02609873932199817,0.0,0.09397098361876134,4.760394379568791,0.44107048264214993,0.0,0.0,0.0801228070526739,0.0,0.013187324004759518,0.21370898622753143,0.20565012390912338,0.0026220490238938457,2.4908183308890903
25,"Cfg(cluster_seed=0, surrogate='lgbm', surrogate_seed=0, estimator='tree_int', bg_size=50, bg_seed=0)",lgbm,0,0.8108730158730157,0.8787043418332184,0,4.527723818136471e-08,0.0,0.0,0.14379538255665053,0.0010525113576421176,0.0,0.0043440088055201964,0.26590700153851893,0.029172789964410025,0.0,0.0,0.003919674216546266,0.0,0.0007188801949931483,0.007713324810186765,0.007878818590980384,0.0001850237280797208,0.1635414150517366
25,"Cfg(cluster_seed=0, surrogate='lgbm', surrogate_seed=0, estimator='tree_int', bg_size=50, bg_seed=0)",lgbm,0,0.8108730158730157,0.8787043418332184,1,2.9519495785169975e-08,0.0,0.0,0.09397180448576917,0.0006843629366687929,0.0,0.0027918784676801483,0.17325675029586982,0.01953518825084405,0.0,0.0,0.0025462664985665467,0.0,0.0004668856420837949,0.005228065572519236,0.005122628519169271,0.00012010002037848143,0.10624235403384205
26,"Cfg(cluster_seed=0, surrogate='lgbm', surrogate_seed=0, estimator='tree_int', bg_size=50, bg_seed=1)",lgbm,0,0.8108730158730157,0.8787043418332184,0,4.52772381813647e-08,0.0,0.0,0.14379538255665053,0.0010525113576421174,0.0,0.004344008805520197,0.2659070015385189,0.02917278996441003,0.0,0.0,0.003919674216546265,0.0,0.0007188801949931483,0.007713324810186765,0.007878818590980384,0.0001850237280797208,0.1635414150517366
26,"Cfg(cluster_seed=0, surrogate='lgbm', surrogate_seed=0, estimator='tree_int', bg_size=50, bg_seed=1)",lgbm,0,0.8108730158730157,0.8787043418332184,1,2.951949578516997e-08,0.0,0.0,0.09397180448576917,0.0006843629366687929,0.0,0.0027918784676801483,0.17325675029586982,0.01953518825084405,0.0,0.0,0.0025462664985665467,0.0,0.00046688564208379493,0.005228065572519236,0.00512262851916927,0.00012010002037848143,0.10624235403384208
27,"Cfg(cluster_seed=0, surrogate='lgbm', surrogate_seed=0, estimator='tree_int', bg_size=50, bg_seed=2)",lgbm,0,0.8108730158730157,0.8787043418332184,0,4.52772381813647e-08,0.0,0.0,0.1437953825566505,0.0010525113576421176,0.0,0.004344008805520197,0.2659070015385189,0.029172789964410032,0.0,0.0,0.003919674216546266,0.0,0.0007188801949931483,0.007713324810186766,0.007878818590980387,0.0001850237280797207,0.1635414150517366
27,"Cfg(cluster_seed=0, surrogate='lgbm', surrogate_seed=0, estimator='tree_int', bg_size=50, bg_seed=2)",lgbm,0,0.8108730158730157,0.8787043418332184,1,2.9519495785169975e-08,0.0,0.0,0.09397180448576918,0.0006843629366687928,0.0,0.0027918784676801483,0.17325675029586984,0.01953518825084405,0.0,0.0,0.0025462664985665467,0.0,0.00046688564208379493,0.005228065572519236,0.005122628519169271,0.00012010002037848143,0.10624235403384205
28,"Cfg(cluster_seed=0, surrogate='lgbm', surrogate_seed=1, estimator='tree_path', bg_size=50, bg_seed=0)",lgbm,0,0.8108730158730157,0.8787043418332184,0,9.67801925475632e-07,7.472654973438553e-18,0.0,3.288162724515057,0.026818175621934465,0.0,0.11287162018739155,6.529056942123793,0.6877233090585377,0.0,0.0,0.10947149425448638,0.0,0.02556409482876605,0.218664852064731,0.19265156505906827,0.007392637393216723,3.760057050852079
28,"Cfg(cluster_seed=0, surrogate='lgbm', surrogate_seed=1, estimator='tree_path', bg_size=50, bg_seed=0)",lgbm,0,0.8108730158730157,0.8787043418332184,1,2.7180839875083455e-06,5.915407053080912e-17,0.0,2.534011440151521,0.02609873932199817,0.0,0.09397098361876134,4.760394379568791,0.44107048264214993,0.0,0.0,0.0801228070526739,0.0,0.013187324004759518,0.21370898622753143,0.20565012390912338,0.0026220490238938457,2.4908183308890903
29,"Cfg(cluster_seed=0, surrogate='lgbm', surrogate_seed=1, estimator='tree_int', bg_size=50, bg_seed=0)",lgbm,0,0.8108730158730157,0.8787043418332184,0,4.527723818136471e-08,0.0,0.0,0.14379538255665053,0.0010525113576421176,0.0,0.0043440088055201964,0.26590700153851893,0.029172789964410025,0.0,0.0,0.003919674216546266,0.0,0.0007188801949931483,0.007713324810186765,0.007878818590980384,0.0001850237280797208,0.1635414150517366
29,"Cfg(cluster_seed=0, surrogate='lgbm', surrogate_seed=1, estimator='tree_int', bg_size=50, bg_seed=0)",lgbm,0,0.8108730158730157,0.8787043418332184,1,2.9519495785169975e-08,0.0,0.0,0.09397180448576917,0.0006843629366687929,0.0,0.0027918784676801483,0.17325675029586982,0.01953518825084405,0.0,0.0,0.0025462664985665467,0.0,0.0004668856420837949,0.005228065572519236,0.005122628519169271,0.00012010002037848143,0.10624235403384205
30,"Cfg(cluster_seed=0, surrogate='lgbm', surrogate_seed=1, estimator='tree_int', bg_size=50, bg_seed=1)",lgbm,0,0.8108730158730157,0.8787043418332184,0,4.52772381813647e-08,0.0,0.0,0.14379538255665053,0.0010525113576421174,0.0,0.004344008805520197,0.2659070015385189,0.02917278996441003,0.0,0.0,0.003919674216546265,0.0,0.0007188801949931483,0.007713324810186765,0.007878818590980384,0.0001850237280797208,0.1635414150517366
30,"Cfg(cluster_seed=0, surrogate='lgbm', surrogate_seed=1, estimator='tree_int', bg_size=50, bg_seed=1)",lgbm,0,0.8108730158730157,0.8787043418332184,1,2.951949578516997e-08,0.0,0.0,0.09397180448576917,0.0006843629366687929,0.0,0.0027918784676801483,0.17325675029586982,0.01953518825084405,0.0,0.0,0.0025462664985665467,0.0,0.00046688564208379493,0.005228065572519236,0.00512262851916927,0.00012010002037848143,0.10624235403384208
31,"Cfg(cluster_seed=0, surrogate='lgbm', surrogate_seed=1, estimator='tree_int', bg_size=50, bg_seed=2)",lgbm,0,0.8108730158730157,0.8787043418332184,0,4.52772381813647e-08,0.0,0.0,0.1437953825566505,0.0010525113576421176,0.0,0.004344008805520197,0.2659070015385189,0.029172789964410032,0.0,0.0,0.003919674216546266,0.0,0.0007188801949931483,0.007713324810186766,0.007878818590980387,0.0001850237280797207,0.1635414150517366
31,"Cfg(cluster_seed=0, surrogate='lgbm', surrogate_seed=1, estimator='tree_int', bg_size=50, bg_seed=2)",lgbm,0,0.8108730158730157,0.8787043418332184,1,2.9519495785169975e-08,0.0,0.0,0.09397180448576918,0.0006843629366687928,0.0,0.0027918784676801483,0.17325675029586984,0.01953518825084405,0.0,0.0,0.0025462664985665467,0.0,0.00046688564208379493,0.005228065572519236,0.005122628519169271,0.00012010002037848143,0.10624235403384205
32,"Cfg(cluster_seed=0, surrogate='lgbm', surrogate_seed=2, estimator='tree_path', bg_size=50, bg_seed=0)",lgbm,0,0.8108730158730157,0.8787043418332184,0,9.67801925475632e-07,7.472654973438553e-18,0.0,3.288162724515057,0.026818175621934465,0.0,0.11287162018739155,6.529056942123793,0.6877233090585377,0.0,0.0,0.10947149425448638,0.0,0.02556409482876605,0.218664852064731,0.19265156505906827,0.007392637393216723,3.760057050852079
32,"Cfg(cluster_seed=0, surrogate='lgbm', surrogate_seed=2, estimator='tree_path', bg_size=50, bg_seed=0)",lgbm,0,0.8108730158730157,0.8787043418332184,1,2.7180839875083455e-06,5.915407053080912e-17,0.0,2.534011440151521,0.02609873932199817,0.0,0.09397098361876134,4.760394379568791,0.44107048264214993,0.0,0.0,0.0801228070526739,0.0,0.013187324004759518,0.21370898622753143,0.20565012390912338,0.0026220490238938457,2.4908183308890903
33,"Cfg(cluster_seed=0, surrogate='lgbm', surrogate_seed=2, estimator='tree_int', bg_size=50, bg_seed=0)",lgbm,0,0.8108730158730157,0.8787043418332184,0,4.527723818136471e-08,0.0,0.0,0.14379538255665053,0.0010525113576421176,0.0,0.0043440088055201964,0.26590700153851893,0.029172789964410025,0.0,0.0,0.003919674216546266,0.0,0.0007188801949931483,0.007713324810186765,0.007878818590980384,0.0001850237280797208,0.1635414150517366
33,"Cfg(cluster_seed=0, surrogate='lgbm', surrogate_seed=2, estimator='tree_int', bg_size=50, bg_seed=0)",lgbm,0,0.8108730158730157,0.8787043418332184,1,2.9519495785169975e-08,0.0,0.0,0.09397180448576917,0.0006843629366687929,0.0,0.0027918784676801483,0.17325675029586982,0.01953518825084405,0.0,0.0,0.0025462664985665467,0.0,0.0004668856420837949,0.005228065572519236,0.005122628519169271,0.00012010002037848143,0.10624235403384205
34,"Cfg(cluster_seed=0, surrogate='lgbm', surrogate_seed=2, estimator='tree_int', bg_size=50, bg_seed=1)",lgbm,0,0.8108730158730157,0.8787043418332184,0,4.52772381813647e-08,0.0,0.0,0.14379538255665053,0.0010525113576421174,0.0,0.004344008805520197,0.2659070015385189,0.02917278996441003,0.0,0.0,0.003919674216546265,0.0,0.0007188801949931483,0.007713324810186765,0.007878818590980384,0.0001850237280797208,0.1635414150517366
34,"Cfg(cluster_seed=0, surrogate='lgbm', surrogate_seed=2, estimator='tree_int', bg_size=50, bg_seed=1)",lgbm,0,0.8108730158730157,0.8787043418332184,1,2.951949578516997e-08,0.0,0.0,0.09397180448576917,0.0006843629366687929,0.0,0.0027918784676801483,0.17325675029586982,0.01953518825084405,0.0,0.0,0.0025462664985665467,0.0,0.00046688564208379493,0.005228065572519236,0.00512262851916927,0.00012010002037848143,0.10624235403384208
35,"Cfg(cluster_seed=0, surrogate='lgbm', surrogate_seed=2, estimator='tree_int', bg_size=50, bg_seed=2)",lgbm,0,0.8108730158730157,0.8787043418332184,0,4.52772381813647e-08,0.0,0.0,0.1437953825566505,0.0010525113576421176,0.0,0.004344008805520197,0.2659070015385189,0.029172789964410032,0.0,0.0,0.003919674216546266,0.0,0.0007188801949931483,0.007713324810186766,0.007878818590980387,0.0001850237280797207,0.1635414150517366
35,"Cfg(cluster_seed=0, surrogate='lgbm', surrogate_seed=2, estimator='tree_int', bg_size=50, bg_seed=2)",lgbm,0,0.8108730158730157,0.8787043418332184,1,2.9519495785169975e-08,0.0,0.0,0.09397180448576918,0.0006843629366687928,0.0,0.0027918784676801483,0.17325675029586984,0.01953518825084405,0.0,0.0,0.0025462664985665467,0.0,0.00046688564208379493,0.005228065572519236,0.005122628519169271,0.00012010002037848143,0.10624235403384205
36,"Cfg(cluster_seed=1, surrogate='dt', surrogate_seed=0, estimator='tree_path', bg_size=50, bg_seed=0)",dt,1,0.7696031746031744,0.04578313253012048,0,0.0,0.0,0.0,0.0,0.0,0.1007665945165945,0.0,0.0,0.04239718614718615,0.0,0.0,0.2879960317460318,0.0,0.0,0.0,0.0,0.2527507215007215,0.0
36,"Cfg(cluster_seed=1, surrogate='dt', surrogate_seed=0, estimator='tree_path', bg_size=50, bg_seed=0)",dt,1,0.7696031746031744,0.04578313253012048,1,0.0,0.0,0.0,0.0,0.0,0.030562200956937777,0.0,0.0,0.02967171717171718,0.0,0.0,0.3110513024986709,0.0,0.0,0.0,0.0,0.07415603402445513,0.0
37,"Cfg(cluster_seed=1, surrogate='dt', surrogate_seed=0, estimator='tree_int', bg_size=50, bg_seed=0)",dt,1,0.7696031746031744,0.04578313253012048,0,0.0,0.0,0.0,0.0,0.0,0.05808080871512879,0.0,0.0,0.05483405562964353,0.0,0.0,0.27380952071317866,0.0,0.0,0.0,0.0,0.24819624630403728,0.0
37,"Cfg(cluster_seed=1, surrogate='dt', surrogate_seed=0, estimator='tree_int', bg_size=50, bg_seed=0)",dt,1,0.7696031746031744,0.04578313253012048,1,0.0,0.0,0.0,0.0,0.0,0.03907495936708585,0.0,0.0,0.03349282337052589,0.0,0.0,0.18952684862571853,0.0,0.0,0.0,0.0,0.17012227608256367,0.0
38,"Cfg(cluster_seed=1, surrogate='dt', surrogate_seed=0, estimator='tree_int', bg_size=50, bg_seed=1)",dt,1,0.7696031746031744,0.04578313253012048,0,0.0,0.0,0.0,0.0,0.0,0.05808080871512879,0.0,0.0,0.05483405562964353,0.0,0.0,0.27380952071317866,0.0,0.0,0.0,0.0,0.24819624630403728,0.0
38,"Cfg(cluster_seed=1, surrogate='dt', surrogate_seed=0, estimator='tree_int', bg_size=50, bg_seed=1)",dt,1,0.7696031746031744,0.04578313253012048,1,0.0,0.0,0.0,0.0,0.0,0.03907495936708585,0.0,0.0,0.03349282337052589,0.0,0.0,0.18952684862571853,0.0,0.0,0.0,0.0,0.17012227608256367,0.0
39,"Cfg(cluster_seed=1, surrogate='dt', surrogate_seed=0, estimator='tree_int', bg_size=50, bg_seed=2)",dt,1,0.7696031746031744,0.04578313253012048,0,0.0,0.0,0.0,0.0,0.0,0.05808080871512879,0.0,0.0,0.05483405562964353,0.0,0.0,0.27380952071317866,0.0,0.0,0.0,0.0,0.24819624630403728,0.0
39,"Cfg(cluster_seed=1, surrogate='dt', surrogate_seed=0, estimator='tree_int', bg_size=50, bg_seed=2)",dt,1,0.7696031746031744,0.04578313253012048,1,0.0,0.0,0.0,0.0,0.0,0.03907495936708585,0.0,0.0,0.03349282337052589,0.0,0.0,0.18952684862571853,0.0,0.0,0.0,0.0,0.17012227608256367,0.0
40,"Cfg(cluster_seed=1, surrogate='dt', surrogate_seed=1, estimator='tree_path', bg_size=50, bg_seed=0)",dt,1,0.7061111111111111,0.04578313253012048,0,0.0,0.0,0.0,0.0,0.0,0.0,0.07734487734487736,0.0,0.0,0.0,0.0,0.3029942279942281,0.0,0.0,0.0,0.0,0.2553751803751803,0.0
40,"Cfg(cluster_seed=1, surrogate='dt', surrogate_seed=1, estimator='tree_path', bg_size=50, bg_seed=0)",dt,1,0.7061111111111111,0.04578313253012048,1,0.0,0.0,0.0,0.0,0.0,0.0,0.06052631578947367,0.0,0.0,0.0,0.0,0.30526315789473696,0.0,0.0,0.0,0.0,0.07328548644338123,0.0
41,"Cfg(cluster_seed=1, surrogate='dt', surrogate_seed=1, estimator='tree_int', bg_size=50, bg_seed=0)",dt,1,0.7061111111111111,0.04578313253012048,0,0.0,0.0,0.0,0.0,0.0,0.0,0.08982684027839015,0.0,0.0,0.0,0.0,0.28354978338851555,0.0,0.0,0.0,0.0,0.242063491246401,0.0
41,"Cfg(cluster_seed=1, surrogate='dt', surrogate_seed=1, estimator='tree_int', bg_size=50, bg_seed=0)",dt,1,0.7061111111111111,0.04578313253012048,1,0.0,0.0,0.0,0.0,0.0,0.0,0.0752259435836208,0.0,0.0,0.0,0.0,0.2062732589444475,0.0,0.0,0.0,0.0,0.16719829893568483,0.0
42,"Cfg(cluster_seed=1, surrogate='dt', surrogate_seed=1, estimator='tree_int', bg_size=50, bg_seed=1)",dt,1,0.7061111111111111,0.04578313253012048,0,0.0,0.0,0.0,0.0,0.0,0.0,0.08982684027839015,0.0,0.0,0.0,0.0,0.28354978338851555,0.0,0.0,0.0,0.0,0.242063491246401,0.0
42,"Cfg(cluster_seed=1, surrogate='dt', surrogate_seed=1, estimator='tree_int', bg_size=50, bg_seed=1)",dt,1,0.7061111111111111,0.04578313253012048,1,0.0,0.0,0.0,0.0,0.0,0.0,0.0752259435836208,0.0,0.0,0.0,0.0,0.2062732589444475,0.0,0.0,0.0,0.0,0.16719829893568483,0.0
43,"Cfg(cluster_seed=1, surrogate='dt', surrogate_seed=1, estimator='tree_int', bg_size=50, bg_seed=2)",dt,1,0.7061111111111111,0.04578313253012048,0,0.0,0.0,0.0,0.0,0.0,0.0,0.08982684027839015,0.0,0.0,0.0,0.0,0.28354978338851555,0.0,0.0,0.0,0.0,0.242063491246401,0.0
43,"Cfg(cluster_seed=1, surrogate='dt', surrogate_seed=1, estimator='tree_int', bg_size=50, bg_seed=2)",dt,1,0.7061111111111111,0.04578313253012048,1,0.0,0.0,0.0,0.0,0.0,0.0,0.0752259435836208,0.0,0.0,0.0,0.0,0.2062732589444475,0.0,0.0,0.0,0.0,0.16719829893568483,0.0
44,"Cfg(cluster_seed=1, surrogate='dt', surrogate_seed=2, estimator='tree_path', bg_size=50, bg_seed=0)",dt,1,0.7372222222222221,0.04578313253012048,0,0.0,0.0,0.0,0.0,0.0,0.0,0.03698593073593074,0.0,0.0809613997113997,0.0,0.0,0.3096771284271285,0.0,0.0,0.0,0.0,0.2585588023088023,0.0
44,"Cfg(cluster_seed=1, surrogate='dt', surrogate_seed=2, estimator='tree_path', bg_size=50, bg_seed=0)",dt,1,0.7372222222222221,0.04578313253012048,1,0.0,0.0,0.0,0.0,0.0,0.0,0.02967171717171717,0.0,0.028289473684210514,0.0,0.0,0.3113304093567251,0.0,0.0,0.0,0.0,0.07422248803827756,0.0
45,"Cfg(cluster_seed=1, surrogate='dt', surrogate_seed=2, estimator='tree_int', bg_size=50, bg_seed=0)",dt,1,0.7372222222222221,0.04578313253012048,0,0.0,0.0,0.0,0.0,0.0,0.0,0.050505051010356836,0.0,0.04797979847435311,0.0,0.0,0.29545454377735847,0.0,0.0,0.0,0.0,0.25180375008356,0.0
45,"Cfg(cluster_seed=1, surrogate='dt', surrogate_seed=2, estimator='tree_int', bg_size=50, bg_seed=0)",dt,1,0.7372222222222221,0.04578313253012048,1,0.0,0.0,0.0,0.0,0.0,0.0,0.02764487002740067,0.0,0.02791068523504327,0.0,0.0,0.20122275445639995,0.0,0.0,0.0,0.0,0.1711855401452839,0.0
46,"Cfg(cluster_seed=1, surrogate='dt', surrogate_seed=2, estimator='tree_int', bg_size=50, bg_seed=1)",dt,1,0.7372222222222221,0.04578313253012048,0,0.0,0.0,0.0,0.0,0.0,0.0,0.050505051010356836,0.0,0.04797979847435311,0.0,0.0,0.29545454377735847,0.0,0.0,0.0,0.0,0.25180375008356,0.0
46,"Cfg(cluster_seed=1, surrogate='dt', surrogate_seed=2, estimator='tree_int', bg_size=50, bg_seed=1)",dt,1,0.7372222222222221,0.04578313253012048,1,0.0,0.0,0.0,0.0,0.0,0.0,0.02764487002740067,0.0,0.02791068523504327,0.0,0.0,0.20122275445639995,0.0,0.0,0.0,0.0,0.1711855401452839,0.0
47,"Cfg(cluster_seed=1, surrogate='dt', surrogate_seed=2, estimator='tree_int', bg_size=50, bg_seed=2)",dt,1,0.7372222222222221,0.04578313253012048,0,0.0,0.0,0.0,0.0,0.0,0.0,0.050505051010356836,0.0,0.04797979847435311,0.0,0.0,0.29545454377735847,0.0,0.0,0.0,0.0,0.25180375008356,0.0
47,"Cfg(cluster_seed=1, surrogate='dt', surrogate_seed=2, estimator='tree_int', bg_size=50, bg_seed=2)",dt,1,0.7372222222222221,0.04578313253012048,1,0.0,0.0,0.0,0.0,0.0,0.0,0.02764487002740067,0.0,0.02791068523504327,0.0,0.0,0.20122275445639995,0.0,0.0,0.0,0.0,0.1711855401452839,0.0
48,"Cfg(cluster_seed=1, surrogate='rf', surrogate_seed=0, estimator='tree_path', bg_size=50, bg_seed=0)",rf,1,0.9371428571428572,0.04578313253012048,0,0.006081976059780626,0.03947963524569075,0.0005753319536214274,0.022075373513915777,0.0057474175060323466,0.07660472389039044,0.00741724998550333,0.0028108877631767737,0.021390783290309294,0.0008538304912312849,0.0018529430669062838,0.10711537279232379,0.04175985499975158,0.01426192520305028,0.006291500838287804,0.030047051748476238,0.10570422021853294,0.07561096127980324
48,"Cfg(cluster_seed=1, surrogate='rf', surrogate_seed=0, estimator='tree_path', bg_size=50, bg_seed=0)",rf,1,0.9371428571428572,0.04578313253012048,1,0.005729047519107161,0.037248128314412744,0.0008184037201811904,0.018417101476534272,0.0036310218958491235,0.059504706117001045,0.0060533500463969955,0.002573010353854391,0.017947948447800625,0.0014862490295604336,0.0014425624752110958,0.07327304301301552,0.026868251109761977,0.01351298938663235,0.0053562521897047325,0.02510352371996702,0.07797194956484248,0.06369045352370284
49,"Cfg(cluster_seed=1, surrogate='rf', surrogate_seed=0, estimator='tree_int', bg_size=50, bg_seed=0)",rf,1,0.9371428571428572,0.04578313253012048,0,0.0057233046139066315,0.03761964977957768,0.0005699855837874211,0.022216210255925486,0.004758898623376375,0.07869468685148841,0.00816197710961418,0.0030934344183399603,0.020184584420821446,0.001104497381242081,0.0016630592033291208,0.10690476449667095,0.039181097634126597,0.014189514533104578,0.006269240171045823,0.02555495492601969,0.10273208521992912,0.07441919372171099
49,"Cfg(cluster_seed=1, surrogate='rf', surrogate_seed=0, estimator='tree_int', bg_size=50, bg_seed=0)",rf,1,0.9371428571428572,0.04578313253012048,1,0.00541777436475179,0.03461146637209894,0.0003118908457588731,0.017831827479153215,0.0035632643074412166,0.06068802202707883,0.006138135893329789,0.0019568492410752024,0.016432305907665725,0.0012799043372121945,0.001533758676160822,0.06782119604220473,0.026488570553440737,0.011818182104351845,0.005314106100678528,0.022951887853657513,0.07684122106826091,0.060174553999692154
50,"Cfg(cluster_seed=1, surrogate='rf', surrogate_seed=0, estimator='tree_int', bg_size=50, bg_seed=1)",rf,1,0.9371428571428572,0.04578313253012048,0,0.0057233046139066315,0.03761964977957768,0.0005699855837874211,0.022216210255925486,0.004758898623376375,0.07869468685148841,0.00816197710961418,0.0030934344183399603,0.020184584420821446,0.001104497381242081,0.0016630592033291208,0.10690476449667095,0.039181097634126597,0.014189514533104578,0.006269240171045823,0.02555495492601969,0.10273208521992912,0.07441919372171099
50,"Cfg(cluster_seed=1, surrogate='rf', surrogate_seed=0, estimator='tree_int', bg_size=50, bg_seed=1)",rf,1,0.9371428571428572,0.04578313253012048,1,0.00541777436475179,0.03461146637209894,0.0003118908457588731,0.017831827479153215,0.0035632643074412166,0.06068802202707883,0.006138135893329789,0.0019568492410752024,0.016432305907665725,0.0012799043372121945,0.001533758676160822,0.06782119604220473,0.026488570553440737,0.011818182104351845,0.005314106100678528,0.022951887853657513,0.07684122106826091,0.060174553999692154
51,"Cfg(cluster_seed=1, surrogate='rf', surrogate_seed=0, estimator='tree_int', bg_size=50, bg_seed=2)",rf,1,0.9371428571428572,0.04578313253012048,0,0.0057233046139066315,0.03761964977957768,0.0005699855837874211,0.022216210255925486,0.004758898623376375,0.07869468685148841,0.00816197710961418,0.0030934344183399603,0.020184584420821446,0.001104497381242081,0.0016630592033291208,0.10690476449667095,0.039181097634126597,0.014189514533104578,0.006269240171045823,0.02555495492601969,0.10273208521992912,0.07441919372171099
51,"Cfg(cluster_seed=1, surrogate='rf', surrogate_seed=0, estimator='tree_int', bg_size=50, bg_seed=2)",rf,1,0.9371428571428572,0.04578313253012048,1,0.00541777436475179,0.03461146637209894,0.0003118908457588731,0.017831827479153215,0.0035632643074412166,0.06068802202707883,0.006138135893329789,0.0019568492410752024,0.016432305907665725,0.0012799043372121945,0.001533758676160822,0.06782119604220473,0.026488570553440737,0.011818182104351845,0.005314106100678528,0.022951887853657513,0.07684122106826091,0.060174553999692154
52,"Cfg(cluster_seed=1, surrogate='rf', surrogate_seed=1, estimator='tree_path', bg_size=50, bg_seed=0)",rf,1,0.9371428571428572,0.04578313253012048,0,0.005821621567170408,0.03811960680445903,0.0009855479769272874,0.017014049579385345,0.00396665426121372,0.08262636987214933,0.00936774503586287,0.0031271394301359665,0.022064906137873774,0.002211474885544662,0.0019499917749455505,0.12144236389526246,0.056308245996649194,0.015194346798298968,0.009181742328043122,0.021971604772576446,0.09407988758285693,0.06460536230982851
52,"Cfg(cluster_seed=1, surrogate='rf', surrogate_seed=1, estimator='tree_path', bg_size=50, bg_seed=0)",rf,1,0.9371428571428572,0.04578313253012048,1,0.005488441889038616,0.03780211936681426,0.0007202743929906665,0.013640836308109677,0.0032751718154463835,0.06100260444781064,0.009243160533644481,0.001791325321170786,0.01755589375604699,0.0016640819532405334,0.0016930155321917273,0.08177549721273487,0.04085048148219899,0.013024651281436362,0.006453384689627733,0.018275681182455955,0.06732874434174091,0.05276984723501148
53,"Cfg(cluster_seed=1, surrogate='rf', surrogate_seed=1, estimator='tree_int', bg_size=50, bg_seed=0)",rf,1,0.9371428571428572,0.04578313253012048,0,0.006165223814510777,0.040206229929798144,0.0008345358547436077,0.01581505569875053,0.0034671718015555227,0.07802982392012306,0.009782467772720535,0.0025452141069456356,0.021176647939678946,0.0024993988099201573,0.002189153492162448,0.12115380284099263,0.05445659102834721,0.014842111952461753,0.00813431958078298,0.017734488162657578,0.09320587047728009,0.06174483074775385
53,"Cfg(cluster_seed=1, surrogate='rf', surrogate_seed=1, estimator='tree_int', bg_size=50, bg_seed=0)",rf,1,0.9371428571428572,0.04578313253012048,1,0.005040758583869969,0.03515771837746116,0.00037745880765136343,0.014216286007405344,0.0024443558984297955,0.06092778811455174,0.007871611036244777,0.001896686205845415,0.01890528133841591,0.0021553252338308493,0.0016578947770148607,0.07690102968437738,0.039060429798029185,0.012271044068485929,0.007880117149876527,0.014937444983189108,0.06951426715475688,0.050093922890318734
54,"Cfg(cluster_seed=1, surrogate='rf', surrogate_seed=1, estimator='tree_int', bg_size=50, bg_seed=1)",rf,1,0.9371428571428572,0.04578313253012048,0,0.006165223814510777,0.040206229929798144,0.0008345358547436077,0.01581505569875053,0.0034671718015555227,0.07802982392012306,0.009782467772720535,0.0025452141069456356,0.021176647939678946,0.0024993988099201573,0.002189153492162448,0.12115380284099263,0.05445659102834721,0.014842111952461753,0.00813431958078298,0.017734488162657578,0.09320587047728009,0.06174483074775385
54,"Cfg(cluster_seed=1, surrogate='rf', surrogate_seed=1, estimator='tree_int', bg_size=50, bg_seed=1)",rf,1,0.9371428571428572,0.04578313253012048,1,0.005040758583869969,0.03515771837746116,0.00037745880765136343,0.014216286007405344,0.0024443558984297955,0.06092778811455174,0.007871611036244777,0.001896686205845415,0.01890528133841591,0.0021553252338308493,0.0016578947770148607,0.07690102968437738,0.039060429798029185,0.012271044068485929,0.007880117149876527,0.014937444983189108,0.06951426715475688,0.050093922890318734
55,"Cfg(cluster_seed=1, surrogate='rf', surrogate_seed=1, estimator='tree_int', bg_size=50, bg_seed=2)",rf,1,0.9371428571428572,0.04578313253012048,0,0.006165223814510777,0.040206229929798144,0.0008345358547436077,0.01581505569875053,0.0034671718015555227,0.07802982392012306,0.009782467772720535,0.0025452141069456356,0.021176647939678946,0.0024993988099201573,0.002189153492162448,0.12115380284099263,0.05445659102834721,0.014842111952461753,0.00813431958078298,0.017734488162657578,0.09320587047728009,0.06174483074775385
55,"Cfg(cluster_seed=1, surrogate='rf', surrogate_seed=1, estimator='tree_int', bg_size=50, bg_seed=2)",rf,1,0.9371428571428572,0.04578313253012048,1,0.005040758583869969,0.03515771837746116,0.00037745880765136343,0.014216286007405344,0.0024443558984297955,0.06092778811455174,0.007871611036244777,0.001896686205845415,0.01890528133841591,0.0021553252338308493,0.0016578947770148607,0.07690102968437738,0.039060429798029185,0.012271044068485929,0.007880117149876527,0.014937444983189108,0.06951426715475688,0.050093922890318734
56,"Cfg(cluster_seed=1, surrogate='rf', surrogate_seed=2, estimator='tree_path', bg_size=50, bg_seed=0)",rf,1,0.9371428571428572,0.04578313253012048,0,0.008202578120262188,0.03572438351489278,0.000739938990540986,0.02850608665626746,0.006222844405813843,0.08075924769111373,0.009060306194596022,0.0027699197008814276,0.027640237487081238,0.0012145406952547482,0.001767309778525348,0.10508895700158341,0.05247930425087303,0.009237238867796952,0.007174159009682975,0.028824677625923296,0.10206826993436235,0.06008316247740753
56,"Cfg(cluster_seed=1, surrogate='rf', surrogate_seed=2, estimator='tree_path', bg_size=50, bg_seed=0)",rf,1,0.9371428571428572,0.04578313253012048,1,0.005410796727528471,0.037502365522138245,0.0007434297470507711,0.020842603905517294,0.0049266080051664374,0.06534003534800849,0.007320224277789355,0.0024428286411413407,0.023248943860134774,0.0016674389922227747,0.0023551643579117383,0.06616217456085045,0.03347073165837954,0.009548474330979896,0.005935233489816317,0.022349308498711452,0.08190852278807433,0.04967164726716462
57,"Cfg(cluster_seed=1, surrogate='rf', surrogate_seed=2, estimator='tree_int', bg_size=50, bg_seed=0)",rf,1,0.9371428571428572,0.04578313253012048,0,0.006976791895787158,0.03621512834205458,0.0005639730776293258,0.024112073695780993,0.006702741865044484,0.07849807789911077,0.009058441777786167,0.0030441318678435794,0.026467653359558623,0.00160233289113236,0.002246272300664352,0.10317893468336913,0.05039622537258536,0.009734968970543845,0.006446609102709631,0.025370491239709938,0.10245611118475273,0.05690716828413113
57,"Cfg(cluster_seed=1, surrogate='rf', surrogate_seed=2, estimator='tree_int', bg_size=50, bg_seed=0)",rf,1,0.9371428571428572,0.04578313253012048,1,0.00615904675571967,0.03456627764049145,0.00026493000818722463,0.020058125596618993,0.005069998350659864,0.06398369816534424,0.007456140531423061,0.0023387383164220053,0.02414540196690958,0.0011088960041682663,0.001870459021014151,0.06625607107111298,0.03339048459560743,0.009393230778632307,0.006034024601187289,0.02173675402753468,0.07746633184045862,0.046683502812428695
58,"Cfg(cluster_seed=1, surrogate='rf', surrogate_seed=2, estimator='tree_int', bg_size=50, bg_seed=1)",rf,1,0.9371428571428572,0.04578313253012048,0,0.006976791895787158,0.03621512834205458,0.0005639730776293258,0.024112073695780993,0.006702741865044484,0.07849807789911077,0.009058441777786167,0.0030441318678435794,0.026467653359558623,0.00160233289113236,0.002246272300664352,0.10317893468336913,0.05039622537258536,0.009734968970543845,0.006446609102709631,0.025370491239709938,0.10245611118475273,0.05690716828413113
58,"Cfg(cluster_seed=1, surrogate='rf', surrogate_seed=2, estimator='tree_int', bg_size=50, bg_seed=1)",rf,1,0.9371428571428572,0.04578313253012048,1,0.00615904675571967,0.03456627764049145,0.00026493000818722463,0.020058125596618993,0.005069998350659864,0.06398369816534424,0.007456140531423061,0.0023387383164220053,0.02414540196690958,0.0011088960041682663,0.001870459021014151,0.06625607107111298,0.03339048459560743,0.009393230778632307,0.006034024601187289,0.02173675402753468,0.07746633184045862,0.046683502812428695
59,"Cfg(cluster_seed=1, surrogate='rf', surrogate_seed=2, estimator='tree_int', bg_size=50, bg_seed=2)",rf,1,0.9371428571428572,0.04578313253012048,0,0.006976791895787158,0.03621512834205458,0.0005639730776293258,0.024112073695780993,0.006702741865044484,0.07849807789911077,0.009058441777786167,0.0030441318678435794,0.026467653359558623,0.00160233289113236,0.002246272300664352,0.10317893468336913,0.05039622537258536,0.009734968970543845,0.006446609102709631,0.025370491239709938,0.10245611118475273,0.05690716828413113
59,"Cfg(cluster_seed=1, surrogate='rf', surrogate_seed=2, estimator='tree_int', bg_size=50, bg_seed=2)",rf,1,0.9371428571428572,0.04578313253012048,1,0.00615904675571967,0.03456627764049145,0.00026493000818722463,0.020058125596618993,0.005069998350659864,0.06398369816534424,0.007456140531423061,0.0023387383164220053,0.02414540196690958,0.0011088960041682663,0.001870459021014151,0.06625607107111298,0.03339048459560743,0.009393230778632307,0.006034024601187289,0.02173675402753468,0.07746633184045862,0.046683502812428695
60,"Cfg(cluster_seed=1, surrogate='lgbm', surrogate_seed=0, estimator='tree_path', bg_size=50, bg_seed=0)",lgbm,1,0.9371428571428572,0.04578313253012048,0,0.033478497437794914,0.19406313426654895,0.0,0.627009895114116,0.008334891293389662,2.973616217971647,0.0036079007672491265,0.0034826008044374674,0.13995151046887758,0.0,0.0,2.2150131364991457,1.4745958950563125,0.08661409485647896,0.013733503151297857,0.42031752885136137,2.511125784815074,3.752628639772297
60,"Cfg(cluster_seed=1, surrogate='lgbm', surrogate_seed=0, estimator='tree_path', bg_size=50, bg_seed=0)",lgbm,1,0.9371428571428572,0.04578313253012048,1,0.02934363640145782,0.20142889531315902,0.0,0.6594402260627855,0.023821597643305575,2.0411155813029387,0.008974291588855099,0.0010075023251871506,0.1597165654949627,0.0,0.0,1.4210927466246253,1.2007934905416862,0.057339776084988026,0.024875277826590648,0.3719559352529995,2.5528033369275986,3.067913964058445
61,"Cfg(cluster_seed=1, surrogate='lgbm', surrogate_seed=0, estimator='tree_int', bg_size=50, bg_seed=0)",lgbm,1,0.9371428571428572,0.04578313253012048,0,0.0011465744897407564,0.008801659129237898,0.0,0.025884258016889122,0.0003620212308791923,0.13551548265852623,0.00016803689346583508,6.151373363285388e-05,0.005069974586087218,0.0,0.0,0.08805597346357032,0.05031113080311128,0.0024556928570204878,0.0005637556698717589,0.013441697225486724,0.10865658180691425,0.15407481836280817
61,"Cfg(cluster_seed=1, surrogate='lgbm', surrogate_seed=0, estimator='tree_int', bg_size=50, bg_seed=0)",lgbm,1,0.9371428571428572,0.04578313253012048,1,0.0008900904669581299,0.006514976402183744,0.0,0.01915592599339783,0.0003451566775229555,0.09997116305308164,0.00011645511541669676,4.5231031872509644e-05,0.0037447701972734304,0.0,0.0,0.06446854593725089,0.03709177235641745,0.0017906948256199654,0.00041535316717664815,0.009803134045149849,0.08016123517484809,0.114197920683107
62,"Cfg(cluster_seed=1, surrogate='lgbm', surrogate_seed=0, estimator='tree_int', bg_size=50, bg_seed=1)",lgbm,1,0.9371428571428572,0.04578313253012048,0,0.0011465744897407564,0.0088016591292379,0.0,0.02588425801688912,0.0003620212308791923,0.13551548265852623,0.00016803689346583508,6.151373363285388e-05,0.005069974586087218,0.0,0.0,0.08805597346357032,0.050311130803111274,0.002455692857020488,0.0005637556698717589,0.013441697225486724,0.10865658180691425,0.15407481836280817
62,"Cfg(cluster_seed=1, surrogate='lgbm', surrogate_seed=0, estimator='tree_int', bg_size=50, bg_seed=1)",lgbm,1,0.9371428571428572,0.04578313253012048,1,0.0008900904669581297,0.006514976402183745,0.0,0.019155925993397827,0.00034515667752295555,0.09997116305308164,0.00011645511541669678,4.523103187250965e-05,0.0037447701972734304,0.0,0.0,0.06446854593725089,0.03709177235641745,0.0017906948256199652,0.00041535316717664815,0.009803134045149849,0.08016123517484808,0.114197920683107
63,"Cfg(cluster_seed=1, surrogate='lgbm', surrogate_seed=0, estimator='tree_int', bg_size=50, bg_seed=2)",lgbm,1,0.9371428571428572,0.04578313253012048,0,0.0011465744897407564,0.008801659129237898,0.0,0.025884258016889122,0.0003620212308791923,0.13551548265852625,0.0001680368934658351,6.151373363285387e-05,0.005069974586087218,0.0,0.0,0.08805597346357032,0.050311130803111274,0.002455692857020488,0.0005637556698717587,0.01344169722548672,0.10865658180691425,0.15407481836280817
63,"Cfg(cluster_seed=1, surrogate='lgbm', surrogate_seed=0, estimator='tree_int', bg_size=50, bg_seed=2)",lgbm,1,0.9371428571428572,0.04578313253012048,1,0.0008900904669581299,0.006514976402183744,0.0,0.01915592599339783,0.00034515667752295555,0.09997116305308164,0.00011645511541669676,4.523103187250965e-05,0.0037447701972734304,0.0,0.0,0.06446854593725089,0.03709177235641745,0.0017906948256199652,0.00041535316717664815,0.009803134045149849,0.08016123517484809,0.11419792068310701
64,"Cfg(cluster_seed=1, surrogate='lgbm', surrogate_seed=1, estimator='tree_path', bg_size=50, bg_seed=0)",lgbm,1,0.9371428571428572,0.04578313253012048,0,0.033478497437794914,0.19406313426654895,0.0,0.627009895114116,0.008334891293389662,2.973616217971647,0.0036079007672491265,0.0034826008044374674,0.13995151046887758,0.0,0.0,2.2150131364991457,1.4745958950563125,0.08661409485647896,0.013733503151297857,0.42031752885136137,2.511125784815074,3.752628639772297
64,"Cfg(cluster_seed=1, surrogate='lgbm', surrogate_seed=1, estimator='tree_path', bg_size=50, bg_seed=0)",lgbm,1,0.9371428571428572,0.04578313253012048,1,0.02934363640145782,0.20142889531315902,0.0,0.6594402260627855,0.023821597643305575,2.0411155813029387,0.008974291588855099,0.0010075023251871506,0.1597165654949627,0.0,0.0,1.4210927466246253,1.2007934905416862,0.057339776084988026,0.024875277826590648,0.3719559352529995,2.5528033369275986,3.067913964058445
65,"Cfg(cluster_seed=1, surrogate='lgbm', surrogate_seed=1, estimator='tree_int', bg_size=50, bg_seed=0)",lgbm,1,0.9371428571428572,0.04578313253012048,0,0.0011465744897407564,0.008801659129237898,0.0,0.025884258016889122,0.0003620212308791923,0.13551548265852623,0.00016803689346583508,6.151373363285388e-05,0.005069974586087218,0.0,0.0,0.08805597346357032,0.05031113080311128,0.0024556928570204878,0.0005637556698717589,0.013441697225486724,0.10865658180691425,0.15407481836280817
65,"Cfg(cluster_seed=1, surrogate='lgbm', surrogate_seed=1, estimator='tree_int', bg_size=50, bg_seed=0)",lgbm,1,0.9371428571428572,0.04578313253012048,1,0.0008900904669581299,0.006514976402183744,0.0,0.01915592599339783,0.0003451566775229555,0.09997116305308164,0.00011645511541669676,4.5231031872509644e-05,0.0037447701972734304,0.0,0.0,0.06446854593725089,0.03709177235641745,0.0017906948256199654,0.00041535316717664815,0.009803134045149849,0.08016123517484809,0.114197920683107
66,"Cfg(cluster_seed=1, surrogate='lgbm', surrogate_seed=1, estimator='tree_int', bg_size=50, bg_seed=1)",lgbm,1,0.9371428571428572,0.04578313253012048,0,0.0011465744897407564,0.0088016591292379,0.0,0.02588425801688912,0.0003620212308791923,0.13551548265852623,0.00016803689346583508,6.151373363285388e-05,0.005069974586087218,0.0,0.0,0.08805597346357032,0.050311130803111274,0.002455692857020488,0.0005637556698717589,0.013441697225486724,0.10865658180691425,0.15407481836280817
66,"Cfg(cluster_seed=1, surrogate='lgbm', surrogate_seed=1, estimator='tree_int', bg_size=50, bg_seed=1)",lgbm,1,0.9371428571428572,0.04578313253012048,1,0.0008900904669581297,0.006514976402183745,0.0,0.019155925993397827,0.00034515667752295555,0.09997116305308164,0.00011645511541669678,4.523103187250965e-05,0.0037447701972734304,0.0,0.0,0.06446854593725089,0.03709177235641745,0.0017906948256199652,0.00041535316717664815,0.009803134045149849,0.08016123517484808,0.114197920683107
67,"Cfg(cluster_seed=1, surrogate='lgbm', surrogate_seed=1, estimator='tree_int', bg_size=50, bg_seed=2)",lgbm,1,0.9371428571428572,0.04578313253012048,0,0.0011465744897407564,0.008801659129237898,0.0,0.025884258016889122,0.0003620212308791923,0.13551548265852625,0.0001680368934658351,6.151373363285387e-05,0.005069974586087218,0.0,0.0,0.08805597346357032,0.050311130803111274,0.002455692857020488,0.0005637556698717587,0.01344169722548672,0.10865658180691425,0.15407481836280817
67,"Cfg(cluster_seed=1, surrogate='lgbm', surrogate_seed=1, estimator='tree_int', bg_size=50, bg_seed=2)",lgbm,1,0.9371428571428572,0.04578313253012048,1,0.0008900904669581299,0.006514976402183744,0.0,0.01915592599339783,0.00034515667752295555,0.09997116305308164,0.00011645511541669676,4.523103187250965e-05,0.0037447701972734304,0.0,0.0,0.06446854593725089,0.03709177235641745,0.0017906948256199652,0.00041535316717664815,0.009803134045149849,0.08016123517484809,0.11419792068310701
68,"Cfg(cluster_seed=1, surrogate='lgbm', surrogate_seed=2, estimator='tree_path', bg_size=50, bg_seed=0)",lgbm,1,0.9371428571428572,0.04578313253012048,0,0.033478497437794914,0.19406313426654895,0.0,0.627009895114116,0.008334891293389662,2.973616217971647,0.0036079007672491265,0.0034826008044374674,0.13995151046887758,0.0,0.0,2.2150131364991457,1.4745958950563125,0.08661409485647896,0.013733503151297857,0.42031752885136137,2.511125784815074,3.752628639772297
68,"Cfg(cluster_seed=1, surrogate='lgbm', surrogate_seed=2, estimator='tree_path', bg_size=50, bg_seed=0)",lgbm,1,0.9371428571428572,0.04578313253012048,1,0.02934363640145782,0.20142889531315902,0.0,0.6594402260627855,0.023821597643305575,2.0411155813029387,0.008974291588855099,0.0010075023251871506,0.1597165654949627,0.0,0.0,1.4210927466246253,1.2007934905416862,0.057339776084988026,0.024875277826590648,0.3719559352529995,2.5528033369275986,3.067913964058445
69,"Cfg(cluster_seed=1, surrogate='lgbm', surrogate_seed=2, estimator='tree_int', bg_size=50, bg_seed=0)",lgbm,1,0.9371428571428572,0.04578313253012048,0,0.0011465744897407564,0.008801659129237898,0.0,0.025884258016889122,0.0003620212308791923,0.13551548265852623,0.00016803689346583508,6.151373363285388e-05,0.005069974586087218,0.0,0.0,0.08805597346357032,0.05031113080311128,0.0024556928570204878,0.0005637556698717589,0.013441697225486724,0.10865658180691425,0.15407481836280817
69,"Cfg(cluster_seed=1, surrogate='lgbm', surrogate_seed=2, estimator='tree_int', bg_size=50, bg_seed=0)",lgbm,1,0.9371428571428572,0.04578313253012048,1,0.0008900904669581299,0.006514976402183744,0.0,0.01915592599339783,0.0003451566775229555,0.09997116305308164,0.00011645511541669676,4.5231031872509644e-05,0.0037447701972734304,0.0,0.0,0.06446854593725089,0.03709177235641745,0.0017906948256199654,0.00041535316717664815,0.009803134045149849,0.08016123517484809,0.114197920683107
70,"Cfg(cluster_seed=1, surrogate='lgbm', surrogate_seed=2, estimator='tree_int', bg_size=50, bg_seed=1)",lgbm,1,0.9371428571428572,0.04578313253012048,0,0.0011465744897407564,0.0088016591292379,0.0,0.02588425801688912,0.0003620212308791923,0.13551548265852623,0.00016803689346583508,6.151373363285388e-05,0.005069974586087218,0.0,0.0,0.08805597346357032,0.050311130803111274,0.002455692857020488,0.0005637556698717589,0.013441697225486724,0.10865658180691425,0.15407481836280817
70,"Cfg(cluster_seed=1, surrogate='lgbm', surrogate_seed=2, estimator='tree_int', bg_size=50, bg_seed=1)",lgbm,1,0.9371428571428572,0.04578313253012048,1,0.0008900904669581297,0.006514976402183745,0.0,0.019155925993397827,0.00034515667752295555,0.09997116305308164,0.00011645511541669678,4.523103187250965e-05,0.0037447701972734304,0.0,0.0,0.06446854593725089,0.03709177235641745,0.0017906948256199652,0.00041535316717664815,0.009803134045149849,0.08016123517484808,0.114197920683107
71,"Cfg(cluster_seed=1, surrogate='lgbm', surrogate_seed=2, estimator='tree_int', bg_size=50, bg_seed=2)",lgbm,1,0.9371428571428572,0.04578313253012048,0,0.0011465744897407564,0.008801659129237898,0.0,0.025884258016889122,0.0003620212308791923,0.13551548265852625,0.0001680368934658351,6.151373363285387e-05,0.005069974586087218,0.0,0.0,0.08805597346357032,0.050311130803111274,0.002455692857020488,0.0005637556698717587,0.01344169722548672,0.10865658180691425,0.15407481836280817
71,"Cfg(cluster_seed=1, surrogate='lgbm', surrogate_seed=2, estimator='tree_int', bg_size=50, bg_seed=2)",lgbm,1,0.9371428571428572,0.04578313253012048,1,0.0008900904669581299,0.006514976402183744,0.0,0.01915592599339783,0.00034515667752295555,0.09997116305308164,0.00011645511541669676,4.523103187250965e-05,0.0037447701972734304,0.0,0.0,0.06446854593725089,0.03709177235641745,0.0017906948256199652,0.00041535316717664815,0.009803134045149849,0.08016123517484809,0.11419792068310701
72,"Cfg(cluster_seed=2, surrogate='dt', surrogate_seed=0, estimator='tree_path', bg_size=50, bg_seed=0)",dt,2,0.7832167832167832,0.09739564752051373,0,0.0,0.0,0.0,0.0,0.0,0.0,0.0,0.0,0.0,0.0,0.0,0.0,0.9393939393939394,0.0,0.0,0.0,0.0,0.0
72,"Cfg(cluster_seed=2, surrogate='dt', surrogate_seed=0, estimator='tree_path', bg_size=50, bg_seed=0)",dt,2,0.7832167832167832,0.09739564752051373,1,0.0,0.0,0.0,0.0,0.0,0.0,0.0,0.0,0.0,0.0,0.0,0.0,0.06060606060606055,0.0,0.0,0.0,0.0,0.0
73,"Cfg(cluster_seed=2, surrogate='dt', surrogate_seed=0, estimator='tree_int', bg_size=50, bg_seed=0)",dt,2,0.7832167832167832,0.09739564752051373,0,0.0,0.0,0.0,0.0,0.0,0.0,0.0,0.0,0.0,0.0,0.0,0.0,0.9393939393939394,0.0,0.0,0.0,0.0,0.0
73,"Cfg(cluster_seed=2, surrogate='dt', surrogate_seed=0, estimator='tree_int', bg_size=50, bg_seed=0)",dt,2,0.7832167832167832,0.09739564752051373,1,0.0,0.0,0.0,0.0,0.0,0.0,0.0,0.0,0.0,0.0,0.0,0.0,0.060606060606060566,0.0,0.0,0.0,0.0,0.0
74,"Cfg(cluster_seed=2, surrogate='dt', surrogate_seed=0, estimator='tree_int', bg_size=50, bg_seed=1)",dt,2,0.7832167832167832,0.09739564752051373,0,0.0,0.0,0.0,0.0,0.0,0.0,0.0,0.0,0.0,0.0,0.0,0.0,0.9393939393939394,0.0,0.0,0.0,0.0,0.0
74,"Cfg(cluster_seed=2, surrogate='dt', surrogate_seed=0, estimator='tree_int', bg_size=50, bg_seed=1)",dt,2,0.7832167832167832,0.09739564752051373,1,0.0,0.0,0.0,0.0,0.0,0.0,0.0,0.0,0.0,0.0,0.0,0.0,0.060606060606060566,0.0,0.0,0.0,0.0,0.0
75,"Cfg(cluster_seed=2, surrogate='dt', surrogate_seed=0, estimator='tree_int', bg_size=50, bg_seed=2)",dt,2,0.7832167832167832,0.09739564752051373,0,0.0,0.0,0.0,0.0,0.0,0.0,0.0,0.0,0.0,0.0,0.0,0.0,0.9393939393939394,0.0,0.0,0.0,0.0,0.0
75,"Cfg(cluster_seed=2, surrogate='dt', surrogate_seed=0, estimator='tree_int', bg_size=50, bg_seed=2)",dt,2,0.7832167832167832,0.09739564752051373,1,0.0,0.0,0.0,0.0,0.0,0.0,0.0,0.0,0.0,0.0,0.0,0.0,0.060606060606060566,0.0,0.0,0.0,0.0,0.0
76,"Cfg(cluster_seed=2, surrogate='dt', surrogate_seed=1, estimator='tree_path', bg_size=50, bg_seed=0)",dt,2,0.8923076923076924,0.09739564752051373,0,0.0,0.0,0.9393939393939394,0.0,0.0,0.0,0.0,0.0,0.0,0.0,0.0,0.0,0.0,0.0,0.0,0.0,0.0,0.0
76,"Cfg(cluster_seed=2, surrogate='dt', surrogate_seed=1, estimator='tree_path', bg_size=50, bg_seed=0)",dt,2,0.8923076923076924,0.09739564752051373,1,0.0,0.0,0.06060606060606055,0.0,0.0,0.0,0.0,0.0,0.0,0.0,0.0,0.0,0.0,0.0,0.0,0.0,0.0,0.0
77,"Cfg(cluster_seed=2, surrogate='dt', surrogate_seed=1, estimator='tree_int', bg_size=50, bg_seed=0)",dt,2,0.8923076923076924,0.09739564752051373,0,0.0,0.0,0.9393939393939394,0.0,0.0,0.0,0.0,0.0,0.0,0.0,0.0,0.0,0.0,0.0,0.0,0.0,0.0,0.0
77,"Cfg(cluster_seed=2, surrogate='dt', surrogate_seed=1, estimator='tree_int', bg_size=50, bg_seed=0)",dt,2,0.8923076923076924,0.09739564752051373,1,0.0,0.0,0.060606060606060566,0.0,0.0,0.0,0.0,0.0,0.0,0.0,0.0,0.0,0.0,0.0,0.0,0.0,0.0,0.0
78,"Cfg(cluster_seed=2, surrogate='dt', surrogate_seed=1, estimator='tree_int', bg_size=50, bg_seed=1)",dt,2,0.8923076923076924,0.09739564752051373,0,0.0,0.0,0.9393939393939394,0.0,0.0,0.0,0.0,0.0,0.0,0.0,0.0,0.0,0.0,0.0,0.0,0.0,0.0,0.0
78,"Cfg(cluster_seed=2, surrogate='dt', surrogate_seed=1, estimator='tree_int', bg_size=50, bg_seed=1)",dt,2,0.8923076923076924,0.09739564752051373,1,0.0,0.0,0.060606060606060566,0.0,0.0,0.0,0.0,0.0,0.0,0.0,0.0,0.0,0.0,0.0,0.0,0.0,0.0,0.0
79,"Cfg(cluster_seed=2, surrogate='dt', surrogate_seed=1, estimator='tree_int', bg_size=50, bg_seed=2)",dt,2,0.8923076923076924,0.09739564752051373,0,0.0,0.0,0.9393939393939394,0.0,0.0,0.0,0.0,0.0,0.0,0.0,0.0,0.0,0.0,0.0,0.0,0.0,0.0,0.0
79,"Cfg(cluster_seed=2, surrogate='dt', surrogate_seed=1, estimator='tree_int', bg_size=50, bg_seed=2)",dt,2,0.8923076923076924,0.09739564752051373,1,0.0,0.0,0.060606060606060566,0.0,0.0,0.0,0.0,0.0,0.0,0.0,0.0,0.0,0.0,0.0,0.0,0.0,0.0,0.0
80,"Cfg(cluster_seed=2, surrogate='dt', surrogate_seed=2, estimator='tree_path', bg_size=50, bg_seed=0)",dt,2,0.7832167832167832,0.09739564752051373,0,0.0,0.0,0.0,0.0,0.0,0.0,0.0,0.0,0.0,0.0,0.0,0.0,0.9393939393939394,0.0,0.0,0.0,0.0,0.0
80,"Cfg(cluster_seed=2, surrogate='dt', surrogate_seed=2, estimator='tree_path', bg_size=50, bg_seed=0)",dt,2,0.7832167832167832,0.09739564752051373,1,0.0,0.0,0.0,0.0,0.0,0.0,0.0,0.0,0.0,0.0,0.0,0.0,0.06060606060606055,0.0,0.0,0.0,0.0,0.0
81,"Cfg(cluster_seed=2, surrogate='dt', surrogate_seed=2, estimator='tree_int', bg_size=50, bg_seed=0)",dt,2,0.7832167832167832,0.09739564752051373,0,0.0,0.0,0.0,0.0,0.0,0.0,0.0,0.0,0.0,0.0,0.0,0.0,0.9393939393939394,0.0,0.0,0.0,0.0,0.0
81,"Cfg(cluster_seed=2, surrogate='dt', surrogate_seed=2, estimator='tree_int', bg_size=50, bg_seed=0)",dt,2,0.7832167832167832,0.09739564752051373,1,0.0,0.0,0.0,0.0,0.0,0.0,0.0,0.0,0.0,0.0,0.0,0.0,0.060606060606060566,0.0,0.0,0.0,0.0,0.0
82,"Cfg(cluster_seed=2, surrogate='dt', surrogate_seed=2, estimator='tree_int', bg_size=50, bg_seed=1)",dt,2,0.7832167832167832,0.09739564752051373,0,0.0,0.0,0.0,0.0,0.0,0.0,0.0,0.0,0.0,0.0,0.0,0.0,0.9393939393939394,0.0,0.0,0.0,0.0,0.0
82,"Cfg(cluster_seed=2, surrogate='dt', surrogate_seed=2, estimator='tree_int', bg_size=50, bg_seed=1)",dt,2,0.7832167832167832,0.09739564752051373,1,0.0,0.0,0.0,0.0,0.0,0.0,0.0,0.0,0.0,0.0,0.0,0.0,0.060606060606060566,0.0,0.0,0.0,0.0,0.0
83,"Cfg(cluster_seed=2, surrogate='dt', surrogate_seed=2, estimator='tree_int', bg_size=50, bg_seed=2)",dt,2,0.7832167832167832,0.09739564752051373,0,0.0,0.0,0.0,0.0,0.0,0.0,0.0,0.0,0.0,0.0,0.0,0.0,0.9393939393939394,0.0,0.0,0.0,0.0,0.0
83,"Cfg(cluster_seed=2, surrogate='dt', surrogate_seed=2, estimator='tree_int', bg_size=50, bg_seed=2)",dt,2,0.7832167832167832,0.09739564752051373,1,0.0,0.0,0.0,0.0,0.0,0.0,0.0,0.0,0.0,0.0,0.0,0.0,0.060606060606060566,0.0,0.0,0.0,0.0,0.0
84,"Cfg(cluster_seed=2, surrogate='rf', surrogate_seed=0, estimator='tree_path', bg_size=50, bg_seed=0)",rf,2,0.7846153846153847,0.09739564752051373,0,0.01171069825236492,0.009573344286885955,0.1529293271634589,0.020004194531076252,0.01471537548100048,0.013922208521867869,0.006884650072150072,0.00440547588985089,0.0030203544526461196,0.020107395075305026,0.005905830008771184,0.11428355423303245,0.12913280036268548,0.013039591003132673,0.009478675645342311,0.01846571360365043,0.05416038303219082,0.06552147474812126
84,"Cfg(cluster_seed=2, surrogate='rf', surrogate_seed=0, estimator='tree_path', bg_size=50, bg_seed=0)",rf,2,0.7846153846153847,0.09739564752051373,1,0.002581224430686797,0.0016537936749630297,0.014366641925190412,0.00335437045162158,0.0018400523088023088,0.0024844270004966023,0.0016801443777250237,0.0006029185867895546,0.0010200297263469307,0.0022554544096882794,0.001681244084469891,0.014612203591587047,0.013819279368048835,0.0024500301943178294,0.0018966398495968398,0.0020140095769648316,0.007080809587584214,0.011283350039257515
85,"Cfg(cluster_seed=2, surrogate='rf', surrogate_seed=0, estimator='tree_int', bg_size=50, bg_seed=0)",rf,2,0.7846153846153847,0.09739564752051373,0,0.012878788190639832,0.006708754371202578,0.16416667064186186,0.01645622935470645,0.011784512069866512,0.012365320164738507,0.004873737491751936,0.0037710438623572836,0.002601010163991966,0.019957912941181072,0.005513468146973261,0.12091751134545176,0.13661616492423823,0.012011784802642509,0.01073232349219986,0.01680976471680245,0.04896464765029536,0.06647306558266847
85,"Cfg(cluster_seed=2, surrogate='rf', surrogate_seed=0, estimator='tree_int', bg_size=50, bg_seed=0)",rf,2,0.7846153846153847,0.09739564752051373,1,0.00366786149861191,0.0013277941018812731,0.010591398105926573,0.0034783317883638255,0.002077766966788446,0.002404149075267237,0.001336483143038778,0.00036168133818115656,0.0011398935868502217,0.0012604540329106074,0.0017111980429561921,0.012006625684455239,0.010985120283376028,0.0024573694523569575,0.0019392853733407058,0.002193439827197735,0.006638970509406364,0.012022917636625562
86,"Cfg(cluster_seed=2, surrogate='rf', surrogate_seed=0, estimator='tree_int', bg_size=50, bg_seed=1)",rf,2,0.7846153846153847,0.09739564752051373,0,0.012878788190639832,0.006708754371202578,0.16416667064186186,0.01645622935470645,0.011784512069866512,0.012365320164738507,0.004873737491751936,0.0037710438623572836,0.002601010163991966,0.019957912941181072,0.005513468146973261,0.12091751134545176,0.13661616492423823,0.012011784802642509,0.01073232349219986,0.01680976471680245,0.04896464765029536,0.06647306558266847
86,"Cfg(cluster_seed=2, surrogate='rf', surrogate_seed=0, estimator='tree_int', bg_size=50, bg_seed=1)",rf,2,0.7846153846153847,0.09739564752051373,1,0.00366786149861191,0.0013277941018812731,0.010591398105926573,0.0034783317883638255,0.002077766966788446,0.002404149075267237,0.001336483143038778,0.00036168133818115656,0.0011398935868502217,0.0012604540329106074,0.0017111980429561921,0.012006625684455239,0.010985120283376028,0.0024573694523569575,0.0019392853733407058,0.002193439827197735,0.006638970509406364,0.012022917636625562
87,"Cfg(cluster_seed=2, surrogate='rf', surrogate_seed=0, estimator='tree_int', bg_size=50, bg_seed=2)",rf,2,0.7846153846153847,0.09739564752051373,0,0.012878788190639832,0.006708754371202578,0.16416667064186186,0.01645622935470645,0.011784512069866512,0.012365320164738507,0.004873737491751936,0.0037710438623572836,0.002601010163991966,0.019957912941181072,0.005513468146973261,0.12091751134545176,0.13661616492423823,0.012011784802642509,0.01073232349219986,0.01680976471680245,0.04896464765029536,0.06647306558266847
87,"Cfg(cluster_seed=2, surrogate='rf', surrogate_seed=0, estimator='tree_int', bg_size=50, bg_seed=2)",rf,2,0.7846153846153847,0.09739564752051373,1,0.00366786149861191,0.0013277941018812731,0.010591398105926573,0.0034783317883638255,0.002077766966788446,0.002404149075267237,0.001336483143038778,0.00036168133818115656,0.0011398935868502217,0.0012604540329106074,0.0017111980429561921,0.012006625684455239,0.010985120283376028,0.0024573694523569575,0.0019392853733407058,0.002193439827197735,0.006638970509406364,0.012022917636625562
88,"Cfg(cluster_seed=2, surrogate='rf', surrogate_seed=1, estimator='tree_path', bg_size=50, bg_seed=0)",rf,2,0.7846153846153847,0.09739564752051373,0,0.007982448720611601,0.011043755838446702,0.13999642183160335,0.011498586899460556,0.012527654941633434,0.02061094578923574,0.0039246632996632995,0.0041804152637485974,0.0019794153657790026,0.015182957802963299,0.0031693380295530838,0.1183533975669393,0.1719789369927907,0.014052964825646278,0.012073206712777826,0.026398680035898476,0.040343026074880925,0.060141610436805326
88,"Cfg(cluster_seed=2, surrogate='rf', surrogate_seed=1, estimator='tree_path', bg_size=50, bg_seed=0)",rf,2,0.7846153846153847,0.09739564752051373,1,0.0015362726465182476,0.002068813027439025,0.013225900420915745,0.0013850716305732784,0.0021995420262560968,0.0030702970986766264,0.0008550442985926858,0.0005418560929313616,0.0004890547705796972,0.002146863532149141,0.0008409403734585835,0.013811967169548243,0.017942308681987637,0.002377292660753899,0.0018740763116295237,0.003678252619479879,0.005727804718309402,0.009892851484191521
89,"Cfg(cluster_seed=2, surrogate='rf', surrogate_seed=1, estimator='tree_int', bg_size=50, bg_seed=0)",rf,2,0.7846153846153847,0.09739564752051373,0,0.007718855405762566,0.009436027164514544,0.1505218891666807,0.00971380494901854,0.011262626535343854,0.01797138090654643,0.0034343435175039553,0.0025336700950213003,0.002154882207061305,0.015193603061506468,0.0030892256640292926,0.1222474777076224,0.18025252961722965,0.013274411095842494,0.011220538992237187,0.023106061165559695,0.0357744116406662,0.061902358401284524
89,"Cfg(cluster_seed=2, surrogate='rf', surrogate_seed=1, estimator='tree_int', bg_size=50, bg_seed=0)",rf,2,0.7846153846153847,0.09739564752051373,1,0.001604757288776753,0.0021999566080658636,0.00971108962365682,0.0009264690134189982,0.0021646573783634985,0.003824807304519348,0.0006093190111700563,0.0004578038559860584,0.0005930270589997342,0.0009433040306616653,0.0009085478660316441,0.012212990411945993,0.0145650052402682,0.002472575274382591,0.0019229934211703835,0.003303464835069032,0.0052025633930562745,0.010681003842863347
90,"Cfg(cluster_seed=2, surrogate='rf', surrogate_seed=1, estimator='tree_int', bg_size=50, bg_seed=1)",rf,2,0.7846153846153847,0.09739564752051373,0,0.007718855405762566,0.009436027164514544,0.1505218891666807,0.00971380494901854,0.011262626535343854,0.01797138090654643,0.0034343435175039553,0.0025336700950213003,0.002154882207061305,0.015193603061506468,0.0030892256640292926,0.1222474777076224,0.18025252961722965,0.013274411095842494,0.011220538992237187,0.023106061165559695,0.0357744116406662,0.061902358401284524
90,"Cfg(cluster_seed=2, surrogate='rf', surrogate_seed=1, estimator='tree_int', bg_size=50, bg_seed=1)",rf,2,0.7846153846153847,0.09739564752051373,1,0.001604757288776753,0.0021999566080658636,0.00971108962365682,0.0009264690134189982,0.0021646573783634985,0.003824807304519348,0.0006093190111700563,0.0004578038559860584,0.0005930270589997342,0.0009433040306616653,0.0009085478660316441,0.012212990411945993,0.0145650052402682,0.002472575274382591,0.0019229934211703835,0.003303464835069032,0.0052025633930562745,0.010681003842863347
91,"Cfg(cluster_seed=2, surrogate='rf', surrogate_seed=1, estimator='tree_int', bg_size=50, bg_seed=2)",rf,2,0.7846153846153847,0.09739564752051373,0,0.007718855405762566,0.009436027164514544,0.1505218891666807,0.00971380494901854,0.011262626535343854,0.01797138090654643,0.0034343435175039553,0.0025336700950213003,0.002154882207061305,0.015193603061506468,0.0030892256640292926,0.1222474777076224,0.18025252961722965,0.013274411095842494,0.011220538992237187,0.023106061165559695,0.0357744116406662,0.061902358401284524
91,"Cfg(cluster_seed=2, surrogate='rf', surrogate_seed=1, estimator='tree_int', bg_size=50, bg_seed=2)",rf,2,0.7846153846153847,0.09739564752051373,1,0.001604757288776753,0.0021999566080658636,0.00971108962365682,0.0009264690134189982,0.0021646573783634985,0.003824807304519348,0.0006093190111700563,0.0004578038559860584,0.0005930270589997342,0.0009433040306616653,0.0009085478660316441,0.012212990411945993,0.0145650052402682,0.002472575274382591,0.0019229934211703835,0.003303464835069032,0.0052025633930562745,0.010681003842863347
92,"Cfg(cluster_seed=2, surrogate='rf', surrogate_seed=2, estimator='tree_path', bg_size=50, bg_seed=0)",rf,2,0.8923076923076924,0.09739564752051373,0,0.011742722039261019,0.0051150815200994414,0.1569803538941644,0.0172345503647587,0.011754934658404846,0.02252212922493172,0.00278434488563799,0.0047694404361071025,0.008688565654978778,0.015377439644352727,0.008227039742664742,0.1006469715218799,0.1511409006540055,0.008976293535381178,0.010644694811361478,0.016085168440679188,0.053188111756324125,0.04840232182940517
92,"Cfg(cluster_seed=2, surrogate='rf', surrogate_seed=2, estimator='tree_path', bg_size=50, bg_seed=0)",rf,2,0.8923076923076924,0.09739564752051373,1,0.001887832544971377,0.000684081147545132,0.014969034108114492,0.0020870589859165135,0.001935762882141339,0.003355762222316456,0.0008412662966333711,0.0007707463782732599,0.001216124639998525,0.0016678735995636785,0.0014457505482371072,0.01157175263873424,0.014483174477418762,0.001596487077994308,0.0023624102898296443,0.002611691256418971,0.007884050818418229,0.007036672730893158
93,"Cfg(cluster_seed=2, surrogate='rf', surrogate_seed=2, estimator='tree_int', bg_size=50, bg_seed=0)",rf,2,0.8923076923076924,0.09739564752051373,0,0.011237374009479852,0.002836700405389296,0.16976431387504845,0.013409091233783824,0.009444444673135877,0.01987373785496774,0.002904040474359962,0.004427609534821276,0.0063215489746212515,0.014814815173546474,0.0057070708452639255,0.10036195529215602,0.15800505433104595,0.008257575957527892,0.0128703706820185,0.016077441466746455,0.05344276223684463,0.048341752012316705
93,"Cfg(cluster_seed=2, surrogate='rf', surrogate_seed=2, estimator='tree_int', bg_size=50, bg_seed=0)",rf,2,0.8923076923076924,0.09739564752051373,1,0.0021315304089505093,0.0009107201263210204,0.010952536379035384,0.002069620990703285,0.0019865320346346407,0.004271206793986181,0.0011366351964161574,0.0012034322003144791,0.0012691430740681127,0.000955794527325579,0.0019376561781236734,0.009441186282701816,0.01225969400816758,0.001983816709272921,0.002350928698177518,0.002475290599744312,0.00872434038720763,0.007192896883197324
94,"Cfg(cluster_seed=2, surrogate='rf', surrogate_seed=2, estimator='tree_int', bg_size=50, bg_seed=1)",rf,2,0.8923076923076924,0.09739564752051373,0,0.011237374009479852,0.002836700405389296,0.16976431387504845,0.013409091233783824,0.009444444673135877,0.01987373785496774,0.002904040474359962,0.004427609534821276,0.0063215489746212515,0.014814815173546474,0.0057070708452639255,0.10036195529215602,0.15800505433104595,0.008257575957527892,0.0128703706820185,0.016077441466746455,0.05344276223684463,0.048341752012316705
94,"Cfg(cluster_seed=2, surrogate='rf', surrogate_seed=2, estimator='tree_int', bg_size=50, bg_seed=1)",rf,2,0.8923076923076924,0.09739564752051373,1,0.0021315304089505093,0.0009107201263210204,0.010952536379035384,0.002069620990703285,0.0019865320346346407,0.004271206793986181,0.0011366351964161574,0.0012034322003144791,0.0012691430740681127,0.000955794527325579,0.0019376561781236734,0.009441186282701816,0.01225969400816758,0.001983816709272921,0.002350928698177518,0.002475290599744312,0.00872434038720763,0.007192896883197324
95,"Cfg(cluster_seed=2, surrogate='rf', surrogate_seed=2, estimator='tree_int', bg_size=50, bg_seed=2)",rf,2,0.8923076923076924,0.09739564752051373,0,0.011237374009479852,0.002836700405389296,0.16976431387504845,0.013409091233783824,0.009444444673135877,0.01987373785496774,0.002904040474359962,0.004427609534821276,0.0063215489746212515,0.014814815173546474,0.0057070708452639255,0.10036195529215602,0.15800505433104595,0.008257575957527892,0.0128703706820185,0.016077441466746455,0.05344276223684463,0.048341752012316705
95,"Cfg(cluster_seed=2, surrogate='rf', surrogate_seed=2, estimator='tree_int', bg_size=50, bg_seed=2)",rf,2,0.8923076923076924,0.09739564752051373,1,0.0021315304089505093,0.0009107201263210204,0.010952536379035384,0.002069620990703285,0.0019865320346346407,0.004271206793986181,0.0011366351964161574,0.0012034322003144791,0.0012691430740681127,0.000955794527325579,0.0019376561781236734,0.009441186282701816,0.01225969400816758,0.001983816709272921,0.002350928698177518,0.002475290599744312,0.00872434038720763,0.007192896883197324
96,"Cfg(cluster_seed=2, surrogate='lgbm', surrogate_seed=0, estimator='tree_path', bg_size=50, bg_seed=0)",lgbm,2,0.8923076923076924,0.09739564752051373,0,1.2007900762672427e-06,2.935985664656582e-10,16.309046753890257,0.0,0.0,2.2901583450821161e-10,0.0,5.082887820709314e-09,6.162716726688944e-09,1.1558063837072835e-06,0.0,0.6028372810448488,5.265463230133896e-06,4.633365219275376e-10,9.826010949308406e-07,8.037586342697287e-07,0.0001804753674558915,0.013421615584764238
96,"Cfg(cluster_seed=2, surrogate='lgbm', surrogate_seed=0, estimator='tree_path', bg_size=50, bg_seed=0)",lgbm,2,0.8923076923076924,0.09739564752051373,1,3.2457111975060793e-06,5.704436151993746e-10,1.0516473523412475,7.162729191130042e-18,0.0,7.279367554244478e-10,0.0,1.7911630428689472e-08,2.3047485761775392e-08,1.8349751808891182e-06,0.0,0.11620894679654986,3.981292901836085e-06,1.664270669081917e-09,2.5600380411436173e-06,2.5515964797620864e-06,0.0006573653872973243,0.00581620196481976
97,"Cfg(cluster_seed=2, surrogate='lgbm', surrogate_seed=0, estimator='tree_int', bg_size=50, bg_seed=0)",lgbm,2,0.8923076923076924,0.09739564752051373,0,7.663387950042818e-08,0.0,0.9062303485194112,0.0,0.0,3.4302008798004004e-11,0.0,3.3671036337910556e-10,3.164288629187102e-10,6.523009027257129e-08,0.0,0.033430496247733796,2.888130863061887e-07,4.9893834189062583e-11,6.008180990079109e-08,4.281400740840452e-08,1.0228790815775687e-05,0.0007415043750132147
97,"Cfg(cluster_seed=2, surrogate='lgbm', surrogate_seed=0, estimator='tree_int', bg_size=50, bg_seed=0)",lgbm,2,0.8923076923076924,0.09739564752051373,1,5.062512918706261e-09,0.0,0.05846647409802655,0.0,0.0,2.225009127248117e-12,0.0,2.2303559426620575e-11,2.1137914161970548e-11,4.2755919489860126e-09,0.0,0.002160211760742822,1.883541869767824e-08,3.2839850777611463e-12,3.966618055716297e-09,2.8420420951409406e-09,6.959460179798141e-07,4.80536860830475e-05
98,"Cfg(cluster_seed=2, surrogate='lgbm', surrogate_seed=0, estimator='tree_int', bg_size=50, bg_seed=1)",lgbm,2,0.8923076923076924,0.09739564752051373,0,7.663387950042821e-08,0.0,0.9062303485194114,0.0,0.0,3.4302008798004004e-11,0.0,3.367103633791056e-10,3.1642886291871026e-10,6.523009027257129e-08,0.0,0.03343049624773379,2.888130863061888e-07,4.9893834189062583e-11,6.008180990079109e-08,4.281400740840453e-08,1.0228790815775687e-05,0.0007415043750132145
98,"Cfg(cluster_seed=2, surrogate='lgbm', surrogate_seed=0, estimator='tree_int', bg_size=50, bg_seed=1)",lgbm,2,0.8923076923076924,0.09739564752051373,1,5.062512918706261e-09,0.0,0.05846647409802654,0.0,0.0,2.225009127248117e-12,0.0,2.2303559426620578e-11,2.1137914161970548e-11,4.2755919489860126e-09,0.0,0.002160211760742822,1.8835418697678235e-08,3.2839850777611463e-12,3.966618055716298e-09,2.8420420951409406e-09,6.959460179798142e-07,4.80536860830475e-05
99,"Cfg(cluster_seed=2, surrogate='lgbm', surrogate_seed=0, estimator='tree_int', bg_size=50, bg_seed=2)",lgbm,2,0.8923076923076924,0.09739564752051373,0,7.663387950042821e-08,0.0,0.9062303485194114,0.0,0.0,3.4302008798004004e-11,0.0,3.367103633791056e-10,3.164288629187102e-10,6.523009027257129e-08,0.0,0.033430496247733796,2.8881308630618873e-07,4.9893834189062583e-11,6.00818099007911e-08,4.281400740840453e-08,1.0228790815775687e-05,0.0007415043750132147
99,"Cfg(cluster_seed=2, surrogate='lgbm', surrogate_seed=0, estimator='tree_int', bg_size=50, bg_seed=2)",lgbm,2,0.8923076923076924,0.09739564752051373,1,5.062512918706261e-09,0.0,0.05846647409802655,0.0,0.0,2.225009127248117e-12,0.0,2.2303559426620578e-11,2.113791416197055e-11,4.2755919489860126e-09,0.0,0.0021602117607428216,1.8835418697678235e-08,3.2839850777611463e-12,3.966618055716298e-09,2.84204209514094e-09,6.959460179798142e-07,4.80536860830475e-05
100,"Cfg(cluster_seed=2, surrogate='lgbm', surrogate_seed=1, estimator='tree_path', bg_size=50, bg_seed=0)",lgbm,2,0.8923076923076924,0.09739564752051373,0,1.2007900762672427e-06,2.935985664656582e-10,16.309046753890257,0.0,0.0,2.2901583450821161e-10,0.0,5.082887820709314e-09,6.162716726688944e-09,1.1558063837072835e-06,0.0,0.6028372810448488,5.265463230133896e-06,4.633365219275376e-10,9.826010949308406e-07,8.037586342697287e-07,0.0001804753674558915,0.013421615584764238
100,"Cfg(cluster_seed=2, surrogate='lgbm', surrogate_seed=1, estimator='tree_path', bg_size=50, bg_seed=0)",lgbm,2,0.8923076923076924,0.09739564752051373,1,3.2457111975060793e-06,5.704436151993746e-10,1.0516473523412475,7.162729191130042e-18,0.0,7.279367554244478e-10,0.0,1.7911630428689472e-08,2.3047485761775392e-08,1.8349751808891182e-06,0.0,0.11620894679654986,3.981292901836085e-06,1.664270669081917e-09,2.5600380411436173e-06,2.5515964797620864e-06,0.0006573653872973243,0.00581620196481976
101,"Cfg(cluster_seed=2, surrogate='lgbm', surrogate_seed=1, estimator='tree_int', bg_size=50, bg_seed=0)",lgbm,2,0.8923076923076924,0.09739564752051373,0,7.663387950042818e-08,0.0,0.9062303485194112,0.0,0.0,3.4302008798004004e-11,0.0,3.3671036337910556e-10,3.164288629187102e-10,6.523009027257129e-08,0.0,0.033430496247733796,2.888130863061887e-07,4.9893834189062583e-11,6.008180990079109e-08,4.281400740840452e-08,1.0228790815775687e-05,0.0007415043750132147
101,"Cfg(cluster_seed=2, surrogate='lgbm', surrogate_seed=1, estimator='tree_int', bg_size=50, bg_seed=0)",lgbm,2,0.8923076923076924,0.09739564752051373,1,5.062512918706261e-09,0.0,0.05846647409802655,0.0,0.0,2.225009127248117e-12,0.0,2.2303559426620575e-11,2.1137914161970548e-11,4.2755919489860126e-09,0.0,0.002160211760742822,1.883541869767824e-08,3.2839850777611463e-12,3.966618055716297e-09,2.8420420951409406e-09,6.959460179798141e-07,4.80536860830475e-05
102,"Cfg(cluster_seed=2, surrogate='lgbm', surrogate_seed=1, estimator='tree_int', bg_size=50, bg_seed=1)",lgbm,2,0.8923076923076924,0.09739564752051373,0,7.663387950042821e-08,0.0,0.9062303485194114,0.0,0.0,3.4302008798004004e-11,0.0,3.367103633791056e-10,3.1642886291871026e-10,6.523009027257129e-08,0.0,0.03343049624773379,2.888130863061888e-07,4.9893834189062583e-11,6.008180990079109e-08,4.281400740840453e-08,1.0228790815775687e-05,0.0007415043750132145
102,"Cfg(cluster_seed=2, surrogate='lgbm', surrogate_seed=1, estimator='tree_int', bg_size=50, bg_seed=1)",lgbm,2,0.8923076923076924,0.09739564752051373,1,5.062512918706261e-09,0.0,0.05846647409802654,0.0,0.0,2.225009127248117e-12,0.0,2.2303559426620578e-11,2.1137914161970548e-11,4.2755919489860126e-09,0.0,0.002160211760742822,1.8835418697678235e-08,3.2839850777611463e-12,3.966618055716298e-09,2.8420420951409406e-09,6.959460179798142e-07,4.80536860830475e-05
103,"Cfg(cluster_seed=2, surrogate='lgbm', surrogate_seed=1, estimator='tree_int', bg_size=50, bg_seed=2)",lgbm,2,0.8923076923076924,0.09739564752051373,0,7.663387950042821e-08,0.0,0.9062303485194114,0.0,0.0,3.4302008798004004e-11,0.0,3.367103633791056e-10,3.164288629187102e-10,6.523009027257129e-08,0.0,0.033430496247733796,2.8881308630618873e-07,4.9893834189062583e-11,6.00818099007911e-08,4.281400740840453e-08,1.0228790815775687e-05,0.0007415043750132147
103,"Cfg(cluster_seed=2, surrogate='lgbm', surrogate_seed=1, estimator='tree_int', bg_size=50, bg_seed=2)",lgbm,2,0.8923076923076924,0.09739564752051373,1,5.062512918706261e-09,0.0,0.05846647409802655,0.0,0.0,2.225009127248117e-12,0.0,2.2303559426620578e-11,2.113791416197055e-11,4.2755919489860126e-09,0.0,0.0021602117607428216,1.8835418697678235e-08,3.2839850777611463e-12,3.966618055716298e-09,2.84204209514094e-09,6.959460179798142e-07,4.80536860830475e-05
104,"Cfg(cluster_seed=2, surrogate='lgbm', surrogate_seed=2, estimator='tree_path', bg_size=50, bg_seed=0)",lgbm,2,0.8923076923076924,0.09739564752051373,0,1.2007900762672427e-06,2.935985664656582e-10,16.309046753890257,0.0,0.0,2.2901583450821161e-10,0.0,5.082887820709314e-09,6.162716726688944e-09,1.1558063837072835e-06,0.0,0.6028372810448488,5.265463230133896e-06,4.633365219275376e-10,9.826010949308406e-07,8.037586342697287e-07,0.0001804753674558915,0.013421615584764238
104,"Cfg(cluster_seed=2, surrogate='lgbm', surrogate_seed=2, estimator='tree_path', bg_size=50, bg_seed=0)",lgbm,2,0.8923076923076924,0.09739564752051373,1,3.2457111975060793e-06,5.704436151993746e-10,1.0516473523412475,7.162729191130042e-18,0.0,7.279367554244478e-10,0.0,1.7911630428689472e-08,2.3047485761775392e-08,1.8349751808891182e-06,0.0,0.11620894679654986,3.981292901836085e-06,1.664270669081917e-09,2.5600380411436173e-06,2.5515964797620864e-06,0.0006573653872973243,0.00581620196481976
105,"Cfg(cluster_seed=2, surrogate='lgbm', surrogate_seed=2, estimator='tree_int', bg_size=50, bg_seed=0)",lgbm,2,0.8923076923076924,0.09739564752051373,0,7.663387950042818e-08,0.0,0.9062303485194112,0.0,0.0,3.4302008798004004e-11,0.0,3.3671036337910556e-10,3.164288629187102e-10,6.523009027257129e-08,0.0,0.033430496247733796,2.888130863061887e-07,4.9893834189062583e-11,6.008180990079109e-08,4.281400740840452e-08,1.0228790815775687e-05,0.0007415043750132147
105,"Cfg(cluster_seed=2, surrogate='lgbm', surrogate_seed=2, estimator='tree_int', bg_size=50, bg_seed=0)",lgbm,2,0.8923076923076924,0.09739564752051373,1,5.062512918706261e-09,0.0,0.05846647409802655,0.0,0.0,2.225009127248117e-12,0.0,2.2303559426620575e-11,2.1137914161970548e-11,4.2755919489860126e-09,0.0,0.002160211760742822,1.883541869767824e-08,3.2839850777611463e-12,3.966618055716297e-09,2.8420420951409406e-09,6.959460179798141e-07,4.80536860830475e-05
106,"Cfg(cluster_seed=2, surrogate='lgbm', surrogate_seed=2, estimator='tree_int', bg_size=50, bg_seed=1)",lgbm,2,0.8923076923076924,0.09739564752051373,0,7.663387950042821e-08,0.0,0.9062303485194114,0.0,0.0,3.4302008798004004e-11,0.0,3.367103633791056e-10,3.1642886291871026e-10,6.523009027257129e-08,0.0,0.03343049624773379,2.888130863061888e-07,4.9893834189062583e-11,6.008180990079109e-08,4.281400740840453e-08,1.0228790815775687e-05,0.0007415043750132145
106,"Cfg(cluster_seed=2, surrogate='lgbm', surrogate_seed=2, estimator='tree_int', bg_size=50, bg_seed=1)",lgbm,2,0.8923076923076924,0.09739564752051373,1,5.062512918706261e-09,0.0,0.05846647409802654,0.0,0.0,2.225009127248117e-12,0.0,2.2303559426620578e-11,2.1137914161970548e-11,4.2755919489860126e-09,0.0,0.002160211760742822,1.8835418697678235e-08,3.2839850777611463e-12,3.966618055716298e-09,2.8420420951409406e-09,6.959460179798142e-07,4.80536860830475e-05
107,"Cfg(cluster_seed=2, surrogate='lgbm', surrogate_seed=2, estimator='tree_int', bg_size=50, bg_seed=2)",lgbm,2,0.8923076923076924,0.09739564752051373,0,7.663387950042821e-08,0.0,0.9062303485194114,0.0,0.0,3.4302008798004004e-11,0.0,3.367103633791056e-10,3.164288629187102e-10,6.523009027257129e-08,0.0,0.033430496247733796,2.8881308630618873e-07,4.9893834189062583e-11,6.00818099007911e-08,4.281400740840453e-08,1.0228790815775687e-05,0.0007415043750132147
107,"Cfg(cluster_seed=2, surrogate='lgbm', surrogate_seed=2, estimator='tree_int', bg_size=50, bg_seed=2)",lgbm,2,0.8923076923076924,0.09739564752051373,1,5.062512918706261e-09,0.0,0.05846647409802655,0.0,0.0,2.225009127248117e-12,0.0,2.2303559426620578e-11,2.113791416197055e-11,4.2755919489860126e-09,0.0,0.0021602117607428216,1.8835418697678235e-08,3.2839850777611463e-12,3.966618055716298e-09,2.84204209514094e-09,6.959460179798142e-07,4.80536860830475e-05
108,"Cfg(cluster_seed=3, surrogate='dt', surrogate_seed=0, estimator='tree_path', bg_size=50, bg_seed=0)",dt,3,0.4388578088578089,0.2955665024630542,0,0.0,0.75,0.0,0.0,0.0,0.0,0.0,0.0,0.0,0.0,0.0,0.0,0.09848484848484845,0.0,0.0,0.0,0.0,0.0
108,"Cfg(cluster_seed=3, surrogate='dt', surrogate_seed=0, estimator='tree_path', bg_size=50, bg_seed=0)",dt,3,0.4388578088578089,0.2955665024630542,1,0.0,0.15016233766233758,0.0,0.0,0.0,0.0,0.0,0.0,0.0,0.0,0.0,0.0,0.04734848484848484,0.0,0.0,0.0,0.0,0.0
109,"Cfg(cluster_seed=3, surrogate='dt', surrogate_seed=0, estimator='tree_int', bg_size=50, bg_seed=0)",dt,3,0.4388578088578089,0.2955665024630542,0,0.0,0.7121212121212122,0.0,0.0,0.0,0.0,0.0,0.0,0.0,0.0,0.0,0.0,0.13636363636363635,0.0,0.0,0.0,0.0,0.0
109,"Cfg(cluster_seed=3, surrogate='dt', surrogate_seed=0, estimator='tree_int', bg_size=50, bg_seed=0)",dt,3,0.4388578088578089,0.2955665024630542,1,0.0,0.14880952380952375,0.0,0.0,0.0,0.0,0.0,0.0,0.0,0.0,0.0,0.0,0.04599567099567098,0.0,0.0,0.0,0.0,0.0
110,"Cfg(cluster_seed=3, surrogate='dt', surrogate_seed=0, estimator='tree_int', bg_size=50, bg_seed=1)",dt,3,0.4388578088578089,0.2955665024630542,0,0.0,0.7121212121212122,0.0,0.0,0.0,0.0,0.0,0.0,0.0,0.0,0.0,0.0,0.13636363636363635,0.0,0.0,0.0,0.0,0.0
110,"Cfg(cluster_seed=3, surrogate='dt', surrogate_seed=0, estimator='tree_int', bg_size=50, bg_seed=1)",dt,3,0.4388578088578089,0.2955665024630542,1,0.0,0.14880952380952375,0.0,0.0,0.0,0.0,0.0,0.0,0.0,0.0,0.0,0.0,0.04599567099567098,0.0,0.0,0.0,0.0,0.0
111,"Cfg(cluster_seed=3, surrogate='dt', surrogate_seed=0, estimator='tree_int', bg_size=50, bg_seed=2)",dt,3,0.4388578088578089,0.2955665024630542,0,0.0,0.7121212121212122,0.0,0.0,0.0,0.0,0.0,0.0,0.0,0.0,0.0,0.0,0.13636363636363635,0.0,0.0,0.0,0.0,0.0
111,"Cfg(cluster_seed=3, surrogate='dt', surrogate_seed=0, estimator='tree_int', bg_size=50, bg_seed=2)",dt,3,0.4388578088578089,0.2955665024630542,1,0.0,0.14880952380952375,0.0,0.0,0.0,0.0,0.0,0.0,0.0,0.0,0.0,0.0,0.04599567099567098,0.0,0.0,0.0,0.0,0.0
112,"Cfg(cluster_seed=3, surrogate='dt', surrogate_seed=1, estimator='tree_path', bg_size=50, bg_seed=0)",dt,3,0.5144133644133644,0.2955665024630542,0,0.0,0.75,0.0,0.0,0.0,0.0,0.0,0.0,0.0,0.0,0.0,0.0,0.0,0.0,0.09848484848484845,0.0,0.0,0.0
112,"Cfg(cluster_seed=3, surrogate='dt', surrogate_seed=1, estimator='tree_path', bg_size=50, bg_seed=0)",dt,3,0.5144133644133644,0.2955665024630542,1,0.0,0.1631493506493506,0.0,0.0,0.0,0.0,0.0,0.0,0.0,0.0,0.0,0.0,0.0,0.0,0.038690476190476185,0.0,0.0,0.0
113,"Cfg(cluster_seed=3, surrogate='dt', surrogate_seed=1, estimator='tree_int', bg_size=50, bg_seed=0)",dt,3,0.5144133644133644,0.2955665024630542,0,0.0,0.7727272727272727,0.0,0.0,0.0,0.0,0.0,0.0,0.0,0.0,0.0,0.0,0.0,0.0,0.07575757575757576,0.0,0.0,0.0
113,"Cfg(cluster_seed=3, surrogate='dt', surrogate_seed=1, estimator='tree_int', bg_size=50, bg_seed=0)",dt,3,0.5144133644133644,0.2955665024630542,1,0.0,0.16396103896103895,0.0,0.0,0.0,0.0,0.0,0.0,0.0,0.0,0.0,0.0,0.0,0.0,0.0395021645021645,0.0,0.0,0.0
114,"Cfg(cluster_seed=3, surrogate='dt', surrogate_seed=1, estimator='tree_int', bg_size=50, bg_seed=1)",dt,3,0.5144133644133644,0.2955665024630542,0,0.0,0.7727272727272727,0.0,0.0,0.0,0.0,0.0,0.0,0.0,0.0,0.0,0.0,0.0,0.0,0.07575757575757576,0.0,0.0,0.0
114,"Cfg(cluster_seed=3, surrogate='dt', surrogate_seed=1, estimator='tree_int', bg_size=50, bg_seed=1)",dt,3,0.5144133644133644,0.2955665024630542,1,0.0,0.16396103896103895,0.0,0.0,0.0,0.0,0.0,0.0,0.0,0.0,0.0,0.0,0.0,0.0,0.0395021645021645,0.0,0.0,0.0
115,"Cfg(cluster_seed=3, surrogate='dt', surrogate_seed=1, estimator='tree_int', bg_size=50, bg_seed=2)",dt,3,0.5144133644133644,0.2955665024630542,0,0.0,0.7727272727272727,0.0,0.0,0.0,0.0,0.0,0.0,0.0,0.0,0.0,0.0,0.0,0.0,0.07575757575757576,0.0,0.0,0.0
115,"Cfg(cluster_seed=3, surrogate='dt', surrogate_seed=1, estimator='tree_int', bg_size=50, bg_seed=2)",dt,3,0.5144133644133644,0.2955665024630542,1,0.0,0.16396103896103895,0.0,0.0,0.0,0.0,0.0,0.0,0.0,0.0,0.0,0.0,0.0,0.0,0.0395021645021645,0.0,0.0,0.0
116,"Cfg(cluster_seed=3, surrogate='dt', surrogate_seed=2, estimator='tree_path', bg_size=50, bg_seed=0)",dt,3,0.5144133644133644,0.2955665024630542,0,0.0,0.75,0.0,0.0,0.0,0.0,0.0,0.0,0.09848484848484845,0.0,0.0,0.0,0.0,0.0,0.0,0.0,0.0,0.0
116,"Cfg(cluster_seed=3, surrogate='dt', surrogate_seed=2, estimator='tree_path', bg_size=50, bg_seed=0)",dt,3,0.5144133644133644,0.2955665024630542,1,0.0,0.10470779220779214,0.0,0.0,0.0,0.0,0.0,0.0,0.07765151515151514,0.0,0.0,0.0,0.0,0.0,0.0,0.0,0.0,0.0
117,"Cfg(cluster_seed=3, surrogate='dt', surrogate_seed=2, estimator='tree_int', bg_size=50, bg_seed=0)",dt,3,0.5144133644133644,0.2955665024630542,0,0.0,0.5,0.0,0.0,0.0,0.0,0.0,0.0,0.3484848484848485,0.0,0.0,0.0,0.0,0.0,0.0,0.0,0.0,0.0
117,"Cfg(cluster_seed=3, surrogate='dt', surrogate_seed=2, estimator='tree_int', bg_size=50, bg_seed=0)",dt,3,0.5144133644133644,0.2955665024630542,1,0.0,0.09577922077922074,0.0,0.0,0.0,0.0,0.0,0.0,0.06872294372294371,0.0,0.0,0.0,0.0,0.0,0.0,0.0,0.0,0.0
118,"Cfg(cluster_seed=3, surrogate='dt', surrogate_seed=2, estimator='tree_int', bg_size=50, bg_seed=1)",dt,3,0.5144133644133644,0.2955665024630542,0,0.0,0.5,0.0,0.0,0.0,0.0,0.0,0.0,0.3484848484848485,0.0,0.0,0.0,0.0,0.0,0.0,0.0,0.0,0.0
118,"Cfg(cluster_seed=3, surrogate='dt', surrogate_seed=2, estimator='tree_int', bg_size=50, bg_seed=1)",dt,3,0.5144133644133644,0.2955665024630542,1,0.0,0.09577922077922074,0.0,0.0,0.0,0.0,0.0,0.0,0.06872294372294371,0.0,0.0,0.0,0.0,0.0,0.0,0.0,0.0,0.0
119,"Cfg(cluster_seed=3, surrogate='dt', surrogate_seed=2, estimator='tree_int', bg_size=50, bg_seed=2)",dt,3,0.5144133644133644,0.2955665024630542,0,0.0,0.5,0.0,0.0,0.0,0.0,0.0,0.0,0.3484848484848485,0.0,0.0,0.0,0.0,0.0,0.0,0.0,0.0,0.0
119,"Cfg(cluster_seed=3, surrogate='dt', surrogate_seed=2, estimator='tree_int', bg_size=50, bg_seed=2)",dt,3,0.5144133644133644,0.2955665024630542,1,0.0,0.09577922077922074,0.0,0.0,0.0,0.0,0.0,0.0,0.06872294372294371,0.0,0.0,0.0,0.0,0.0,0.0,0.0,0.0,0.0
120,"Cfg(cluster_seed=3, surrogate='rf', surrogate_seed=0, estimator='tree_path', bg_size=50, bg_seed=0)",rf,3,0.7832167832167832,0.2955665024630542,0,0.045672880280638914,0.15682074625565998,0.0016942340067340072,0.11110058502240831,0.06138539241217866,0.018876016610828432,0.06818996425339585,0.0628559598745231,0.10184370910478995,0.02716672324571843,0.004142326192326193,0.004842396890246353,0.003286576078242745,0.0015708674042007379,0.0019902196568863237,0.0026613275613275615,0.0043894465003335974,0.013972669954223532
120,"Cfg(cluster_seed=3, surrogate='rf', surrogate_seed=0, estimator='tree_path', bg_size=50, bg_seed=0)",rf,3,0.7832167832167832,0.2955665024630542,1,0.010160056637016817,0.03367970795510822,0.00041660654160654117,0.021747797045873114,0.01618184778083723,0.005880670562570756,0.012404679437455607,0.015542164058194441,0.022970172585877874,0.009272806976642917,0.0010426065336779622,0.0016718611809337616,0.0011865551776266065,0.000928402505783458,0.0006218076456171694,0.0010266998213426788,0.0015196269913117992,0.003416294149847305
121,"Cfg(cluster_seed=3, surrogate='rf', surrogate_seed=0, estimator='tree_int', bg_size=50, bg_seed=0)",rf,3,0.7832167832167832,0.2955665024630542,0,0.04631649943802393,0.15504714180150944,0.0016430976828842449,0.11180471651199639,0.06540740899120767,0.02137373789128932,0.07084511956058895,0.05702357040435979,0.09325926151747505,0.03168013544724972,0.005111111234873534,0.0050707071934911335,0.0035824916692394197,0.0014478114828693144,0.001966330013943441,0.003407407489915689,0.004949495069343935,0.014629629983877141
121,"Cfg(cluster_seed=3, surrogate='rf', surrogate_seed=0, estimator='tree_int', bg_size=50, bg_seed=0)",rf,3,0.7832167832167832,0.2955665024630542,1,0.009194324416959119,0.03256553710409082,0.0002489177549451395,0.01996512794857078,0.012955748269463451,0.00519119781689936,0.012126623670262127,0.014129389471523627,0.02142977444868277,0.00896765293479893,0.0012289562587146502,0.0016161616552959786,0.0008561808769127505,0.0008621933830708458,0.0006794131958647533,0.0011231361503321758,0.0008886484101664646,0.002599206412144538
122,"Cfg(cluster_seed=3, surrogate='rf', surrogate_seed=0, estimator='tree_int', bg_size=50, bg_seed=1)",rf,3,0.7832167832167832,0.2955665024630542,0,0.04631649943802393,0.15504714180150944,0.0016430976828842449,0.11180471651199639,0.06540740899120767,0.02137373789128932,0.07084511956058895,0.05702357040435979,0.09325926151747505,0.03168013544724972,0.005111111234873534,0.0050707071934911335,0.0035824916692394197,0.0014478114828693144,0.001966330013943441,0.003407407489915689,0.004949495069343935,0.014629629983877141
122,"Cfg(cluster_seed=3, surrogate='rf', surrogate_seed=0, estimator='tree_int', bg_size=50, bg_seed=1)",rf,3,0.7832167832167832,0.2955665024630542,1,0.009194324416959119,0.03256553710409082,0.0002489177549451395,0.01996512794857078,0.012955748269463451,0.00519119781689936,0.012126623670262127,0.014129389471523627,0.02142977444868277,0.00896765293479893,0.0012289562587146502,0.0016161616552959786,0.0008561808769127505,0.0008621933830708458,0.0006794131958647533,0.0011231361503321758,0.0008886484101664646,0.002599206412144538
123,"Cfg(cluster_seed=3, surrogate='rf', surrogate_seed=0, estimator='tree_int', bg_size=50, bg_seed=2)",rf,3,0.7832167832167832,0.2955665024630542,0,0.04631649943802393,0.15504714180150944,0.0016430976828842449,0.11180471651199639,0.06540740899120767,0.02137373789128932,0.07084511956058895,0.05702357040435979,0.09325926151747505,0.03168013544724972,0.005111111234873534,0.0050707071934911335,0.0035824916692394197,0.0014478114828693144,0.001966330013943441,0.003407407489915689,0.004949495069343935,0.014629629983877141
123,"Cfg(cluster_seed=3, surrogate='rf', surrogate_seed=0, estimator='tree_int', bg_size=50, bg_seed=2)",rf,3,0.7832167832167832,0.2955665024630542,1,0.009194324416959119,0.03256553710409082,0.0002489177549451395,0.01996512794857078,0.012955748269463451,0.00519119781689936,0.012126623670262127,0.014129389471523627,0.02142977444868277,0.00896765293479893,0.0012289562587146502,0.0016161616552959786,0.0008561808769127505,0.0008621933830708458,0.0006794131958647533,0.0011231361503321758,0.0008886484101664646,0.002599206412144538
124,"Cfg(cluster_seed=3, surrogate='rf', surrogate_seed=1, estimator='tree_path', bg_size=50, bg_seed=0)",rf,3,0.7832167832167832,0.2955665024630542,0,0.04424633954840667,0.14975424116571068,0.000907362151985808,0.09112074485821246,0.05828835652947786,0.020351728952886103,0.1088766372046498,0.07660486720489057,0.09235002109461694,0.030660258320621685,0.0028495136550692104,0.00581626541381825,0.005750183563123867,0.0011590882000077404,0.0016610640952038804,0.0022941511893124792,0.008601820898721158,0.014197240807784155
124,"Cfg(cluster_seed=3, surrogate='rf', surrogate_seed=1, estimator='tree_path', bg_size=50, bg_seed=0)",rf,3,0.7832167832167832,0.2955665024630542,1,0.010463546170313606,0.03079777437069104,0.0007043753119948894,0.021662783664463763,0.01071774391091214,0.00718757303258513,0.024532126526386012,0.019485987619249447,0.02159578502158452,0.008501412914629155,0.0010371405857516965,0.0018028804250995577,0.0016369646289994297,0.00044792741315729823,0.00047650411153675373,0.0011669845051901506,0.0026902256154474223,0.003577850288683092
125,"Cfg(cluster_seed=3, surrogate='rf', surrogate_seed=1, estimator='tree_int', bg_size=50, bg_seed=0)",rf,3,0.7832167832167832,0.2955665024630542,0,0.04772053987606231,0.14732996989747116,0.0009831650069717205,0.09424916053134384,0.055528620873211,0.020861953367112263,0.11645118127097236,0.06759932823620285,0.0892592614206175,0.0310303037816828,0.0016161616552959786,0.005919192062521522,0.006680134841890046,0.0008888889104127883,0.0010841751104277192,0.002686868751929565,0.008666666876524686,0.014703704059744877
125,"Cfg(cluster_seed=3, surrogate='rf', surrogate_seed=1, estimator='tree_int', bg_size=50, bg_seed=0)",rf,3,0.7832167832167832,0.2955665024630542,1,0.009307960783347115,0.03153739855105654,0.00018759019213256895,0.017275132693439017,0.010800264811786335,0.006076238723370968,0.0198713328525045,0.017506614180525674,0.02199615252877533,0.0084096923633277,0.000337902846084948,0.0017797018227961676,0.0011928812217660795,0.0004978355098902794,0.00018999519459580704,0.000988456012390844,0.002854737923863582,0.0026112314244607277
126,"Cfg(cluster_seed=3, surrogate='rf', surrogate_seed=1, estimator='tree_int', bg_size=50, bg_seed=1)",rf,3,0.7832167832167832,0.2955665024630542,0,0.04772053987606231,0.14732996989747116,0.0009831650069717205,0.09424916053134384,0.055528620873211,0.020861953367112263,0.11645118127097236,0.06759932823620285,0.0892592614206175,0.0310303037816828,0.0016161616552959786,0.005919192062521522,0.006680134841890046,0.0008888889104127883,0.0010841751104277192,0.002686868751929565,0.008666666876524686,0.014703704059744877
126,"Cfg(cluster_seed=3, surrogate='rf', surrogate_seed=1, estimator='tree_int', bg_size=50, bg_seed=1)",rf,3,0.7832167832167832,0.2955665024630542,1,0.009307960783347115,0.03153739855105654,0.00018759019213256895,0.017275132693439017,0.010800264811786335,0.006076238723370968,0.0198713328525045,0.017506614180525674,0.02199615252877533,0.0084096923633277,0.000337902846084948,0.0017797018227961676,0.0011928812217660795,0.0004978355098902794,0.00018999519459580704,0.000988456012390844,0.002854737923863582,0.0026112314244607277
127,"Cfg(cluster_seed=3, surrogate='rf', surrogate_seed=1, estimator='tree_int', bg_size=50, bg_seed=2)",rf,3,0.7832167832167832,0.2955665024630542,0,0.04772053987606231,0.14732996989747116,0.0009831650069717205,0.09424916053134384,0.055528620873211,0.020861953367112263,0.11645118127097236,0.06759932823620285,0.0892592614206175,0.0310303037816828,0.0016161616552959786,0.005919192062521522,0.006680134841890046,0.0008888889104127883,0.0010841751104277192,0.002686868751929565,0.008666666876524686,0.014703704059744877
127,"Cfg(cluster_seed=3, surrogate='rf', surrogate_seed=1, estimator='tree_int', bg_size=50, bg_seed=2)",rf,3,0.7832167832167832,0.2955665024630542,1,0.009307960783347115,0.03153739855105654,0.00018759019213256895,0.017275132693439017,0.010800264811786335,0.006076238723370968,0.0198713328525045,0.017506614180525674,0.02199615252877533,0.0084096923633277,0.000337902846084948,0.0017797018227961676,0.0011928812217660795,0.0004978355098902794,0.00018999519459580704,0.000988456012390844,0.002854737923863582,0.0026112314244607277
128,"Cfg(cluster_seed=3, surrogate='rf', surrogate_seed=2, estimator='tree_path', bg_size=50, bg_seed=0)",rf,3,0.7832167832167832,0.2955665024630542,0,0.03894222642975888,0.12845320380964148,0.0019737427323634218,0.0865597824242629,0.06989198834817115,0.020011431730364525,0.0884257561307052,0.07125577150014255,0.10354487619773015,0.03582118703677843,0.002912905553228134,0.005095419437948173,0.004703952603377891,0.0014633477633477635,0.002186892478290328,0.002140014604382421,0.007895689677465723,0.01832229235509269
128,"Cfg(cluster_seed=3, surrogate='rf', surrogate_seed=2, estimator='tree_path', bg_size=50, bg_seed=0)",rf,3,0.7832167832167832,0.2955665024630542,1,0.006524734664190209,0.025034472670897395,0.00031769491168823726,0.017484730763463418,0.015209949559315919,0.00729118706560612,0.019285136676348794,0.019551631929029607,0.021883369741352503,0.011273356829464143,0.0016526880057986055,0.0013926168400716838,0.001486286686615094,0.0008018707482993196,0.0009467273495691317,0.0013343556112439532,0.0018810723635528967,0.003641108961296074
129,"Cfg(cluster_seed=3, surrogate='rf', surrogate_seed=2, estimator='tree_int', bg_size=50, bg_seed=0)",rf,3,0.7832167832167832,0.2955665024630542,0,0.03739562380113498,0.1255791276199461,0.0019797980277375736,0.0910067362104063,0.06655892417060608,0.023893939973222037,0.09161953083803934,0.06805724070520339,0.0973905747488254,0.036557239942450186,0.002070707120847973,0.0047609428762260715,0.005053872176248467,0.0025353535967455668,0.0014124579466597148,0.002710437776069298,0.008430976635127357,0.018444444891065358
129,"Cfg(cluster_seed=3, surrogate='rf', surrogate_seed=2, estimator='tree_int', bg_size=50, bg_seed=0)",rf,3,0.7832167832167832,0.2955665024630542,1,0.006892436434332385,0.026215128099910705,0.00029581530297828195,0.017066498729753115,0.013566618895125919,0.006145081918881157,0.015699254829402272,0.01871753292076604,0.0224236417166159,0.010851671739438051,0.0013654401485034104,0.001142376170038081,0.0012451900253415075,0.0006836219501754197,0.0009478715958237021,0.0011501924280436038,0.0014357864705531243,0.003116883192356531
130,"Cfg(cluster_seed=3, surrogate='rf', surrogate_seed=2, estimator='tree_int', bg_size=50, bg_seed=1)",rf,3,0.7832167832167832,0.2955665024630542,0,0.03739562380113498,0.1255791276199461,0.0019797980277375736,0.0910067362104063,0.06655892417060608,0.023893939973222037,0.09161953083803934,0.06805724070520339,0.0973905747488254,0.036557239942450186,0.002070707120847973,0.0047609428762260715,0.005053872176248467,0.0025353535967455668,0.0014124579466597148,0.002710437776069298,0.008430976635127357,0.018444444891065358
130,"Cfg(cluster_seed=3, surrogate='rf', surrogate_seed=2, estimator='tree_int', bg_size=50, bg_seed=1)",rf,3,0.7832167832167832,0.2955665024630542,1,0.006892436434332385,0.026215128099910705,0.00029581530297828195,0.017066498729753115,0.013566618895125919,0.006145081918881157,0.015699254829402272,0.01871753292076604,0.0224236417166159,0.010851671739438051,0.0013654401485034104,0.001142376170038081,0.0012451900253415075,0.0006836219501754197,0.0009478715958237021,0.0011501924280436038,0.0014357864705531243,0.003116883192356531
131,"Cfg(cluster_seed=3, surrogate='rf', surrogate_seed=2, estimator='tree_int', bg_size=50, bg_seed=2)",rf,3,0.7832167832167832,0.2955665024630542,0,0.03739562380113498,0.1255791276199461,0.0019797980277375736,0.0910067362104063,0.06655892417060608,0.023893939973222037,0.09161953083803934,0.06805724070520339,0.0973905747488254,0.036557239942450186,0.002070707120847973,0.0047609428762260715,0.005053872176248467,0.0025353535967455668,0.0014124579466597148,0.002710437776069298,0.008430976635127357,0.018444444891065358
131,"Cfg(cluster_seed=3, surrogate='rf', surrogate_seed=2, estimator='tree_int', bg_size=50, bg_seed=2)",rf,3,0.7832167832167832,0.2955665024630542,1,0.006892436434332385,0.026215128099910705,0.00029581530297828195,0.017066498729753115,0.013566618895125919,0.006145081918881157,0.015699254829402272,0.01871753292076604,0.0224236417166159,0.010851671739438051,0.0013654401485034104,0.001142376170038081,0.0012451900253415075,0.0006836219501754197,0.0009478715958237021,0.0011501924280436038,0.0014357864705531243,0.003116883192356531
132,"Cfg(cluster_seed=3, surrogate='lgbm', surrogate_seed=0, estimator='tree_path', bg_size=50, bg_seed=0)",lgbm,3,0.7756410256410257,0.2955665024630542,0,1.0121962794166002,3.9812425652753247,0.0,0.01338577000695576,1.2463075247417945,2.4198788550932635,0.30711121663606,3.114008035555604,2.431062443200794,2.639040396074964,0.002725409024706891,0.037358279413231485,3.507550290605087e-06,3.852363132046677e-06,0.0,6.619969007711987e-07,0.028926092033047034,0.024311169463733514
132,"Cfg(cluster_seed=3, surrogate='lgbm', surrogate_seed=0, estimator='tree_path', bg_size=50, bg_seed=0)",lgbm,3,0.7756410256410257,0.2955665024630542,1,0.18622668705700038,0.996706231952854,0.0,0.00607895786369955,0.5060285886801408,0.923307325092056,0.07638537968754179,1.0844021025482935,0.7706787792674783,1.153711810792871,0.0053363330710628045,0.012194293362494672,1.624152542978703e-05,5.17475524719241e-06,0.0,3.455774272674795e-06,0.023671825526583253,0.02284242046728856
133,"Cfg(cluster_seed=3, surrogate='lgbm', surrogate_seed=0, estimator='tree_int', bg_size=50, bg_seed=0)",lgbm,3,0.7756410256410257,0.2955665024630542,0,0.046763477063233735,0.204071197670598,0.0,0.0006674956077156633,0.064311700407458,0.11823581993348813,0.014548247207315974,0.15481011623295976,0.12280492596171866,0.1255386113214695,0.00013398662334402833,0.001478461260438405,1.7027247232749708e-07,1.6891305313841996e-07,0.0,3.441982605720965e-08,0.001233251915464655,0.00106740121098565
133,"Cfg(cluster_seed=3, surrogate='lgbm', surrogate_seed=0, estimator='tree_int', bg_size=50, bg_seed=0)",lgbm,3,0.7756410256410257,0.2955665024630542,1,0.008331010201008135,0.036441285298321066,0.0,0.00011978512279202669,0.011630166834494462,0.02136161496081489,0.0026001905171137533,0.02749092131086445,0.021950584752591772,0.022464499876863525,2.6979649756678722e-05,0.0002641239796193207,5.5663933871542147e-08,2.951127691263986e-08,0.0,1.2185483817390318e-08,0.0002848154722819273,0.0001909556794348561
134,"Cfg(cluster_seed=3, surrogate='lgbm', surrogate_seed=0, estimator='tree_int', bg_size=50, bg_seed=1)",lgbm,3,0.7756410256410257,0.2955665024630542,0,0.046763477063233735,0.204071197670598,0.0,0.0006674956077156633,0.06431170040745797,0.11823581993348813,0.014548247207315974,0.15481011623295976,0.12280492596171863,0.1255386113214695,0.0001339866233440283,0.0014784612604384051,1.7027247232749708e-07,1.6891305313841996e-07,0.0,3.4419826057209655e-08,0.001233251915464655,0.0010674012109856497
134,"Cfg(cluster_seed=3, surrogate='lgbm', surrogate_seed=0, estimator='tree_int', bg_size=50, bg_seed=1)",lgbm,3,0.7756410256410257,0.2955665024630542,1,0.008331010201008135,0.03644128529832107,0.0,0.00011978512279202669,0.011630166834494462,0.02136161496081489,0.0026001905171137538,0.02749092131086445,0.02195058475259178,0.02246449987686353,2.6979649756678722e-05,0.00026412397961932083,5.5663933871542147e-08,2.951127691263986e-08,0.0,1.218548381739032e-08,0.0002848154722819273,0.000190955679434856
135,"Cfg(cluster_seed=3, surrogate='lgbm', surrogate_seed=0, estimator='tree_int', bg_size=50, bg_seed=2)",lgbm,3,0.7756410256410257,0.2955665024630542,0,0.046763477063233735,0.20407119767059806,0.0,0.0006674956077156632,0.06431170040745797,0.11823581993348815,0.014548247207315974,0.15481011623295976,0.12280492596171866,0.1255386113214695,0.0001339866233440283,0.001478461260438405,1.702724723274971e-07,1.6891305313841996e-07,0.0,3.441982605720965e-08,0.001233251915464655,0.0010674012109856497
135,"Cfg(cluster_seed=3, surrogate='lgbm', surrogate_seed=0, estimator='tree_int', bg_size=50, bg_seed=2)",lgbm,3,0.7756410256410257,0.2955665024630542,1,0.008331010201008135,0.03644128529832107,0.0,0.0001197851227920267,0.011630166834494462,0.02136161496081489,0.0026001905171137533,0.02749092131086445,0.02195058475259178,0.02246449987686353,2.6979649756678715e-05,0.00026412397961932083,5.5663933871542147e-08,2.951127691263986e-08,0.0,1.218548381739032e-08,0.0002848154722819273,0.0001909556794348561
136,"Cfg(cluster_seed=3, surrogate='lgbm', surrogate_seed=1, estimator='tree_path', bg_size=50, bg_seed=0)",lgbm,3,0.7756410256410257,0.2955665024630542,0,1.0121962794166002,3.9812425652753247,0.0,0.01338577000695576,1.2463075247417945,2.4198788550932635,0.30711121663606,3.114008035555604,2.431062443200794,2.639040396074964,0.002725409024706891,0.037358279413231485,3.507550290605087e-06,3.852363132046677e-06,0.0,6.619969007711987e-07,0.028926092033047034,0.024311169463733514
136,"Cfg(cluster_seed=3, surrogate='lgbm', surrogate_seed=1, estimator='tree_path', bg_size=50, bg_seed=0)",lgbm,3,0.7756410256410257,0.2955665024630542,1,0.18622668705700038,0.996706231952854,0.0,0.00607895786369955,0.5060285886801408,0.923307325092056,0.07638537968754179,1.0844021025482935,0.7706787792674783,1.153711810792871,0.0053363330710628045,0.012194293362494672,1.624152542978703e-05,5.17475524719241e-06,0.0,3.455774272674795e-06,0.023671825526583253,0.02284242046728856
137,"Cfg(cluster_seed=3, surrogate='lgbm', surrogate_seed=1, estimator='tree_int', bg_size=50, bg_seed=0)",lgbm,3,0.7756410256410257,0.2955665024630542,0,0.046763477063233735,0.204071197670598,0.0,0.0006674956077156633,0.064311700407458,0.11823581993348813,0.014548247207315974,0.15481011623295976,0.12280492596171866,0.1255386113214695,0.00013398662334402833,0.001478461260438405,1.7027247232749708e-07,1.6891305313841996e-07,0.0,3.441982605720965e-08,0.001233251915464655,0.00106740121098565
137,"Cfg(cluster_seed=3, surrogate='lgbm', surrogate_seed=1, estimator='tree_int', bg_size=50, bg_seed=0)",lgbm,3,0.7756410256410257,0.2955665024630542,1,0.008331010201008135,0.036441285298321066,0.0,0.00011978512279202669,0.011630166834494462,0.02136161496081489,0.0026001905171137533,0.02749092131086445,0.021950584752591772,0.022464499876863525,2.6979649756678722e-05,0.0002641239796193207,5.5663933871542147e-08,2.951127691263986e-08,0.0,1.2185483817390318e-08,0.0002848154722819273,0.0001909556794348561
138,"Cfg(cluster_seed=3, surrogate='lgbm', surrogate_seed=1, estimator='tree_int', bg_size=50, bg_seed=1)",lgbm,3,0.7756410256410257,0.2955665024630542,0,0.046763477063233735,0.204071197670598,0.0,0.0006674956077156633,0.06431170040745797,0.11823581993348813,0.014548247207315974,0.15481011623295976,0.12280492596171863,0.1255386113214695,0.0001339866233440283,0.0014784612604384051,1.7027247232749708e-07,1.6891305313841996e-07,0.0,3.4419826057209655e-08,0.001233251915464655,0.0010674012109856497
138,"Cfg(cluster_seed=3, surrogate='lgbm', surrogate_seed=1, estimator='tree_int', bg_size=50, bg_seed=1)",lgbm,3,0.7756410256410257,0.2955665024630542,1,0.008331010201008135,0.03644128529832107,0.0,0.00011978512279202669,0.011630166834494462,0.02136161496081489,0.0026001905171137538,0.02749092131086445,0.02195058475259178,0.02246449987686353,2.6979649756678722e-05,0.00026412397961932083,5.5663933871542147e-08,2.951127691263986e-08,0.0,1.218548381739032e-08,0.0002848154722819273,0.000190955679434856
139,"Cfg(cluster_seed=3, surrogate='lgbm', surrogate_seed=1, estimator='tree_int', bg_size=50, bg_seed=2)",lgbm,3,0.7756410256410257,0.2955665024630542,0,0.046763477063233735,0.20407119767059806,0.0,0.0006674956077156632,0.06431170040745797,0.11823581993348815,0.014548247207315974,0.15481011623295976,0.12280492596171866,0.1255386113214695,0.0001339866233440283,0.001478461260438405,1.702724723274971e-07,1.6891305313841996e-07,0.0,3.441982605720965e-08,0.001233251915464655,0.0010674012109856497
139,"Cfg(cluster_seed=3, surrogate='lgbm', surrogate_seed=1, estimator='tree_int', bg_size=50, bg_seed=2)",lgbm,3,0.7756410256410257,0.2955665024630542,1,0.008331010201008135,0.03644128529832107,0.0,0.0001197851227920267,0.011630166834494462,0.02136161496081489,0.0026001905171137533,0.02749092131086445,0.02195058475259178,0.02246449987686353,2.6979649756678715e-05,0.00026412397961932083,5.5663933871542147e-08,2.951127691263986e-08,0.0,1.218548381739032e-08,0.0002848154722819273,0.0001909556794348561
140,"Cfg(cluster_seed=3, surrogate='lgbm', surrogate_seed=2, estimator='tree_path', bg_size=50, bg_seed=0)",lgbm,3,0.7756410256410257,0.2955665024630542,0,1.0121962794166002,3.9812425652753247,0.0,0.01338577000695576,1.2463075247417945,2.4198788550932635,0.30711121663606,3.114008035555604,2.431062443200794,2.639040396074964,0.002725409024706891,0.037358279413231485,3.507550290605087e-06,3.852363132046677e-06,0.0,6.619969007711987e-07,0.028926092033047034,0.024311169463733514
140,"Cfg(cluster_seed=3, surrogate='lgbm', surrogate_seed=2, estimator='tree_path', bg_size=50, bg_seed=0)",lgbm,3,0.7756410256410257,0.2955665024630542,1,0.18622668705700038,0.996706231952854,0.0,0.00607895786369955,0.5060285886801408,0.923307325092056,0.07638537968754179,1.0844021025482935,0.7706787792674783,1.153711810792871,0.0053363330710628045,0.012194293362494672,1.624152542978703e-05,5.17475524719241e-06,0.0,3.455774272674795e-06,0.023671825526583253,0.02284242046728856
141,"Cfg(cluster_seed=3, surrogate='lgbm', surrogate_seed=2, estimator='tree_int', bg_size=50, bg_seed=0)",lgbm,3,0.7756410256410257,0.2955665024630542,0,0.046763477063233735,0.204071197670598,0.0,0.0006674956077156633,0.064311700407458,0.11823581993348813,0.014548247207315974,0.15481011623295976,0.12280492596171866,0.1255386113214695,0.00013398662334402833,0.001478461260438405,1.7027247232749708e-07,1.6891305313841996e-07,0.0,3.441982605720965e-08,0.001233251915464655,0.00106740121098565
141,"Cfg(cluster_seed=3, surrogate='lgbm', surrogate_seed=2, estimator='tree_int', bg_size=50, bg_seed=0)",lgbm,3,0.7756410256410257,0.2955665024630542,1,0.008331010201008135,0.036441285298321066,0.0,0.00011978512279202669,0.011630166834494462,0.02136161496081489,0.0026001905171137533,0.02749092131086445,0.021950584752591772,0.022464499876863525,2.6979649756678722e-05,0.0002641239796193207,5.5663933871542147e-08,2.951127691263986e-08,0.0,1.2185483817390318e-08,0.0002848154722819273,0.0001909556794348561
142,"Cfg(cluster_seed=3, surrogate='lgbm', surrogate_seed=2, estimator='tree_int', bg_size=50, bg_seed=1)",lgbm,3,0.7756410256410257,0.2955665024630542,0,0.046763477063233735,0.204071197670598,0.0,0.0006674956077156633,0.06431170040745797,0.11823581993348813,0.014548247207315974,0.15481011623295976,0.12280492596171863,0.1255386113214695,0.0001339866233440283,0.0014784612604384051,1.7027247232749708e-07,1.6891305313841996e-07,0.0,3.4419826057209655e-08,0.001233251915464655,0.0010674012109856497
142,"Cfg(cluster_seed=3, surrogate='lgbm', surrogate_seed=2, estimator='tree_int', bg_size=50, bg_seed=1)",lgbm,3,0.7756410256410257,0.2955665024630542,1,0.008331010201008135,0.03644128529832107,0.0,0.00011978512279202669,0.011630166834494462,0.02136161496081489,0.0026001905171137538,0.02749092131086445,0.02195058475259178,0.02246449987686353,2.6979649756678722e-05,0.00026412397961932083,5.5663933871542147e-08,2.951127691263986e-08,0.0,1.218548381739032e-08,0.0002848154722819273,0.000190955679434856
143,"Cfg(cluster_seed=3, surrogate='lgbm', surrogate_seed=2, estimator='tree_int', bg_size=50, bg_seed=2)",lgbm,3,0.7756410256410257,0.2955665024630542,0,0.046763477063233735,0.20407119767059806,0.0,0.0006674956077156632,0.06431170040745797,0.11823581993348815,0.014548247207315974,0.15481011623295976,0.12280492596171866,0.1255386113214695,0.0001339866233440283,0.001478461260438405,1.702724723274971e-07,1.6891305313841996e-07,0.0,3.441982605720965e-08,0.001233251915464655,0.0010674012109856497
143,"Cfg(cluster_seed=3, surrogate='lgbm', surrogate_seed=2, estimator='tree_int', bg_size=50, bg_seed=2)",lgbm,3,0.7756410256410257,0.2955665024630542,1,0.008331010201008135,0.03644128529832107,0.0,0.0001197851227920267,0.011630166834494462,0.02136161496081489,0.0026001905171137533,0.02749092131086445,0.02195058475259178,0.02246449987686353,2.6979649756678715e-05,0.00026412397961932083,5.5663933871542147e-08,2.951127691263986e-08,0.0,1.218548381739032e-08,0.0002848154722819273,0.0001909556794348561
144,"Cfg(cluster_seed=4, surrogate='dt', surrogate_seed=0, estimator='tree_path', bg_size=50, bg_seed=0)",dt,4,0.8057142857142857,0.1826625386996904,0,0.0,0.1949206349206348,0.0,0.0,0.0,0.0,0.0,0.0,0.0,0.0,0.0,0.38920634920634917,0.0,0.0,0.0,0.0,0.07549783549783547,0.0
144,"Cfg(cluster_seed=4, surrogate='dt', surrogate_seed=0, estimator='tree_path', bg_size=50, bg_seed=0)",dt,4,0.8057142857142857,0.1826625386996904,1,0.0,0.09640051306717974,0.0,0.0,0.0,0.0,0.0,0.0,0.0,0.0,0.0,0.33827160493827146,0.0,0.0,0.0,0.0,0.07839506172839504,0.0
145,"Cfg(cluster_seed=4, surrogate='dt', surrogate_seed=0, estimator='tree_int', bg_size=50, bg_seed=0)",dt,4,0.8057142857142857,0.1826625386996904,0,0.0,0.15656565734834388,0.0,0.0,0.0,0.0,0.0,0.0,0.0,0.0,0.0,0.3818181760383375,0.0,0.0,0.0,0.0,0.08787878878188857,0.0
145,"Cfg(cluster_seed=4, surrogate='dt', surrogate_seed=0, estimator='tree_int', bg_size=50, bg_seed=0)",dt,4,0.8057142857142857,0.1826625386996904,1,0.0,0.11700336569888828,0.0,0.0,0.0,0.0,0.0,0.0,0.0,0.0,0.0,0.2878787908891234,0.0,0.0,0.0,0.0,0.09006734081992394,0.0
146,"Cfg(cluster_seed=4, surrogate='dt', surrogate_seed=0, estimator='tree_int', bg_size=50, bg_seed=1)",dt,4,0.8057142857142857,0.1826625386996904,0,0.0,0.15656565734834388,0.0,0.0,0.0,0.0,0.0,0.0,0.0,0.0,0.0,0.3818181760383375,0.0,0.0,0.0,0.0,0.08787878878188857,0.0
146,"Cfg(cluster_seed=4, surrogate='dt', surrogate_seed=0, estimator='tree_int', bg_size=50, bg_seed=1)",dt,4,0.8057142857142857,0.1826625386996904,1,0.0,0.11700336569888828,0.0,0.0,0.0,0.0,0.0,0.0,0.0,0.0,0.0,0.2878787908891234,0.0,0.0,0.0,0.0,0.09006734081992394,0.0
147,"Cfg(cluster_seed=4, surrogate='dt', surrogate_seed=0, estimator='tree_int', bg_size=50, bg_seed=2)",dt,4,0.8057142857142857,0.1826625386996904,0,0.0,0.15656565734834388,0.0,0.0,0.0,0.0,0.0,0.0,0.0,0.0,0.0,0.3818181760383375,0.0,0.0,0.0,0.0,0.08787878878188857,0.0
147,"Cfg(cluster_seed=4, surrogate='dt', surrogate_seed=0, estimator='tree_int', bg_size=50, bg_seed=2)",dt,4,0.8057142857142857,0.1826625386996904,1,0.0,0.11700336569888828,0.0,0.0,0.0,0.0,0.0,0.0,0.0,0.0,0.0,0.2878787908891234,0.0,0.0,0.0,0.0,0.09006734081992394,0.0
148,"Cfg(cluster_seed=4, surrogate='dt', surrogate_seed=1, estimator='tree_path', bg_size=50, bg_seed=0)",dt,4,0.7935714285714286,0.1826625386996904,0,0.0,0.18784992784992774,0.0,0.0,0.0,0.0,0.0,0.0,0.0,0.0,0.07825877825877824,0.4067147667147667,0.0,0.0,0.0,0.0,0.0,0.0
148,"Cfg(cluster_seed=4, surrogate='dt', surrogate_seed=1, estimator='tree_path', bg_size=50, bg_seed=0)",dt,4,0.7935714285714286,0.1826625386996904,1,0.0,0.15452140452140453,0.0,0.0,0.0,0.0,0.0,0.0,0.0,0.0,0.06837421837421837,0.33025493025493013,0.0,0.0,0.0,0.0,0.0,0.0
149,"Cfg(cluster_seed=4, surrogate='dt', surrogate_seed=1, estimator='tree_int', bg_size=50, bg_seed=0)",dt,4,0.7935714285714286,0.1826625386996904,0,0.0,0.21919191976388303,0.0,0.0,0.0,0.0,0.0,0.0,0.0,0.0,0.04882154934334033,0.3831649812785062,0.0,0.0,0.0,0.0,0.0,0.0
149,"Cfg(cluster_seed=4, surrogate='dt', surrogate_seed=1, estimator='tree_int', bg_size=50, bg_seed=0)",dt,4,0.7935714285714286,0.1826625386996904,1,0.0,0.20454545379287062,0.0,0.0,0.0,0.0,0.0,0.0,0.0,0.0,0.0827721664399812,0.28226711744009847,0.0,0.0,0.0,0.0,0.0,0.0
150,"Cfg(cluster_seed=4, surrogate='dt', surrogate_seed=1, estimator='tree_int', bg_size=50, bg_seed=1)",dt,4,0.7935714285714286,0.1826625386996904,0,0.0,0.21919191976388303,0.0,0.0,0.0,0.0,0.0,0.0,0.0,0.0,0.04882154934334033,0.3831649812785062,0.0,0.0,0.0,0.0,0.0,0.0
150,"Cfg(cluster_seed=4, surrogate='dt', surrogate_seed=1, estimator='tree_int', bg_size=50, bg_seed=1)",dt,4,0.7935714285714286,0.1826625386996904,1,0.0,0.20454545379287062,0.0,0.0,0.0,0.0,0.0,0.0,0.0,0.0,0.0827721664399812,0.28226711744009847,0.0,0.0,0.0,0.0,0.0,0.0
151,"Cfg(cluster_seed=4, surrogate='dt', surrogate_seed=1, estimator='tree_int', bg_size=50, bg_seed=2)",dt,4,0.7935714285714286,0.1826625386996904,0,0.0,0.21919191976388303,0.0,0.0,0.0,0.0,0.0,0.0,0.0,0.0,0.04882154934334033,0.3831649812785062,0.0,0.0,0.0,0.0,0.0,0.0
151,"Cfg(cluster_seed=4, surrogate='dt', surrogate_seed=1, estimator='tree_int', bg_size=50, bg_seed=2)",dt,4,0.7935714285714286,0.1826625386996904,1,0.0,0.20454545379287062,0.0,0.0,0.0,0.0,0.0,0.0,0.0,0.0,0.0827721664399812,0.28226711744009847,0.0,0.0,0.0,0.0,0.0,0.0
152,"Cfg(cluster_seed=4, surrogate='dt', surrogate_seed=2, estimator='tree_path', bg_size=50, bg_seed=0)",dt,4,0.7935714285714286,0.1826625386996904,0,0.0,0.0,0.0,0.0,0.0,0.08957190957190955,0.0,0.0,0.0,0.0,0.0,0.3331794131794132,0.0,0.0,0.0,0.0,0.0,0.22044252044252033
152,"Cfg(cluster_seed=4, surrogate='dt', surrogate_seed=2, estimator='tree_path', bg_size=50, bg_seed=0)",dt,4,0.7935714285714286,0.1826625386996904,1,0.0,0.0,0.0,0.0,0.0,0.07238255571588906,0.0,0.0,0.0,0.0,0.0,0.33346160012826664,0.0,0.0,0.0,0.0,0.0,0.13127304793971462
153,"Cfg(cluster_seed=4, surrogate='dt', surrogate_seed=2, estimator='tree_int', bg_size=50, bg_seed=0)",dt,4,0.7935714285714286,0.1826625386996904,0,0.0,0.0,0.0,0.0,0.0,0.07575757648005628,0.0,0.0,0.0,0.0,0.0,0.3037036990878558,0.0,0.0,0.0,0.0,0.0,0.21515151596430576
153,"Cfg(cluster_seed=4, surrogate='dt', surrogate_seed=2, estimator='tree_int', bg_size=50, bg_seed=0)",dt,4,0.7935714285714286,0.1826625386996904,1,0.0,0.0,0.0,0.0,0.0,0.09175084225256436,0.0,0.0,0.0,0.0,0.0,0.23625140529288982,0.0,0.0,0.0,0.0,0.0,0.2079124567584959
154,"Cfg(cluster_seed=4, surrogate='dt', surrogate_seed=2, estimator='tree_int', bg_size=50, bg_seed=1)",dt,4,0.7935714285714286,0.1826625386996904,0,0.0,0.0,0.0,0.0,0.0,0.07575757648005628,0.0,0.0,0.0,0.0,0.0,0.3037036990878558,0.0,0.0,0.0,0.0,0.0,0.21515151596430576
154,"Cfg(cluster_seed=4, surrogate='dt', surrogate_seed=2, estimator='tree_int', bg_size=50, bg_seed=1)",dt,4,0.7935714285714286,0.1826625386996904,1,0.0,0.0,0.0,0.0,0.0,0.09175084225256436,0.0,0.0,0.0,0.0,0.0,0.23625140529288982,0.0,0.0,0.0,0.0,0.0,0.2079124567584959
155,"Cfg(cluster_seed=4, surrogate='dt', surrogate_seed=2, estimator='tree_int', bg_size=50, bg_seed=2)",dt,4,0.7935714285714286,0.1826625386996904,0,0.0,0.0,0.0,0.0,0.0,0.07575757648005628,0.0,0.0,0.0,0.0,0.0,0.3037036990878558,0.0,0.0,0.0,0.0,0.0,0.21515151596430576
155,"Cfg(cluster_seed=4, surrogate='dt', surrogate_seed=2, estimator='tree_int', bg_size=50, bg_seed=2)",dt,4,0.7935714285714286,0.1826625386996904,1,0.0,0.0,0.0,0.0,0.0,0.09175084225256436,0.0,0.0,0.0,0.0,0.0,0.23625140529288982,0.0,0.0,0.0,0.0,0.0,0.2079124567584959
156,"Cfg(cluster_seed=4, surrogate='rf', surrogate_seed=0, estimator='tree_path', bg_size=50, bg_seed=0)",rf,4,0.9333333333333333,0.1826625386996904,0,0.004605569079943261,0.08684052762774047,0.0007424961869406314,0.01151580459063576,0.017195664976025777,0.030840908732652984,0.004324454461250503,0.008127331589216087,0.007710197726336617,0.007099016644760408,0.00467878898133403,0.11417220864185262,0.026716742441394204,0.009249012066706036,0.006492201644344472,0.015233795923368676,0.08433445852943869,0.08864353479081218
156,"Cfg(cluster_seed=4, surrogate='rf', surrogate_seed=0, estimator='tree_path', bg_size=50, bg_seed=0)",rf,4,0.9333333333333333,0.1826625386996904,1,0.0039252401353139805,0.08878416572615787,0.0005524979136090247,0.011494856738291197,0.01681373800850107,0.02495903757166523,0.0033213610047826804,0.005608169975629121,0.006450528689811744,0.005898857100402884,0.004053901944089031,0.08615840081884092,0.02071632244499433,0.008684140901708912,0.005023750925656592,0.014922176213994113,0.07935974134454553,0.0784375656813564
157,"Cfg(cluster_seed=4, surrogate='rf', surrogate_seed=0, estimator='tree_int', bg_size=50, bg_seed=0)",rf,4,0.9333333333333333,0.1826625386996904,0,0.004589337933863833,0.0846454565955392,0.0007003367172949243,0.010447250533557375,0.01794163904275105,0.031645904245522966,0.004056677988476374,0.007651515336409728,0.007893490651152048,0.007341863253862935,0.0049360270555498026,0.11502918347885663,0.024506959067587035,0.008884624234104358,0.007086083224523022,0.013091470574903669,0.08174927245961935,0.08632076527944513
157,"Cfg(cluster_seed=4, surrogate='rf', surrogate_seed=0, estimator='tree_int', bg_size=50, bg_seed=0)",rf,4,0.9333333333333333,0.1826625386996904,1,0.0041022260625278705,0.08591143118717057,0.00025252525863999665,0.00891086815441692,0.01512252187916087,0.02354423925323688,0.0030681818934558867,0.005336606937630324,0.006209409054092787,0.005892068980107247,0.00423868323020913,0.08167920138033088,0.018981201357936475,0.007852787328221577,0.005014683997771242,0.012483632924805022,0.07663094087681022,0.07787579687851501
158,"Cfg(cluster_seed=4, surrogate='rf', surrogate_seed=0, estimator='tree_int', bg_size=50, bg_seed=1)",rf,4,0.9333333333333333,0.1826625386996904,0,0.004589337933863833,0.0846454565955392,0.0007003367172949243,0.010447250533557375,0.01794163904275105,0.031645904245522966,0.004056677988476374,0.007651515336409728,0.007893490651152048,0.007341863253862935,0.0049360270555498026,0.11502918347885663,0.024506959067587035,0.008884624234104358,0.007086083224523022,0.013091470574903669,0.08174927245961935,0.08632076527944513
158,"Cfg(cluster_seed=4, surrogate='rf', surrogate_seed=0, estimator='tree_int', bg_size=50, bg_seed=1)",rf,4,0.9333333333333333,0.1826625386996904,1,0.0041022260625278705,0.08591143118717057,0.00025252525863999665,0.00891086815441692,0.01512252187916087,0.02354423925323688,0.0030681818934558867,0.005336606937630324,0.006209409054092787,0.005892068980107247,0.00423868323020913,0.08167920138033088,0.018981201357936475,0.007852787328221577,0.005014683997771242,0.012483632924805022,0.07663094087681022,0.07787579687851501
159,"Cfg(cluster_seed=4, surrogate='rf', surrogate_seed=0, estimator='tree_int', bg_size=50, bg_seed=2)",rf,4,0.9333333333333333,0.1826625386996904,0,0.004589337933863833,0.0846454565955392,0.0007003367172949243,0.010447250533557375,0.01794163904275105,0.031645904245522966,0.004056677988476374,0.007651515336409728,0.007893490651152048,0.007341863253862935,0.0049360270555498026,0.11502918347885663,0.024506959067587035,0.008884624234104358,0.007086083224523022,0.013091470574903669,0.08174927245961935,0.08632076527944513
159,"Cfg(cluster_seed=4, surrogate='rf', surrogate_seed=0, estimator='tree_int', bg_size=50, bg_seed=2)",rf,4,0.9333333333333333,0.1826625386996904,1,0.0041022260625278705,0.08591143118717057,0.00025252525863999665,0.00891086815441692,0.01512252187916087,0.02354423925323688,0.0030681818934558867,0.005336606937630324,0.006209409054092787,0.005892068980107247,0.00423868323020913,0.08167920138033088,0.018981201357936475,0.007852787328221577,0.005014683997771242,0.012483632924805022,0.07663094087681022,0.07787579687851501
160,"Cfg(cluster_seed=4, surrogate='rf', surrogate_seed=1, estimator='tree_path', bg_size=50, bg_seed=0)",rf,4,0.9657142857142856,0.1826625386996904,0,0.006178892791532459,0.08784669839039258,0.00033590088072846686,0.009308451412332665,0.01600980445936317,0.025658161157763114,0.0033556681540752955,0.01091110414980991,0.006816317771270152,0.009283798353720495,0.006924304931431187,0.126433328266802,0.03706037053917911,0.01123957796169678,0.006378317943577197,0.016725976558705835,0.07325256485663276,0.07530395773938216
160,"Cfg(cluster_seed=4, surrogate='rf', surrogate_seed=1, estimator='tree_path', bg_size=50, bg_seed=0)",rf,4,0.9657142857142856,0.1826625386996904,1,0.004819899986941181,0.08958449465066215,0.00035393054334625224,0.009596124241077692,0.01722194736176795,0.021460672523315287,0.004250277964647917,0.01007848512163853,0.005175376629700927,0.007992761221106951,0.005182887249832978,0.0927919300399473,0.02869506970063544,0.010173926020315664,0.003728984333705077,0.0170561476129416,0.06993561763754408,0.07072691833255543
161,"Cfg(cluster_seed=4, surrogate='rf', surrogate_seed=1, estimator='tree_int', bg_size=50, bg_seed=0)",rf,4,0.9657142857142856,0.1826625386996904,0,0.006017957497011834,0.08641133765864063,0.0003888888983055949,0.009932660173173204,0.015906173226481177,0.025925365386935274,0.003542648795098442,0.010067115845176335,0.00631649847132991,0.010092929539722248,0.007098204436749596,0.1272878818761915,0.035293715787320074,0.008839506382355467,0.005236588230102577,0.016888664833051292,0.07126318915756512,0.07268799278330097
161,"Cfg(cluster_seed=4, surrogate='rf', surrogate_seed=1, estimator='tree_int', bg_size=50, bg_seed=0)",rf,4,0.9657142857142856,0.1826625386996904,1,0.005447063356738299,0.08825523969000018,0.00032875047559984753,0.008987093370788818,0.01341769579855407,0.0204905541815563,0.0033964647287079556,0.00879423889608937,0.005534044280726626,0.00886438480109566,0.005052843369639193,0.08977600292679744,0.027355874211371405,0.008636363847937705,0.0042557053032577325,0.016254957369817788,0.0669234022895981,0.06563599112107316
162,"Cfg(cluster_seed=4, surrogate='rf', surrogate_seed=1, estimator='tree_int', bg_size=50, bg_seed=1)",rf,4,0.9657142857142856,0.1826625386996904,0,0.006017957497011834,0.08641133765864063,0.0003888888983055949,0.009932660173173204,0.015906173226481177,0.025925365386935274,0.003542648795098442,0.010067115845176335,0.00631649847132991,0.010092929539722248,0.007098204436749596,0.1272878818761915,0.035293715787320074,0.008839506382355467,0.005236588230102577,0.016888664833051292,0.07126318915756512,0.07268799278330097
162,"Cfg(cluster_seed=4, surrogate='rf', surrogate_seed=1, estimator='tree_int', bg_size=50, bg_seed=1)",rf,4,0.9657142857142856,0.1826625386996904,1,0.005447063356738299,0.08825523969000018,0.00032875047559984753,0.008987093370788818,0.01341769579855407,0.0204905541815563,0.0033964647287079556,0.00879423889608937,0.005534044280726626,0.00886438480109566,0.005052843369639193,0.08977600292679744,0.027355874211371405,0.008636363847937705,0.0042557053032577325,0.016254957369817788,0.0669234022895981,0.06563599112107316
163,"Cfg(cluster_seed=4, surrogate='rf', surrogate_seed=1, estimator='tree_int', bg_size=50, bg_seed=2)",rf,4,0.9657142857142856,0.1826625386996904,0,0.006017957497011834,0.08641133765864063,0.0003888888983055949,0.009932660173173204,0.015906173226481177,0.025925365386935274,0.003542648795098442,0.010067115845176335,0.00631649847132991,0.010092929539722248,0.007098204436749596,0.1272878818761915,0.035293715787320074,0.008839506382355467,0.005236588230102577,0.016888664833051292,0.07126318915756512,0.07268799278330097
163,"Cfg(cluster_seed=4, surrogate='rf', surrogate_seed=1, estimator='tree_int', bg_size=50, bg_seed=2)",rf,4,0.9657142857142856,0.1826625386996904,1,0.005447063356738299,0.08825523969000018,0.00032875047559984753,0.008987093370788818,0.01341769579855407,0.0204905541815563,0.0033964647287079556,0.00879423889608937,0.005534044280726626,0.00886438480109566,0.005052843369639193,0.08977600292679744,0.027355874211371405,0.008636363847937705,0.0042557053032577325,0.016254957369817788,0.0669234022895981,0.06563599112107316
164,"Cfg(cluster_seed=4, surrogate='rf', surrogate_seed=2, estimator='tree_path', bg_size=50, bg_seed=0)",rf,4,0.9657142857142856,0.1826625386996904,0,0.005988142270542862,0.08499774395688599,0.0,0.013656992559510028,0.01587118660466371,0.037615885538692516,0.005393638156591784,0.015355444884751329,0.009116429634077935,0.006075019371397799,0.004675309776403401,0.11223315864825656,0.03126024215155012,0.010902562260197875,0.00948458732783015,0.012783187494644403,0.09176674990574098,0.06494501908968217
164,"Cfg(cluster_seed=4, surrogate='rf', surrogate_seed=2, estimator='tree_path', bg_size=50, bg_seed=0)",rf,4,0.9657142857142856,0.1826625386996904,1,0.005411302628432032,0.09086915140611307,0.0,0.011438295416496254,0.01641885568661247,0.029005467817108683,0.005263559974350399,0.010142787000800974,0.009565650755256677,0.004856910116624075,0.0032623533223063456,0.07548984525619601,0.019385230214211718,0.009849754673620764,0.006331750056165875,0.011547887910210549,0.09824707028641708,0.06034438165625105
165,"Cfg(cluster_seed=4, surrogate='rf', surrogate_seed=2, estimator='tree_int', bg_size=50, bg_seed=0)",rf,4,0.9657142857142856,0.1826625386996904,0,0.006081930562533965,0.08591537806164297,0.0,0.012180134975069172,0.01612065133892677,0.03434119050654423,0.005413019210758685,0.013489338148836837,0.008561167435137311,0.005921436731487212,0.0040886645210022575,0.10679753345808934,0.028263861523245018,0.009743546812813917,0.007116161788475107,0.012263187734090318,0.09615106854347906,0.06736543372742633
165,"Cfg(cluster_seed=4, surrogate='rf', surrogate_seed=2, estimator='tree_int', bg_size=50, bg_seed=0)",rf,4,0.9657142857142856,0.1826625386996904,1,0.005173026687177117,0.08706565867162464,0.0,0.011073232591363856,0.014855499796001774,0.0267704832528307,0.0047951740779528275,0.009522072804279575,0.008647587190316332,0.004377104483093275,0.003188365210013884,0.07607987465047644,0.02085194588573775,0.009190516501487944,0.007216143085321832,0.010215581993663351,0.09392368354303887,0.05941320757136833
166,"Cfg(cluster_seed=4, surrogate='rf', surrogate_seed=2, estimator='tree_int', bg_size=50, bg_seed=1)",rf,4,0.9657142857142856,0.1826625386996904,0,0.006081930562533965,0.08591537806164297,0.0,0.012180134975069172,0.01612065133892677,0.03434119050654423,0.005413019210758685,0.013489338148836837,0.008561167435137311,0.005921436731487212,0.0040886645210022575,0.10679753345808934,0.028263861523245018,0.009743546812813917,0.007116161788475107,0.012263187734090318,0.09615106854347906,0.06736543372742633
166,"Cfg(cluster_seed=4, surrogate='rf', surrogate_seed=2, estimator='tree_int', bg_size=50, bg_seed=1)",rf,4,0.9657142857142856,0.1826625386996904,1,0.005173026687177117,0.08706565867162464,0.0,0.011073232591363856,0.014855499796001774,0.0267704832528307,0.0047951740779528275,0.009522072804279575,0.008647587190316332,0.004377104483093275,0.003188365210013884,0.07607987465047644,0.02085194588573775,0.009190516501487944,0.007216143085321832,0.010215581993663351,0.09392368354303887,0.05941320757136833
167,"Cfg(cluster_seed=4, surrogate='rf', surrogate_seed=2, estimator='tree_int', bg_size=50, bg_seed=2)",rf,4,0.9657142857142856,0.1826625386996904,0,0.006081930562533965,0.08591537806164297,0.0,0.012180134975069172,0.01612065133892677,0.03434119050654423,0.005413019210758685,0.013489338148836837,0.008561167435137311,0.005921436731487212,0.0040886645210022575,0.10679753345808934,0.028263861523245018,0.009743546812813917,0.007116161788475107,0.012263187734090318,0.09615106854347906,0.06736543372742633
167,"Cfg(cluster_seed=4, surrogate='rf', surrogate_seed=2, estimator='tree_int', bg_size=50, bg_seed=2)",rf,4,0.9657142857142856,0.1826625386996904,1,0.005173026687177117,0.08706565867162464,0.0,0.011073232591363856,0.014855499796001774,0.0267704832528307,0.0047951740779528275,0.009522072804279575,0.008647587190316332,0.004377104483093275,0.003188365210013884,0.07607987465047644,0.02085194588573775,0.009190516501487944,0.007216143085321832,0.010215581993663351,0.09392368354303887,0.05941320757136833
168,"Cfg(cluster_seed=4, surrogate='lgbm', surrogate_seed=0, estimator='tree_path', bg_size=50, bg_seed=0)",lgbm,4,0.9657142857142856,0.1826625386996904,0,0.07469383128944734,6.838351580002462,0.0,0.03387090549734035,0.0,0.10292238935075672,0.01672895564218687,0.0794564278529533,0.004327823178021628,0.0,0.0,1.0720785413545986,0.01733464966479149,0.01935278363360836,5.489757062710857e-08,0.03812073256043477,2.5955881990287413,0.6639665199650616
168,"Cfg(cluster_seed=4, surrogate='lgbm', surrogate_seed=0, estimator='tree_path', bg_size=50, bg_seed=0)",lgbm,4,0.9657142857142856,0.1826625386996904,1,0.06788634144853188,5.772928538001627,0.0,0.034138609192280754,0.0,0.07740518338147591,0.01672895564218687,0.0689609745610374,0.01425438228612521,0.0,0.0,0.9013893683819284,0.02723177915457385,0.007091322558265201,2.2751713204910506e-07,0.04413504794642867,3.923501174823517,0.6899373961687341
169,"Cfg(cluster_seed=4, surrogate='lgbm', surrogate_seed=0, estimator='tree_int', bg_size=50, bg_seed=0)",lgbm,4,0.9657142857142856,0.1826625386996904,0,0.001960781570447342,0.2780303600202745,0.0,0.0009380907569459413,0.0,0.0033587256266705075,0.0004638715208452661,0.002262726612726877,0.0002054912184402052,0.0,0.0,0.04023271320383466,0.0007448983096410855,0.0003449368413685413,2.724649388712158e-09,0.001254146511282801,0.18750316562896144,0.03560941898681306
169,"Cfg(cluster_seed=4, surrogate='lgbm', surrogate_seed=0, estimator='tree_int', bg_size=50, bg_seed=0)",lgbm,4,0.9657142857142856,0.1826625386996904,1,0.001671319469413182,0.2329035382993029,0.0,0.0007827729100059971,0.0,0.002795815174185122,0.00038666679014127454,0.0019588639063813106,0.00017174667825482312,0.0,0.0,0.033819475828091465,0.0006231640036229972,0.0002955940992719295,2.276779923342012e-09,0.0010643305563401485,0.15713598202973336,0.029679559601742494
170,"Cfg(cluster_seed=4, surrogate='lgbm', surrogate_seed=0, estimator='tree_int', bg_size=50, bg_seed=1)",lgbm,4,0.9657142857142856,0.1826625386996904,0,0.001960781570447342,0.2780303600202745,0.0,0.0009380907569459412,0.0,0.0033587256266705075,0.00046387152084526615,0.002262726612726877,0.0002054912184402052,0.0,0.0,0.04023271320383466,0.0007448983096410855,0.00034493684136854136,2.7246493887121584e-09,0.001254146511282801,0.18750316562896144,0.03560941898681306
170,"Cfg(cluster_seed=4, surrogate='lgbm', surrogate_seed=0, estimator='tree_int', bg_size=50, bg_seed=1)",lgbm,4,0.9657142857142856,0.1826625386996904,1,0.001671319469413182,0.2329035382993029,0.0,0.0007827729100059973,0.0,0.002795815174185122,0.00038666679014127454,0.0019588639063813106,0.00017174667825482315,0.0,0.0,0.033819475828091465,0.0006231640036229972,0.00029559409927192953,2.276779923342012e-09,0.0010643305563401487,0.15713598202973333,0.029679559601742487
171,"Cfg(cluster_seed=4, surrogate='lgbm', surrogate_seed=0, estimator='tree_int', bg_size=50, bg_seed=2)",lgbm,4,0.9657142857142856,0.1826625386996904,0,0.001960781570447342,0.2780303600202745,0.0,0.0009380907569459413,0.0,0.0033587256266705075,0.00046387152084526615,0.002262726612726877,0.0002054912184402052,0.0,0.0,0.040232713203834654,0.0007448983096410855,0.0003449368413685413,2.724649388712158e-09,0.001254146511282801,0.18750316562896147,0.03560941898681306
171,"Cfg(cluster_seed=4, surrogate='lgbm', surrogate_seed=0, estimator='tree_int', bg_size=50, bg_seed=2)",lgbm,4,0.9657142857142856,0.1826625386996904,1,0.0016713194694131818,0.2329035382993029,0.0,0.0007827729100059974,0.0,0.002795815174185122,0.00038666679014127454,0.0019588639063813106,0.00017174667825482315,0.0,0.0,0.03381947582809146,0.0006231640036229971,0.00029559409927192953,2.276779923342012e-09,0.0010643305563401485,0.15713598202973336,0.029679559601742487
172,"Cfg(cluster_seed=4, surrogate='lgbm', surrogate_seed=1, estimator='tree_path', bg_size=50, bg_seed=0)",lgbm,4,0.9657142857142856,0.1826625386996904,0,0.07469383128944734,6.838351580002462,0.0,0.03387090549734035,0.0,0.10292238935075672,0.01672895564218687,0.0794564278529533,0.004327823178021628,0.0,0.0,1.0720785413545986,0.01733464966479149,0.01935278363360836,5.489757062710857e-08,0.03812073256043477,2.5955881990287413,0.6639665199650616
172,"Cfg(cluster_seed=4, surrogate='lgbm', surrogate_seed=1, estimator='tree_path', bg_size=50, bg_seed=0)",lgbm,4,0.9657142857142856,0.1826625386996904,1,0.06788634144853188,5.772928538001627,0.0,0.034138609192280754,0.0,0.07740518338147591,0.01672895564218687,0.0689609745610374,0.01425438228612521,0.0,0.0,0.9013893683819284,0.02723177915457385,0.007091322558265201,2.2751713204910506e-07,0.04413504794642867,3.923501174823517,0.6899373961687341
173,"Cfg(cluster_seed=4, surrogate='lgbm', surrogate_seed=1, estimator='tree_int', bg_size=50, bg_seed=0)",lgbm,4,0.9657142857142856,0.1826625386996904,0,0.001960781570447342,0.2780303600202745,0.0,0.0009380907569459413,0.0,0.0033587256266705075,0.0004638715208452661,0.002262726612726877,0.0002054912184402052,0.0,0.0,0.04023271320383466,0.0007448983096410855,0.0003449368413685413,2.724649388712158e-09,0.001254146511282801,0.18750316562896144,0.03560941898681306
173,"Cfg(cluster_seed=4, surrogate='lgbm', surrogate_seed=1, estimator='tree_int', bg_size=50, bg_seed=0)",lgbm,4,0.9657142857142856,0.1826625386996904,1,0.001671319469413182,0.2329035382993029,0.0,0.0007827729100059971,0.0,0.002795815174185122,0.00038666679014127454,0.0019588639063813106,0.00017174667825482312,0.0,0.0,0.033819475828091465,0.0006231640036229972,0.0002955940992719295,2.276779923342012e-09,0.0010643305563401485,0.15713598202973336,0.029679559601742494
174,"Cfg(cluster_seed=4, surrogate='lgbm', surrogate_seed=1, estimator='tree_int', bg_size=50, bg_seed=1)",lgbm,4,0.9657142857142856,0.1826625386996904,0,0.001960781570447342,0.2780303600202745,0.0,0.0009380907569459412,0.0,0.0033587256266705075,0.00046387152084526615,0.002262726612726877,0.0002054912184402052,0.0,0.0,0.04023271320383466,0.0007448983096410855,0.00034493684136854136,2.7246493887121584e-09,0.001254146511282801,0.18750316562896144,0.03560941898681306
174,"Cfg(cluster_seed=4, surrogate='lgbm', surrogate_seed=1, estimator='tree_int', bg_size=50, bg_seed=1)",lgbm,4,0.9657142857142856,0.1826625386996904,1,0.001671319469413182,0.2329035382993029,0.0,0.0007827729100059973,0.0,0.002795815174185122,0.00038666679014127454,0.0019588639063813106,0.00017174667825482315,0.0,0.0,0.033819475828091465,0.0006231640036229972,0.00029559409927192953,2.276779923342012e-09,0.0010643305563401487,0.15713598202973333,0.029679559601742487
175,"Cfg(cluster_seed=4, surrogate='lgbm', surrogate_seed=1, estimator='tree_int', bg_size=50, bg_seed=2)",lgbm,4,0.9657142857142856,0.1826625386996904,0,0.001960781570447342,0.2780303600202745,0.0,0.0009380907569459413,0.0,0.0033587256266705075,0.00046387152084526615,0.002262726612726877,0.0002054912184402052,0.0,0.0,0.040232713203834654,0.0007448983096410855,0.0003449368413685413,2.724649388712158e-09,0.001254146511282801,0.18750316562896147,0.03560941898681306
175,"Cfg(cluster_seed=4, surrogate='lgbm', surrogate_seed=1, estimator='tree_int', bg_size=50, bg_seed=2)",lgbm,4,0.9657142857142856,0.1826625386996904,1,0.0016713194694131818,0.2329035382993029,0.0,0.0007827729100059974,0.0,0.002795815174185122,0.00038666679014127454,0.0019588639063813106,0.00017174667825482315,0.0,0.0,0.03381947582809146,0.0006231640036229971,0.00029559409927192953,2.276779923342012e-09,0.0010643305563401485,0.15713598202973336,0.029679559601742487
176,"Cfg(cluster_seed=4, surrogate='lgbm', surrogate_seed=2, estimator='tree_path', bg_size=50, bg_seed=0)",lgbm,4,0.9657142857142856,0.1826625386996904,0,0.07469383128944734,6.838351580002462,0.0,0.03387090549734035,0.0,0.10292238935075672,0.01672895564218687,0.0794564278529533,0.004327823178021628,0.0,0.0,1.0720785413545986,0.01733464966479149,0.01935278363360836,5.489757062710857e-08,0.03812073256043477,2.5955881990287413,0.6639665199650616
176,"Cfg(cluster_seed=4, surrogate='lgbm', surrogate_seed=2, estimator='tree_path', bg_size=50, bg_seed=0)",lgbm,4,0.9657142857142856,0.1826625386996904,1,0.06788634144853188,5.772928538001627,0.0,0.034138609192280754,0.0,0.07740518338147591,0.01672895564218687,0.0689609745610374,0.01425438228612521,0.0,0.0,0.9013893683819284,0.02723177915457385,0.007091322558265201,2.2751713204910506e-07,0.04413504794642867,3.923501174823517,0.6899373961687341
177,"Cfg(cluster_seed=4, surrogate='lgbm', surrogate_seed=2, estimator='tree_int', bg_size=50, bg_seed=0)",lgbm,4,0.9657142857142856,0.1826625386996904,0,0.001960781570447342,0.2780303600202745,0.0,0.0009380907569459413,0.0,0.0033587256266705075,0.0004638715208452661,0.002262726612726877,0.0002054912184402052,0.0,0.0,0.04023271320383466,0.0007448983096410855,0.0003449368413685413,2.724649388712158e-09,0.001254146511282801,0.18750316562896144,0.03560941898681306
177,"Cfg(cluster_seed=4, surrogate='lgbm', surrogate_seed=2, estimator='tree_int', bg_size=50, bg_seed=0)",lgbm,4,0.9657142857142856,0.1826625386996904,1,0.001671319469413182,0.2329035382993029,0.0,0.0007827729100059971,0.0,0.002795815174185122,0.00038666679014127454,0.0019588639063813106,0.00017174667825482312,0.0,0.0,0.033819475828091465,0.0006231640036229972,0.0002955940992719295,2.276779923342012e-09,0.0010643305563401485,0.15713598202973336,0.029679559601742494
178,"Cfg(cluster_seed=4, surrogate='lgbm', surrogate_seed=2, estimator='tree_int', bg_size=50, bg_seed=1)",lgbm,4,0.9657142857142856,0.1826625386996904,0,0.001960781570447342,0.2780303600202745,0.0,0.0009380907569459412,0.0,0.0033587256266705075,0.00046387152084526615,0.002262726612726877,0.0002054912184402052,0.0,0.0,0.04023271320383466,0.0007448983096410855,0.00034493684136854136,2.7246493887121584e-09,0.001254146511282801,0.18750316562896144,0.03560941898681306
178,"Cfg(cluster_seed=4, surrogate='lgbm', surrogate_seed=2, estimator='tree_int', bg_size=50, bg_seed=1)",lgbm,4,0.9657142857142856,0.1826625386996904,1,0.001671319469413182,0.2329035382993029,0.0,0.0007827729100059973,0.0,0.002795815174185122,0.00038666679014127454,0.0019588639063813106,0.00017174667825482315,0.0,0.0,0.033819475828091465,0.0006231640036229972,0.00029559409927192953,2.276779923342012e-09,0.0010643305563401487,0.15713598202973333,0.029679559601742487
179,"Cfg(cluster_seed=4, surrogate='lgbm', surrogate_seed=2, estimator='tree_int', bg_size=50, bg_seed=2)",lgbm,4,0.9657142857142856,0.1826625386996904,0,0.001960781570447342,0.2780303600202745,0.0,0.0009380907569459413,0.0,0.0033587256266705075,0.00046387152084526615,0.002262726612726877,0.0002054912184402052,0.0,0.0,0.040232713203834654,0.0007448983096410855,0.0003449368413685413,2.724649388712158e-09,0.001254146511282801,0.18750316562896147,0.03560941898681306
179,"Cfg(cluster_seed=4, surrogate='lgbm', surrogate_seed=2, estimator='tree_int', bg_size=50, bg_seed=2)",lgbm,4,0.9657142857142856,0.1826625386996904,1,0.0016713194694131818,0.2329035382993029,0.0,0.0007827729100059974,0.0,0.002795815174185122,0.00038666679014127454,0.0019588639063813106,0.00017174667825482315,0.0,0.0,0.03381947582809146,0.0006231640036229971,0.00029559409927192953,2.276779923342012e-09,0.0010643305563401485,0.15713598202973336,0.029679559601742487
