run,cfg,surrogate,cluster_seed,fidelity,ari_to_ref,cluster,events_drought,events_earthquake,events_earthquake_tsunami,events_flood,events_flood_landslide,events_forest_fire,events_landslide,events_tidal_abrasion,events_tornado,events_tsunami,events_volcano,died,missing,injured,affected,evacuated,houses_damaged,facilities_damaged
0,"Cfg(cluster_seed=0, surrogate='dt', surrogate_seed=0, estimator='tree_path', bg_size=50, bg_seed=0)",dt,0,0.8642241502040229,0.9942279854418928,0,0.0,0.0,0.0,0.09877757885802234,0.0,0.0,0.11972181985911977,0.004420678242518234,0.0022270831757505156,0.0,0.0,0.022049360509665914,0.0,0.0,0.025031412642485026,0.0075756247070654864,0.08666022738723206,0.2221165911781375
0,"Cfg(cluster_seed=0, surrogate='dt', surrogate_seed=0, estimator='tree_path', bg_size=50, bg_seed=0)",dt,0,0.8642241502040229,0.9942279854418928,1,0.0,0.0,0.0,0.1608063093678812,0.0,0.0,0.10051866539618652,0.022422121671622223,0.0051479649468894,0.0,0.0,0.029691390337935213,0.0,0.0,0.01375839546740747,0.0037977280321713257,0.08052144734593873,0.21404544911376341
1,"Cfg(cluster_seed=0, surrogate='dt', surrogate_seed=0, estimator='tree_int', bg_size=50, bg_seed=0)",dt,0,0.8642241502040229,0.9942279854418928,0,0.0,0.0,0.0,0.09482177161378806,0.0,0.0,0.06360983900096157,0.030375082807784917,0.008442235100083063,0.0,0.0,0.03190628682220861,0.0,0.0,0.031768985830924815,0.007442235051738967,0.09546420725401145,0.13400154898874456
1,"Cfg(cluster_seed=0, surrogate='dt', surrogate_seed=0, estimator='tree_int', bg_size=50, bg_seed=0)",dt,0,0.8642241502040229,0.9942279854418928,1,0.0,0.0,0.0,0.1256617034189514,0.0,0.0,0.113758015396658,0.02684946277449211,0.0038563050867175745,0.0,0.0,0.04615099079775843,0.0,0.0,0.032258780005652986,0.009532746254873404,0.08361615904374729,0.15301888604449046
2,"Cfg(cluster_seed=0, surrogate='dt', surrogate_seed=0, estimator='tree_int', bg_size=50, bg_seed=1)",dt,0,0.8642241502040229,0.9942279854418928,0,0.0,0.0,0.0,0.13583397498714136,0.0,0.0,0.0915538568287793,0.006504940810528642,0.006576704727909103,0.0,0.0,0.015766135104085206,0.0,0.0,0.04566472675270312,0.007527462328064524,0.07753378973956288,0.15399894233411987
2,"Cfg(cluster_seed=0, surrogate='dt', surrogate_seed=0, estimator='tree_int', bg_size=50, bg_seed=1)",dt,0,0.8642241502040229,0.9942279854418928,1,0.0,0.0,0.0,0.1394910439376958,0.0,0.0,0.10274582940287613,0.02222822933252954,0.006192571030072109,0.0,0.0,0.03228875742236538,0.0,0.0,0.03212502708358162,0.00676539549117916,0.08751328357328772,0.1791315902297622
3,"Cfg(cluster_seed=0, surrogate='dt', surrogate_seed=0, estimator='tree_int', bg_size=50, bg_seed=2)",dt,0,0.8642241502040229,0.9942279854418928,0,0.0,0.0,0.0,0.10965557024623679,0.0,0.0,0.10696417166629248,0.01700070019303395,0.006803977441635317,0.0,0.0,0.02338620877909381,0.0,0.0,0.03171794188970872,0.007496212325905552,0.08104860449633133,0.1797780318151821
3,"Cfg(cluster_seed=0, surrogate='dt', surrogate_seed=0, estimator='tree_int', bg_size=50, bg_seed=2)",dt,0,0.8642241502040229,0.9942279854418928,1,0.0,0.0,0.0,0.12203309779445982,0.0,0.0,0.10381253923925841,0.018827426016680297,0.0058699903787930415,0.0,0.0,0.03410160764396363,0.0,0.0,0.022506973969359634,0.007287389594963216,0.08020923570585044,0.13183658091116512
4,"Cfg(cluster_seed=0, surrogate='dt', surrogate_seed=1, estimator='tree_path', bg_size=50, bg_seed=0)",dt,0,0.8657128415072725,0.9942279854418928,0,0.0,0.0,0.0,0.09914833648602159,0.0020623931474393438,0.0,0.12113375662479055,0.0,0.0,0.0,0.0,0.022049360509665914,0.0,0.0,0.025031412642485026,0.0075756247070654864,0.08666022738723206,0.22312575213964872
4,"Cfg(cluster_seed=0, surrogate='dt', surrogate_seed=1, estimator='tree_path', bg_size=50, bg_seed=0)",dt,0,0.8657128415072725,0.9942279854418928,1,0.0,0.0,0.0,0.1675744878877224,0.007690639898658879,0.0,0.10349516422850574,0.0,0.0,0.0,0.0,0.02982455128729845,0.0,0.0,0.01375839546740747,0.0037977280321713257,0.08111161886900378,0.22363307772430777
5,"Cfg(cluster_seed=0, surrogate='dt', surrogate_seed=1, estimator='tree_int', bg_size=50, bg_seed=0)",dt,0,0.8657128415072725,0.9942279854418928,0,0.0,0.0,0.0,0.09991708717139601,0.004243165413764382,0.0,0.06637972544714693,0.0,0.0,0.0,0.0,0.03190628682220861,0.0,0.0,0.031768985830924815,0.007442235051738967,0.099394131545824,0.15278630090962098
5,"Cfg(cluster_seed=0, surrogate='dt', surrogate_seed=1, estimator='tree_int', bg_size=50, bg_seed=0)",dt,0,0.8657128415072725,0.9942279854418928,1,0.0,0.0,0.0,0.13293644220816778,0.008446534192981605,0.0,0.11686163228890066,0.0,0.0,0.0,0.0,0.046437584765452074,0.0,0.0,0.032258780005652986,0.009532746254873404,0.08402859750315765,0.1635045092393403
6,"Cfg(cluster_seed=0, surrogate='dt', surrogate_seed=1, estimator='tree_int', bg_size=50, bg_seed=1)",dt,0,0.8657128415072725,0.9942279854418928,0,0.0,0.0,0.0,0.13273584759243845,0.02033728621222747,0.0,0.09433794782084254,0.0,0.0,0.0,0.0,0.015766135104085206,0.0,0.0,0.04566472675270312,0.007527462328064524,0.08170519113371291,0.152392304976132
6,"Cfg(cluster_seed=0, surrogate='dt', surrogate_seed=1, estimator='tree_int', bg_size=50, bg_seed=1)",dt,0,0.8657128415072725,0.9942279854418928,1,0.0,0.0,0.0,0.1403048751540375,0.014399145954340381,0.0,0.10748678748820889,0.0,0.0,0.0,0.0,0.03211027555058427,0.0,0.0,0.03212502708358162,0.00676539549117916,0.08814457038717893,0.18202800527214993
7,"Cfg(cluster_seed=0, surrogate='dt', surrogate_seed=1, estimator='tree_int', bg_size=50, bg_seed=2)",dt,0,0.8657128415072725,0.9942279854418928,0,0.0,0.0,0.0,0.113206232823008,0.0,0.0,0.11136265135867605,0.0,0.0,0.0,0.0,0.02338620877909381,0.0,0.0,0.03171794188970872,0.007496212325905552,0.08354860437293121,0.18997483122924486
7,"Cfg(cluster_seed=0, surrogate='dt', surrogate_seed=1, estimator='tree_int', bg_size=50, bg_seed=2)",dt,0,0.8657128415072725,0.9942279854418928,1,0.0,0.0,0.0,0.1270872766926581,0.00606355995464185,0.0,0.10818204081609101,0.0,0.0,0.0,0.0,0.034285658754386494,0.0,0.0,0.022506973969359634,0.007287389594963216,0.08089214988686474,0.13979603198791193
8,"Cfg(cluster_seed=0, surrogate='dt', surrogate_seed=2, estimator='tree_path', bg_size=50, bg_seed=0)",dt,0,0.8642618157204757,0.9942279854418928,0,0.0,0.0,0.0,0.09914833648602159,0.0020623931474393438,0.0,0.11972181985911977,0.0,0.0022270831757505156,0.0,0.0,0.022049360509665914,0.0,0.0,0.025031412642485026,0.0075756247070654864,0.08666022738723206,0.22312575213964872
8,"Cfg(cluster_seed=0, surrogate='dt', surrogate_seed=2, estimator='tree_path', bg_size=50, bg_seed=0)",dt,0,0.8642618157204757,0.9942279854418928,1,0.0,0.0,0.0,0.16811155311838252,0.007690639898658879,0.0,0.10051866539618652,0.0,0.0051479649468894,0.0,0.0,0.02982455128729845,0.0,0.0,0.01375839546740747,0.0037977280321713257,0.08052144734593873,0.22294871116052487
9,"Cfg(cluster_seed=0, surrogate='dt', surrogate_seed=2, estimator='tree_int', bg_size=50, bg_seed=0)",dt,0,0.8642618157204757,0.9942279854418928,0,0.0,0.0,0.0,0.10308943603441811,0.004243165413764382,0.0,0.06360983900096157,0.0,0.008442235100083063,0.0,0.0,0.03190628682220861,0.0,0.0,0.031768985830924815,0.007442235051738967,0.09546420725401145,0.1488563770792363
9,"Cfg(cluster_seed=0, surrogate='dt', surrogate_seed=2, estimator='tree_int', bg_size=50, bg_seed=0)",dt,0,0.8642618157204757,0.9942279854418928,1,0.0,0.0,0.0,0.13376733182593536,0.008446534192981605,0.0,0.113758015396658,0.0,0.0038563050867175745,0.0,0.0,0.046437584765452074,0.0,0.0,0.032258780005652986,0.009532746254873404,0.08361615904374729,0.1627615963106108
10,"Cfg(cluster_seed=0, surrogate='dt', surrogate_seed=2, estimator='tree_int', bg_size=50, bg_seed=1)",dt,0,0.8642618157204757,0.9942279854418928,0,0.0,0.0,0.0,0.13473868882833878,0.02033728621222747,0.0,0.0915538568287793,0.0,0.006576704727909103,0.0,0.0,0.015766135104085206,0.0,0.0,0.04566472675270312,0.007527462328064524,0.07753378973956288,0.15145953991323327
10,"Cfg(cluster_seed=0, surrogate='dt', surrogate_seed=2, estimator='tree_int', bg_size=50, bg_seed=1)",dt,0,0.8642618157204757,0.9942279854418928,1,0.0,0.0,0.0,0.14135570614656065,0.014399145954340381,0.0,0.10274582940287613,0.0,0.006192571030072109,0.0,0.0,0.03211027555058427,0.0,0.0,0.03212502708358162,0.00676539549117916,0.08751328357328772,0.18095762412962316
11,"Cfg(cluster_seed=0, surrogate='dt', surrogate_seed=2, estimator='tree_int', bg_size=50, bg_seed=2)",dt,0,0.8642618157204757,0.9942279854418928,0,0.0,0.0,0.0,0.11385964194778354,0.0,0.0,0.10696417166629248,0.0,0.006803977441635317,0.0,0.0,0.02338620877909381,0.0,0.0,0.03171794188970872,0.007496212325905552,0.08104860449633133,0.19067355342209316
11,"Cfg(cluster_seed=0, surrogate='dt', surrogate_seed=2, estimator='tree_int', bg_size=50, bg_seed=2)",dt,0,0.8642618157204757,0.9942279854418928,1,0.0,0.0,0.0,0.1280208056219077,0.00606355995464185,0.0,0.10381253923925841,0.0,0.0058699903787930415,0.0,0.0,0.034285658754386494,0.0,0.0,0.022506973969359634,0.007287389594963216,0.08020923570585044,0.1389353436878351
12,"Cfg(cluster_seed=0, surrogate='rf', surrogate_seed=0, estimator='tree_path', bg_size=50, bg_seed=0)",rf,0,0.949488947984866,0.9942279854418928,0,0.00505407390230756,0.008428929023458017,0.00016525041958093063,0.08245003262572333,0.0030463581794038254,0.009502294240941686,0.056445290735403275,0.009280529069022578,0.034706336413341456,0.00010380455840517241,0.0007487824295629073,0.03569177145259686,0.012430547751455006,0.0467481940214458,0.05721100856254764,0.03760688302137789,0.09653079632595167,0.0956424491850643
12,"Cfg(cluster_seed=0, surrogate='rf', surrogate_seed=0, estimator='tree_path', bg_size=50, bg_seed=0)",rf,0,0.949488947984866,0.9942279854418928,1,0.006347593124062514,0.01179575445784944,0.00016498221302077324,0.09394515225195733,0.004569705066237285,0.012122496380983058,0.06702421944496179,0.012433017248614401,0.04661153460447792,9.696507553880518e-05,0.0007316087736771886,0.03428338914907525,0.014795508783106301,0.04580560477443464,0.056014068864605804,0.033898997153895,0.0955281900951502,0.10193530863709098
13,"Cfg(cluster_seed=0, surrogate='rf', surrogate_seed=0, estimator='tree_int', bg_size=50, bg_seed=0)",rf,0,0.949488947984866,0.9942279854418928,0,0.006991204956451546,0.009714181540896817,0.0,0.06492483838577014,0.0024548645427474414,0.006811669626417231,0.0429134660429818,0.01111863627053099,0.03356491783617073,8.023103369902688e-05,0.00037222733232270715,0.026925824149492905,0.008805459267208857,0.03855702418183874,0.04861192407775124,0.03772385424770333,0.08803460768075144,0.08230180267121802
13,"Cfg(cluster_seed=0, surrogate='rf', surrogate_seed=0, estimator='tree_int', bg_size=50, bg_seed=0)",rf,0,0.949488947984866,0.9942279854418928,1,0.0064770437925532245,0.011413183727782165,9.277095259831266e-05,0.07790427158467626,0.00392042545503999,0.011843095048095257,0.06511828514561908,0.011045188381782457,0.04339413848665607,6.495453947000503e-05,0.0008612410932310923,0.03128975855884826,0.011473745897357246,0.03568775083919523,0.056426064805209536,0.03498302948766526,0.07710389924162486,0.09428942765755724
14,"Cfg(cluster_seed=0, surrogate='rf', surrogate_seed=0, estimator='tree_int', bg_size=50, bg_seed=1)",rf,0,0.949488947984866,0.9942279854418928,0,0.00742202231029748,0.006099584666945979,0.0,0.07412760215917989,0.005438578309901428,0.010889728278090956,0.05707798240734934,0.00873793610999763,0.04397003809714253,1.0916982650221804e-05,0.0005750365489366642,0.02811157017163215,0.009516621315701945,0.03584039361173257,0.058593847018772724,0.0347988674874965,0.08459577654516819,0.07400370289978765
14,"Cfg(cluster_seed=0, surrogate='rf', surrogate_seed=0, estimator='tree_int', bg_size=50, bg_seed=1)",rf,0,0.949488947984866,0.9942279854418928,1,0.006683202113454286,0.010857142722069382,7.845575718577512e-05,0.07572379641128663,0.004984447926920722,0.01287546649787167,0.05472962569901382,0.010382935563795735,0.04491569607173062,5.863372746746117e-05,0.0006872783287245909,0.025822266475010174,0.011209971489521419,0.03637453754347298,0.062212548350254325,0.030705864177953218,0.08464446514693494,0.10086698681106199
15,"Cfg(cluster_seed=0, surrogate='rf', surrogate_seed=0, estimator='tree_int', bg_size=50, bg_seed=2)",rf,0,0.949488947984866,0.9942279854418928,0,0.006040091781921098,0.01172713416923577,0.0,0.07087044343457151,0.002028569680738626,0.010553327801069629,0.05744167428312141,0.008892462106423292,0.042396187245328246,7.0720150232391e-05,0.0009879123418224114,0.028118737366129586,0.010437898440575103,0.038727801037138354,0.0591698044102468,0.03774813726639639,0.0930061869956872,0.09593604235418414
15,"Cfg(cluster_seed=0, surrogate='rf', surrogate_seed=0, estimator='tree_int', bg_size=50, bg_seed=2)",rf,0,0.949488947984866,0.9942279854418928,1,0.00577953539387708,0.010933629547869058,7.852224389342402e-05,0.06931726602218699,0.0036750749885502624,0.011779962179880202,0.06070687113892583,0.010168813402237525,0.04290930362992662,5.3294466778907744e-05,0.0007396179331195775,0.029062061428318856,0.010564976285151018,0.03474305351762596,0.04808416769265723,0.031748165640491516,0.07957746438799031,0.07743541941153415
16,"Cfg(cluster_seed=0, surrogate='rf', surrogate_seed=1, estimator='tree_path', bg_size=50, bg_seed=0)",rf,0,0.9567169249398783,0.9942279854418928,0,0.004709083352704882,0.008355954777053311,0.0002026037425632458,0.08125113471544558,0.0027101543917131374,0.010169079754455418,0.05860077600540921,0.011442677401898416,0.03424826816190571,9.373181773170039e-05,0.0004942809596470451,0.03516989063532088,0.014523159453543622,0.04607516040731568,0.058114890613203324,0.03882035812774047,0.0906758551236133,0.0955410141449272
16,"Cfg(cluster_seed=0, surrogate='rf', surrogate_seed=1, estimator='tree_path', bg_size=50, bg_seed=0)",rf,0,0.9567169249398783,0.9942279854418928,1,0.005468695053680431,0.01176996452581708,0.00022223637743923344,0.09516103586374913,0.00423845325744939,0.012868912830107547,0.07181109365571281,0.01503624002590988,0.04460697676358361,8.572872783853859e-05,0.0005943334113917388,0.0342842098738303,0.017048520289506975,0.04465510727140809,0.060496401273724486,0.0348105318184735,0.08995776121649654,0.10165236210070956
17,"Cfg(cluster_seed=0, surrogate='rf', surrogate_seed=1, estimator='tree_int', bg_size=50, bg_seed=0)",rf,0,0.9567169249398783,0.9942279854418928,0,0.006420743690576287,0.009734800566093833,0.0,0.06603509586597356,0.002317609579678528,0.0070401243325515,0.04358095937037443,0.012616108783407291,0.032446097840113104,9.243439097676027e-05,0.00032611968811109326,0.027496161603866434,0.010648973156753578,0.03723476216675898,0.049527180685452414,0.037028357119856095,0.08458669740824504,0.08118030256393914
17,"Cfg(cluster_seed=0, surrogate='rf', surrogate_seed=1, estimator='tree_int', bg_size=50, bg_seed=0)",rf,0,0.9567169249398783,0.9942279854418928,1,0.00605173749308531,0.011471226015525948,0.00014715573891405315,0.07846611225335885,0.0036275799659270954,0.012259236674828252,0.06665135808125673,0.013016939641512312,0.042538561898434586,9.102282626780545e-05,0.0005597421351528958,0.03198346453570949,0.013015218889067273,0.035726090647024616,0.05854524322669962,0.03567560585958765,0.07484802670455559,0.09315435048503103
18,"Cfg(cluster_seed=0, surrogate='rf', surrogate_seed=1, estimator='tree_int', bg_size=50, bg_seed=1)",rf,0,0.9567169249398783,0.9942279854418928,0,0.006807474959831709,0.005867929187436733,0.0,0.07496818851984337,0.005112086400396473,0.012125848735029233,0.058542597102936036,0.010433742494542207,0.043005816517110745,7.1374461028674644e-06,0.00036459296449963425,0.027826958887741934,0.010840509522375408,0.03508366156472035,0.060539001250761657,0.035018000143099165,0.0813315165065756,0.07377882824357858
18,"Cfg(cluster_seed=0, surrogate='rf', surrogate_seed=1, estimator='tree_int', bg_size=50, bg_seed=1)",rf,0,0.9567169249398783,0.9942279854418928,1,0.006321204994492792,0.010915423943607632,0.00013211407765790795,0.07834982933219106,0.00459921755683287,0.01338765140580314,0.05435534015144743,0.012576240897154908,0.04283601108427148,4.94887441791194e-05,0.0006394675794781455,0.02504308566545933,0.0128581467155289,0.03695623881032547,0.06413882992201572,0.030125237598177347,0.08187848486976336,0.1017819229746465
19,"Cfg(cluster_seed=0, surrogate='rf', surrogate_seed=1, estimator='tree_int', bg_size=50, bg_seed=2)",rf,0,0.9567169249398783,0.9942279854418928,0,0.005360686820809057,0.01175529502096348,0.0,0.06968172235676136,0.0018177787298242773,0.011557944990166854,0.05868765437820058,0.01067948425562225,0.040455684474000636,6.004795249530362e-05,0.0007818781792966759,0.028965414587704373,0.01186035043364985,0.038545108274375836,0.061652446226616565,0.03758774937646874,0.08825353461411961,0.09432683164802774
19,"Cfg(cluster_seed=0, surrogate='rf', surrogate_seed=1, estimator='tree_int', bg_size=50, bg_seed=2)",rf,0,0.9567169249398783,0.9942279854418928,1,0.005351933530559033,0.011103275775940937,0.00013017083575822628,0.07195968616101238,0.0034739337322775127,0.012257330944796275,0.061724684149078494,0.012075048251777194,0.04138964505958884,6.871309258878503e-05,0.0005935479373952722,0.03054962846817128,0.011791274675190455,0.034905149391920166,0.050032585080519415,0.03191765306138173,0.0767851650379525,0.07830986167957918
20,"Cfg(cluster_seed=0, surrogate='rf', surrogate_seed=2, estimator='tree_path', bg_size=50, bg_seed=0)",rf,0,0.9494967235743109,0.9942279854418928,0,0.00441872524412404,0.008625109239830479,0.00011863944112771242,0.08574169741681412,0.002856550084135864,0.010374714107025097,0.0520116429854627,0.009584625868120691,0.03424284162307572,6.480698281749015e-05,0.0006034762460952495,0.03530221654064748,0.01412890696460999,0.043811614594515075,0.06142658576448487,0.037648675121446123,0.09439376124310979,0.09446646450311345
20,"Cfg(cluster_seed=0, surrogate='rf', surrogate_seed=2, estimator='tree_path', bg_size=50, bg_seed=0)",rf,0,0.9494967235743109,0.9942279854418928,1,0.004898447909363068,0.011828422664874801,0.0001250535746506408,0.09909692879990711,0.004595937235197884,0.013313295765968894,0.06415485599380853,0.013199108580394995,0.04881456400072886,5.5959628532267835e-05,0.0007371811663554484,0.0338411129248237,0.016108627310260103,0.04386497565618616,0.0619967150761378,0.0331523123047701,0.09568805443555409,0.09814295954773729
21,"Cfg(cluster_seed=0, surrogate='rf', surrogate_seed=2, estimator='tree_int', bg_size=50, bg_seed=0)",rf,0,0.9494967235743109,0.9942279854418928,0,0.005752754442410352,0.010436365791836509,0.0,0.06692016221351606,0.002565039022526064,0.007331366364318242,0.03996677127064063,0.010217487215055823,0.03478079813462351,7.103445412874204e-05,0.00042207816005527935,0.025996923842939366,0.01060181548318081,0.037595999729557586,0.05066311783268533,0.03642072432658217,0.0865380280865865,0.08066910013446954
21,"Cfg(cluster_seed=0, surrogate='rf', surrogate_seed=2, estimator='tree_int', bg_size=50, bg_seed=0)",rf,0,0.9494967235743109,0.9942279854418928,1,0.005408667874807076,0.011848741845528307,8.426135581065173e-05,0.08049886503464314,0.004140001709352909,0.013326369325743171,0.06027602716341554,0.010564080075374958,0.045251960699351515,6.079357420209527e-05,0.0006904714191123244,0.0312282085154719,0.012686886762944024,0.03567114273130806,0.060225868758878184,0.03512148495158406,0.07779555105478674,0.09170073247952633
22,"Cfg(cluster_seed=0, surrogate='rf', surrogate_seed=2, estimator='tree_int', bg_size=50, bg_seed=1)",rf,0,0.9494967235743109,0.9942279854418928,0,0.006470451685783542,0.006377030851383242,0.0,0.07627353046666979,0.006037336414334041,0.012351574828918637,0.05380150423514196,0.007643752583279286,0.04398033194896809,7.655122860590132e-06,0.0004386567458116344,0.02825994578785854,0.010310849707624036,0.034805278422293286,0.06193136217682862,0.033733288851171106,0.08106038138613289,0.07313674026548596
22,"Cfg(cluster_seed=0, surrogate='rf', surrogate_seed=2, estimator='tree_int', bg_size=50, bg_seed=1)",rf,0,0.9494967235743109,0.9942279854418928,1,0.005733282512010758,0.011247129570604997,7.48141182340235e-05,0.07966192803625893,0.005163862135212882,0.013833089015848456,0.05041020933744374,0.009918858821919806,0.04588910706351812,3.597154399686318e-05,0.0007375928793129918,0.02555000018550697,0.012742127393108661,0.03673323557762735,0.0661328939066569,0.03003603001642113,0.08317405530008354,0.10003396263197617
23,"Cfg(cluster_seed=0, surrogate='rf', surrogate_seed=2, estimator='tree_int', bg_size=50, bg_seed=2)",rf,0,0.9494967235743109,0.9942279854418928,0,0.005200947287094093,0.012797468735035468,0.0,0.07016903929190153,0.0021108753287774613,0.011091398887272173,0.05427610552422113,0.008525598743724853,0.04314270156253857,3.880276134664617e-05,0.0008938216535941799,0.02768487327494855,0.011482347795818982,0.03691654122901023,0.0634757408771636,0.03677605498233319,0.09002419786276303,0.09431165319193814
23,"Cfg(cluster_seed=0, surrogate='rf', surrogate_seed=2, estimator='tree_int', bg_size=50, bg_seed=2)",rf,0,0.9494967235743109,0.9942279854418928,1,0.005008814353688267,0.011210410903526249,7.296187848271896e-05,0.0732976217692478,0.003773712139204062,0.01239225223349638,0.05665487338885162,0.010233005665815987,0.044191063275989734,3.3045664547744226e-05,0.000707516066621715,0.029463883005368306,0.011737593400046598,0.03436730924539425,0.05122643050133241,0.03129866581966315,0.0797868082283913,0.07694723089776924
24,"Cfg(cluster_seed=0, surrogate='lgbm', surrogate_seed=0, estimator='tree_path', bg_size=50, bg_seed=0)",lgbm,0,0.9436869112922113,0.9942279854418928,0,0.13739754062304285,0.42018896999118116,0.0,1.83253511543745,0.03858096697965116,0.41135202593497094,2.1990157864046807,0.5762374713784717,1.213049147043927,0.0,0.0015048746940060011,1.0930236599162,0.1625132890972399,1.3194983918408714,2.726627780500016,1.0027940622791895,3.21396305390746,3.0894105479132077
24,"Cfg(cluster_seed=0, surrogate='lgbm', surrogate_seed=0, estimator='tree_path', bg_size=50, bg_seed=0)",lgbm,0,0.9436869112922113,0.9942279854418928,1,0.14701193921919808,0.4766371385506586,0.0,2.1744846833079494,0.053290593359172696,0.4724509337151753,2.553453178394649,0.6258004340617637,1.3629047121553308,0.0,0.003385924680342666,1.0001134213318996,0.21153746862229647,1.2549293108333786,2.7159699996756492,1.0010329130594025,3.2374422151501587,3.486913726567689
25,"Cfg(cluster_seed=0, surrogate='lgbm', surrogate_seed=0, estimator='tree_int', bg_size=50, bg_seed=0)",lgbm,0,0.9436869112922113,0.9942279854418928,0,0.003964425620858498,0.008117539138364991,0.0,0.05414077382132412,0.000993149097615991,0.007685458573125564,0.04838701521311031,0.012771304440195618,0.029305293467490712,0.0,1.5004472161080146e-05,0.023036073995146348,0.00513955843106001,0.0402711737545737,0.062051073502076615,0.03227749142382961,0.0883023255610194,0.08828786663786901
25,"Cfg(cluster_seed=0, surrogate='lgbm', surrogate_seed=0, estimator='tree_int', bg_size=50, bg_seed=0)",lgbm,0,0.9436869112922113,0.9942279854418928,1,0.004477812158489741,0.010724607128911092,0.0,0.06588444537510517,0.001300562020728021,0.010730281517418611,0.06325378418689298,0.01402409620880301,0.04048377893453294,0.0,9.631132487783626e-05,0.03143628710439963,0.005795120772260289,0.03365140131507759,0.07491442034944609,0.02969463643794032,0.07056419037279416,0.10113667021729422
26,"Cfg(cluster_seed=0, surrogate='lgbm', surrogate_seed=0, estimator='tree_int', bg_size=50, bg_seed=1)",lgbm,0,0.9436869112922113,0.9942279854418928,0,0.005390586385141131,0.007092906726854976,0.0,0.05481654016652597,0.0023258453565116956,0.012177205331240214,0.061681056264542296,0.011532767687958327,0.04741627649073055,0.0,4.401500029539802e-05,0.02623222715747183,0.003259736043955554,0.03138873166751354,0.08105805328037817,0.02626972138185486,0.08560251082276243,0.07469075750067705
26,"Cfg(cluster_seed=0, surrogate='lgbm', surrogate_seed=0, estimator='tree_int', bg_size=50, bg_seed=1)",lgbm,0,0.9436869112922113,0.9942279854418928,1,0.0035564742634233396,0.009796919989829896,0.0,0.056496739059795374,0.0015025491963126941,0.011649038654721687,0.04634448172870421,0.013558589545489714,0.04336139372357978,0.0,1.8787956018599976e-05,0.024137847845195903,0.005342313333534363,0.033235772907640335,0.09046956788996004,0.022466589676707848,0.08036492990205808,0.09853668867865059
27,"Cfg(cluster_seed=0, surrogate='lgbm', surrogate_seed=0, estimator='tree_int', bg_size=50, bg_seed=2)",lgbm,0,0.9436869112922113,0.9942279854418928,0,0.004251663682689735,0.011603249982977827,0.0,0.05258977883575184,0.0007221810895411743,0.011782099560267368,0.06690322848699842,0.012924142775459913,0.04726596428082422,0.0,9.22510250411717e-05,0.025408340004283603,0.005358067075086925,0.03422248461971309,0.08018825433489288,0.026972687685006023,0.09143054359352369,0.09800508212549416
27,"Cfg(cluster_seed=0, surrogate='lgbm', surrogate_seed=0, estimator='tree_int', bg_size=50, bg_seed=2)",lgbm,0,0.9436869112922113,0.9942279854418928,1,0.003536910855631093,0.00939162464863963,0.0,0.046958693939358705,0.0012944257427793214,0.009870304109918654,0.06782403037470859,0.011866433767643254,0.03845154841603171,0.0,1.663109829789622e-05,0.024881964252598674,0.005048985276183559,0.0275778921439844,0.06560366472616767,0.023415073869126217,0.08119985263885482,0.07448093417132975
28,"Cfg(cluster_seed=0, surrogate='lgbm', surrogate_seed=1, estimator='tree_path', bg_size=50, bg_seed=0)",lgbm,0,0.9436869112922113,0.9942279854418928,0,0.13739754062304285,0.42018896999118116,0.0,1.83253511543745,0.03858096697965116,0.41135202593497094,2.1990157864046807,0.5762374713784717,1.213049147043927,0.0,0.0015048746940060011,1.0930236599162,0.1625132890972399,1.3194983918408714,2.726627780500016,1.0027940622791895,3.21396305390746,3.0894105479132077
28,"Cfg(cluster_seed=0, surrogate='lgbm', surrogate_seed=1, estimator='tree_path', bg_size=50, bg_seed=0)",lgbm,0,0.9436869112922113,0.9942279854418928,1,0.14701193921919808,0.4766371385506586,0.0,2.1744846833079494,0.053290593359172696,0.4724509337151753,2.553453178394649,0.6258004340617637,1.3629047121553308,0.0,0.003385924680342666,1.0001134213318996,0.21153746862229647,1.2549293108333786,2.7159699996756492,1.0010329130594025,3.2374422151501587,3.486913726567689
29,"Cfg(cluster_seed=0, surrogate='lgbm', surrogate_seed=1, estimator='tree_int', bg_size=50, bg_seed=0)",lgbm,0,0.9436869112922113,0.9942279854418928,0,0.003964425620858498,0.008117539138364991,0.0,0.05414077382132412,0.000993149097615991,0.007685458573125564,0.04838701521311031,0.012771304440195618,0.029305293467490712,0.0,1.5004472161080146e-05,0.023036073995146348,0.00513955843106001,0.0402711737545737,0.062051073502076615,0.03227749142382961,0.0883023255610194,0.08828786663786901
29,"Cfg(cluster_seed=0, surrogate='lgbm', surrogate_seed=1, estimator='tree_int', bg_size=50, bg_seed=0)",lgbm,0,0.9436869112922113,0.9942279854418928,1,0.004477812158489741,0.010724607128911092,0.0,0.06588444537510517,0.001300562020728021,0.010730281517418611,0.06325378418689298,0.01402409620880301,0.04048377893453294,0.0,9.631132487783626e-05,0.03143628710439963,0.005795120772260289,0.03365140131507759,0.07491442034944609,0.02969463643794032,0.07056419037279416,0.10113667021729422
30,"Cfg(cluster_seed=0, surrogate='lgbm', surrogate_seed=1, estimator='tree_int', bg_size=50, bg_seed=1)",lgbm,0,0.9436869112922113,0.9942279854418928,0,0.005390586385141131,0.007092906726854976,0.0,0.05481654016652597,0.0023258453565116956,0.012177205331240214,0.061681056264542296,0.011532767687958327,0.04741627649073055,0.0,4.401500029539802e-05,0.02623222715747183,0.003259736043955554,0.03138873166751354,0.08105805328037817,0.02626972138185486,0.08560251082276243,0.07469075750067705
30,"Cfg(cluster_seed=0, surrogate='lgbm', surrogate_seed=1, estimator='tree_int', bg_size=50, bg_seed=1)",lgbm,0,0.9436869112922113,0.9942279854418928,1,0.0035564742634233396,0.009796919989829896,0.0,0.056496739059795374,0.0015025491963126941,0.011649038654721687,0.04634448172870421,0.013558589545489714,0.04336139372357978,0.0,1.8787956018599976e-05,0.024137847845195903,0.005342313333534363,0.033235772907640335,0.09046956788996004,0.022466589676707848,0.08036492990205808,0.09853668867865059
31,"Cfg(cluster_seed=0, surrogate='lgbm', surrogate_seed=1, estimator='tree_int', bg_size=50, bg_seed=2)",lgbm,0,0.9436869112922113,0.9942279854418928,0,0.004251663682689735,0.011603249982977827,0.0,0.05258977883575184,0.0007221810895411743,0.011782099560267368,0.06690322848699842,0.012924142775459913,0.04726596428082422,0.0,9.22510250411717e-05,0.025408340004283603,0.005358067075086925,0.03422248461971309,0.08018825433489288,0.026972687685006023,0.09143054359352369,0.09800508212549416
31,"Cfg(cluster_seed=0, surrogate='lgbm', surrogate_seed=1, estimator='tree_int', bg_size=50, bg_seed=2)",lgbm,0,0.9436869112922113,0.9942279854418928,1,0.003536910855631093,0.00939162464863963,0.0,0.046958693939358705,0.0012944257427793214,0.009870304109918654,0.06782403037470859,0.011866433767643254,0.03845154841603171,0.0,1.663109829789622e-05,0.024881964252598674,0.005048985276183559,0.0275778921439844,0.06560366472616767,0.023415073869126217,0.08119985263885482,0.07448093417132975
32,"Cfg(cluster_seed=0, surrogate='lgbm', surrogate_seed=2, estimator='tree_path', bg_size=50, bg_seed=0)",lgbm,0,0.9436869112922113,0.9942279854418928,0,0.13739754062304285,0.42018896999118116,0.0,1.83253511543745,0.03858096697965116,0.41135202593497094,2.1990157864046807,0.5762374713784717,1.213049147043927,0.0,0.0015048746940060011,1.0930236599162,0.1625132890972399,1.3194983918408714,2.726627780500016,1.0027940622791895,3.21396305390746,3.0894105479132077
32,"Cfg(cluster_seed=0, surrogate='lgbm', surrogate_seed=2, estimator='tree_path', bg_size=50, bg_seed=0)",lgbm,0,0.9436869112922113,0.9942279854418928,1,0.14701193921919808,0.4766371385506586,0.0,2.1744846833079494,0.053290593359172696,0.4724509337151753,2.553453178394649,0.6258004340617637,1.3629047121553308,0.0,0.003385924680342666,1.0001134213318996,0.21153746862229647,1.2549293108333786,2.7159699996756492,1.0010329130594025,3.2374422151501587,3.486913726567689
33,"Cfg(cluster_seed=0, surrogate='lgbm', surrogate_seed=2, estimator='tree_int', bg_size=50, bg_seed=0)",lgbm,0,0.9436869112922113,0.9942279854418928,0,0.003964425620858498,0.008117539138364991,0.0,0.05414077382132412,0.000993149097615991,0.007685458573125564,0.04838701521311031,0.012771304440195618,0.029305293467490712,0.0,1.5004472161080146e-05,0.023036073995146348,0.00513955843106001,0.0402711737545737,0.062051073502076615,0.03227749142382961,0.0883023255610194,0.08828786663786901
33,"Cfg(cluster_seed=0, surrogate='lgbm', surrogate_seed=2, estimator='tree_int', bg_size=50, bg_seed=0)",lgbm,0,0.9436869112922113,0.9942279854418928,1,0.004477812158489741,0.010724607128911092,0.0,0.06588444537510517,0.001300562020728021,0.010730281517418611,0.06325378418689298,0.01402409620880301,0.04048377893453294,0.0,9.631132487783626e-05,0.03143628710439963,0.005795120772260289,0.03365140131507759,0.07491442034944609,0.02969463643794032,0.07056419037279416,0.10113667021729422
34,"Cfg(cluster_seed=0, surrogate='lgbm', surrogate_seed=2, estimator='tree_int', bg_size=50, bg_seed=1)",lgbm,0,0.9436869112922113,0.9942279854418928,0,0.005390586385141131,0.007092906726854976,0.0,0.05481654016652597,0.0023258453565116956,0.012177205331240214,0.061681056264542296,0.011532767687958327,0.04741627649073055,0.0,4.401500029539802e-05,0.02623222715747183,0.003259736043955554,0.03138873166751354,0.08105805328037817,0.02626972138185486,0.08560251082276243,0.07469075750067705
34,"Cfg(cluster_seed=0, surrogate='lgbm', surrogate_seed=2, estimator='tree_int', bg_size=50, bg_seed=1)",lgbm,0,0.9436869112922113,0.9942279854418928,1,0.0035564742634233396,0.009796919989829896,0.0,0.056496739059795374,0.0015025491963126941,0.011649038654721687,0.04634448172870421,0.013558589545489714,0.04336139372357978,0.0,1.8787956018599976e-05,0.024137847845195903,0.005342313333534363,0.033235772907640335,0.09046956788996004,0.022466589676707848,0.08036492990205808,0.09853668867865059
35,"Cfg(cluster_seed=0, surrogate='lgbm', surrogate_seed=2, estimator='tree_int', bg_size=50, bg_seed=2)",lgbm,0,0.9436869112922113,0.9942279854418928,0,0.004251663682689735,0.011603249982977827,0.0,0.05258977883575184,0.0007221810895411743,0.011782099560267368,0.06690322848699842,0.012924142775459913,0.04726596428082422,0.0,9.22510250411717e-05,0.025408340004283603,0.005358067075086925,0.03422248461971309,0.08018825433489288,0.026972687685006023,0.09143054359352369,0.09800508212549416
35,"Cfg(cluster_seed=0, surrogate='lgbm', surrogate_seed=2, estimator='tree_int', bg_size=50, bg_seed=2)",lgbm,0,0.9436869112922113,0.9942279854418928,1,0.003536910855631093,0.00939162464863963,0.0,0.046958693939358705,0.0012944257427793214,0.009870304109918654,0.06782403037470859,0.011866433767643254,0.03845154841603171,0.0,1.663109829789622e-05,0.024881964252598674,0.005048985276183559,0.0275778921439844,0.06560366472616767,0.023415073869126217,0.08119985263885482,0.07448093417132975
36,"Cfg(cluster_seed=1, surrogate='dt', surrogate_seed=0, estimator='tree_path', bg_size=50, bg_seed=0)",dt,1,0.8464535796330367,0.8714646691672553,0,0.0,0.0,0.0,0.1924558611594612,0.0,0.0,0.03848749585989573,0.0,0.0,0.0,0.0,0.0,0.0063920374130533595,0.08056735079817195,0.051969823548917944,0.04751511502094246,0.12040031745780592,0.10405490392823177
36,"Cfg(cluster_seed=1, surrogate='dt', surrogate_seed=0, estimator='tree_path', bg_size=50, bg_seed=0)",dt,1,0.8464535796330367,0.8714646691672553,1,0.0,0.0,0.0,0.23039084716266447,0.0,0.0,0.0351098316932056,0.0,0.0,0.0,0.0,0.0,0.00795393670329587,0.06285014396940071,0.06641149596351567,0.02193577333185274,0.06785673897073928,0.1187922148985598
37,"Cfg(cluster_seed=1, surrogate='dt', surrogate_seed=0, estimator='tree_int', bg_size=50, bg_seed=0)",dt,1,0.8464535796330367,0.8714646691672553,0,0.0,0.0,0.0,0.11528594856900067,0.0,0.0,0.04106291756556345,0.0,0.0,0.0,0.0,0.0,0.00711382138020384,0.10546213252015599,0.07372540934851796,0.04820521931905745,0.09654918241246427,0.09686788205148215
37,"Cfg(cluster_seed=1, surrogate='dt', surrogate_seed=0, estimator='tree_int', bg_size=50, bg_seed=0)",dt,1,0.8464535796330367,0.8714646691672553,1,0.0,0.0,0.0,0.14317878589728109,0.0,0.0,0.04857452578985539,0.0,0.0,0.0,0.0,0.0,0.008314911277326814,0.062701909985036,0.07411331575782329,0.05300341911021974,0.0783249412824029,0.08480119597513773
38,"Cfg(cluster_seed=1, surrogate='dt', surrogate_seed=0, estimator='tree_int', bg_size=50, bg_seed=1)",dt,1,0.8464535796330367,0.8714646691672553,0,0.0,0.0,0.0,0.1552931993881739,0.0,0.0,0.043588893452727505,0.0,0.0,0.0,0.0,0.0,0.009002663609458216,0.0855999879109697,0.0854049931228071,0.04184466683196488,0.09073012727551273,0.0879909324514246
38,"Cfg(cluster_seed=1, surrogate='dt', surrogate_seed=0, estimator='tree_int', bg_size=50, bg_seed=1)",dt,1,0.8464535796330367,0.8714646691672553,1,0.0,0.0,0.0,0.15473612915326482,0.0,0.0,0.030121181287994035,0.0,0.0,0.0,0.0,0.0,0.006983467406606035,0.06978134598960616,0.0833836268537665,0.027910082602337797,0.08520125957221207,0.08139551275345962
39,"Cfg(cluster_seed=1, surrogate='dt', surrogate_seed=0, estimator='tree_int', bg_size=50, bg_seed=2)",dt,1,0.8464535796330367,0.8714646691672553,0,0.0,0.0,0.0,0.12758771973593916,0.0,0.0,0.041634056395056074,0.0,0.0,0.0,0.0,0.0,0.013187552954002158,0.10420036993216603,0.08627894130234452,0.04150965873810765,0.09025396314052103,0.11755950114530772
39,"Cfg(cluster_seed=1, surrogate='dt', surrogate_seed=0, estimator='tree_int', bg_size=50, bg_seed=2)",dt,1,0.8464535796330367,0.8714646691672553,1,0.0,0.0,0.0,0.154064275873034,0.0,0.0,0.04061092574057517,0.0,0.0,0.0,0.0,0.0,0.01018422323873599,0.06276745157168341,0.06484829095557133,0.031879966432101205,0.0799954153291167,0.07372870564185183
40,"Cfg(cluster_seed=1, surrogate='dt', surrogate_seed=1, estimator='tree_path', bg_size=50, bg_seed=0)",dt,1,0.8478803656536424,0.8714646691672553,0,0.0,0.0,0.0,0.19299776193435922,0.0,0.0,0.03848749585989573,0.0,0.0,0.0,0.0,0.0,0.0063920374130533595,0.07723879615868907,0.053555831039410806,0.04751511502094246,0.12040031745780592,0.10445166372352616
40,"Cfg(cluster_seed=1, surrogate='dt', surrogate_seed=1, estimator='tree_path', bg_size=50, bg_seed=0)",dt,1,0.8478803656536424,0.8714646691672553,1,0.0,0.0,0.0,0.2324096492140082,0.0,0.0,0.0351098316932056,0.0,0.0,0.0,0.0,0.0,0.00795393670329587,0.058587057258735205,0.06420549331875879,0.02193577333185274,0.06785673897073928,0.12303105803191297
41,"Cfg(cluster_seed=1, surrogate='dt', surrogate_seed=1, estimator='tree_int', bg_size=50, bg_seed=0)",dt,1,0.8478803656536424,0.8714646691672553,0,0.0,0.0,0.0,0.1135390643879954,0.0,0.0,0.04106291756556345,0.0,0.0,0.0,0.0,0.0,0.00711382138020384,0.0979877742279956,0.08621170790025559,0.04820521931905745,0.09654918241246427,0.0950081254223865
41,"Cfg(cluster_seed=1, surrogate='dt', surrogate_seed=1, estimator='tree_int', bg_size=50, bg_seed=0)",dt,1,0.8478803656536424,0.8714646691672553,1,0.0,0.0,0.0,0.14229931434458248,0.0,0.0,0.04857452578985539,0.0,0.0,0.0,0.0,0.0,0.008314911277326814,0.057419802702861227,0.08135075880566679,0.05300341911021974,0.0783249412824029,0.08545629705151875
42,"Cfg(cluster_seed=1, surrogate='dt', surrogate_seed=1, estimator='tree_int', bg_size=50, bg_seed=1)",dt,1,0.8478803656536424,0.8714646691672553,0,0.0,0.0,0.0,0.1458320702957669,0.0,0.0,0.043588893452727505,0.0,0.0,0.0,0.0,0.0,0.009002663609458216,0.07353208610674426,0.10839397412190993,0.04184466683196488,0.09073012727551273,0.08316877778210649
42,"Cfg(cluster_seed=1, surrogate='dt', surrogate_seed=1, estimator='tree_int', bg_size=50, bg_seed=1)",dt,1,0.8478803656536424,0.8714646691672553,1,0.0,0.0,0.0,0.15461740798390888,0.0,0.0,0.030121181287994035,0.0,0.0,0.0,0.0,0.0,0.006983467406606035,0.05869785338354442,0.09150234845199005,0.027910082602337797,0.08520125957221207,0.08328558422880208
43,"Cfg(cluster_seed=1, surrogate='dt', surrogate_seed=1, estimator='tree_int', bg_size=50, bg_seed=2)",dt,1,0.8478803656536424,0.8714646691672553,0,0.0,0.0,0.0,0.12307220401106107,0.0,0.0,0.041634056395056074,0.0,0.0,0.0,0.0,0.0,0.013187552954002158,0.09631676165091702,0.10467033505468148,0.04150965873810765,0.09025396314052103,0.11229019225097982
43,"Cfg(cluster_seed=1, surrogate='dt', surrogate_seed=1, estimator='tree_int', bg_size=50, bg_seed=2)",dt,1,0.8478803656536424,0.8714646691672553,1,0.0,0.0,0.0,0.15261215093772698,0.0,0.0,0.04061092574057517,0.0,0.0,0.0,0.0,0.0,0.01018422323873599,0.058093123200413356,0.07441596869307834,0.031879966432101205,0.0799954153291167,0.07347575359893584
44,"Cfg(cluster_seed=1, surrogate='dt', surrogate_seed=2, estimator='tree_path', bg_size=50, bg_seed=0)",dt,1,0.8522957364357644,0.8714646691672553,0,0.0,0.0,0.0,0.19269871115720702,0.0,0.0,0.03848749585989573,0.0,0.0037601406144441717,0.0,0.0,0.0,0.0063920374130533595,0.07723879615868907,0.051663078475908585,0.04751511502094246,0.12040031745780592,0.10452728350218367
44,"Cfg(cluster_seed=1, surrogate='dt', surrogate_seed=2, estimator='tree_path', bg_size=50, bg_seed=0)",dt,1,0.8522957364357644,0.8714646691672553,1,0.0,0.0,0.0,0.22857619713147764,0.0,0.0,0.0351098316932056,0.0,0.004378706670911458,0.0,0.0,0.0,0.00795393670329587,0.058587057258735205,0.06797566501308089,0.02193577333185274,0.06785673897073928,0.11657716235311151
45,"Cfg(cluster_seed=1, surrogate='dt', surrogate_seed=2, estimator='tree_int', bg_size=50, bg_seed=0)",dt,1,0.8522957364357644,0.8714646691672553,0,0.0,0.0,0.0,0.11472121163884684,0.0,0.0,0.04106291756556345,0.0,0.0073831302886147206,0.0,0.0,0.0,0.00711382138020384,0.0979877742279956,0.07343808905357802,0.04820521931905745,0.09654918241246427,0.09705589020125019
45,"Cfg(cluster_seed=1, surrogate='dt', surrogate_seed=2, estimator='tree_int', bg_size=50, bg_seed=0)",dt,1,0.8522957364357644,0.8714646691672553,1,0.0,0.0,0.0,0.14199613717810744,0.0,0.0,0.04857452578985539,0.0,0.007488584668668985,0.0,0.0,0.0,0.008314911277326814,0.057419802702861227,0.07421833859077868,0.05300341911021974,0.0783249412824029,0.0832623830544826
46,"Cfg(cluster_seed=1, surrogate='dt', surrogate_seed=2, estimator='tree_int', bg_size=50, bg_seed=1)",dt,1,0.8522957364357644,0.8714646691672553,0,0.0,0.0,0.0,0.1534924652009477,0.0,0.0,0.043588893452727505,0.0,0.016839431169465482,0.0,0.0,0.0,0.009002663609458216,0.07353208610674426,0.08874728052502091,0.04184466683196488,0.09073012727551273,0.08179682700962905
46,"Cfg(cluster_seed=1, surrogate='dt', surrogate_seed=2, estimator='tree_int', bg_size=50, bg_seed=1)",dt,1,0.8522957364357644,0.8714646691672553,1,0.0,0.0,0.0,0.1534804211356869,0.0,0.0,0.030121181287994035,0.0,0.01420547975946773,0.0,0.0,0.0,0.006983467406606035,0.05869785338354442,0.0797534898062274,0.027910082602337797,0.08520125957221207,0.07961012447196726
47,"Cfg(cluster_seed=1, surrogate='dt', surrogate_seed=2, estimator='tree_int', bg_size=50, bg_seed=2)",dt,1,0.8522957364357644,0.8714646691672553,0,0.0,0.0,0.0,0.1258882489818624,0.0,0.0,0.041634056395056074,0.0,0.010269309238235371,0.0,0.0,0.0,0.013187552954002158,0.09631676165091702,0.08923581434816974,0.04150965873810765,0.09025396314052103,0.11150259078457572
47,"Cfg(cluster_seed=1, surrogate='dt', surrogate_seed=2, estimator='tree_int', bg_size=50, bg_seed=2)",dt,1,0.8522957364357644,0.8714646691672553,1,0.0,0.0,0.0,0.15346622191471582,0.0,0.0,0.04061092574057517,0.0,0.0074566211986215195,0.0,0.0,0.0,0.01018422323873599,0.058093123200413356,0.0612364187354912,0.031879966432101205,0.0799954153291167,0.07237796547896656
48,"Cfg(cluster_seed=1, surrogate='rf', surrogate_seed=0, estimator='tree_path', bg_size=50, bg_seed=0)",rf,1,0.9478237540480459,0.8714646691672553,0,0.003322210564274418,0.009154927015987472,0.0001172011061881204,0.09240986811537202,0.0018202118813757594,0.008139479165542795,0.052928965412583566,0.007919404449326206,0.04716290729555721,7.588755483597954e-05,0.0029451230844558026,0.038081457229168,0.00979642997802406,0.0513951708064099,0.06288796317660668,0.05926970164024115,0.08921420195773029,0.08313578155669867
48,"Cfg(cluster_seed=1, surrogate='rf', surrogate_seed=0, estimator='tree_path', bg_size=50, bg_seed=0)",rf,1,0.9478237540480459,0.8714646691672553,1,0.003734425988029837,0.010982497465657208,0.0001106916355569766,0.09722478171576421,0.0024480393099494935,0.010090806916157366,0.056313560304207,0.008901042185983293,0.05707639528904811,7.406702689354594e-05,0.003498663857875844,0.03335564066500879,0.010164966640548027,0.04605512826269702,0.06118784058167817,0.04759068301179441,0.07481860930119716,0.08011338639371814
49,"Cfg(cluster_seed=1, surrogate='rf', surrogate_seed=0, estimator='tree_int', bg_size=50, bg_seed=0)",rf,1,0.9478237540480459,0.8714646691672553,0,0.004218394452565235,0.010165417179334441,0.0,0.06946179740086775,0.0018573408515896123,0.005765686491104973,0.03661420756927771,0.009089712828613788,0.04695380341480534,0.0001230981459141221,0.002815360988796947,0.03202994177021866,0.007124034015324965,0.044110788838271825,0.05437036174791868,0.049546189079193365,0.08186665590408018,0.07526750476008753
49,"Cfg(cluster_seed=1, surrogate='rf', surrogate_seed=0, estimator='tree_int', bg_size=50, bg_seed=0)",rf,1,0.9478237540480459,0.8714646691672553,1,0.004083769810572157,0.010428510028382612,5.938675195169683e-05,0.0779645959215003,0.0022361597167760553,0.009452789592544768,0.05201264131576924,0.007795305592897575,0.055491169727278626,7.137943187691452e-05,0.0036550165153517336,0.0329599893194416,0.008139763089768963,0.03825762746121655,0.06483165626189968,0.047642390950775125,0.061147806421827995,0.07590330577910008
50,"Cfg(cluster_seed=1, surrogate='rf', surrogate_seed=0, estimator='tree_int', bg_size=50, bg_seed=1)",rf,1,0.9478237540480459,0.8714646691672553,0,0.0044667112501160615,0.005983775283338212,0.0,0.081942124169283,0.003549268070859699,0.008436223356328756,0.04773859788441315,0.006795862181572001,0.06062061150848148,1.586478950474241e-05,0.002403427454398587,0.0335162900886726,0.007147293719587521,0.04033310830257746,0.06754173879697153,0.051106540602708854,0.07825875357034462,0.06298233263167159
50,"Cfg(cluster_seed=1, surrogate='rf', surrogate_seed=0, estimator='tree_int', bg_size=50, bg_seed=1)",rf,1,0.9478237540480459,0.8714646691672553,1,0.003930661598053617,0.009185294954991258,5.437725702398744e-05,0.0761810440668766,0.002741723327605877,0.009387809401301813,0.04274816866806332,0.007513064979586615,0.055752373478628575,4.702326701635061e-05,0.0029559833074248145,0.025694991307903123,0.007606533618460592,0.03779821287070204,0.06640438802683252,0.036625614985213245,0.06930364711058155,0.0814687615526256
51,"Cfg(cluster_seed=1, surrogate='rf', surrogate_seed=0, estimator='tree_int', bg_size=50, bg_seed=2)",rf,1,0.9478237540480459,0.8714646691672553,0,0.003787343504676138,0.011762032326017262,0.0,0.07594125579502332,0.0012628870212582058,0.00988302271563928,0.05060966382350124,0.007276544798259537,0.05803950307366865,9.0002665602009e-05,0.0042279660809005516,0.03379900310760814,0.008836801042828973,0.04529487738285329,0.06950929019320362,0.05413475276387973,0.08569827548332602,0.08541058073314356
51,"Cfg(cluster_seed=1, surrogate='rf', surrogate_seed=0, estimator='tree_int', bg_size=50, bg_seed=2)",rf,1,0.9478237540480459,0.8714646691672553,1,0.0034777507304829865,0.009632648727314265,5.4951004903844864e-05,0.06956876797615652,0.001962776008927704,0.009314269342761207,0.04430688819263534,0.00741501191229603,0.05355582525051772,6.415329580355719e-05,0.0033607302108948083,0.03112087285826483,0.007506688118591791,0.03435161296428179,0.05206258053375909,0.03715108202262633,0.06408291451733716,0.060565673586018956
52,"Cfg(cluster_seed=1, surrogate='rf', surrogate_seed=1, estimator='tree_path', bg_size=50, bg_seed=0)",rf,1,0.9406118774456479,0.8714646691672553,0,0.003857992065910336,0.007775095124868705,0.00012041426577302584,0.08453019053965331,0.0020073150158668694,0.009451420268425778,0.05074978867033229,0.008255638121157698,0.0487686143464343,1.5459817727557527e-05,0.003477489191462506,0.03996720867964383,0.011888425338503783,0.04992528627885631,0.06726742360620899,0.06053453054358712,0.08996792896706728,0.08136361838387267
52,"Cfg(cluster_seed=1, surrogate='rf', surrogate_seed=1, estimator='tree_path', bg_size=50, bg_seed=0)",rf,1,0.9406118774456479,0.8714646691672553,1,0.0042069495641148535,0.009896380477149426,0.00012587088227262823,0.09147173990379731,0.0025652594383834657,0.011557987023434321,0.05605736129174984,0.009439153892225247,0.055265268370255964,1.954426456644913e-05,0.0039447186250191855,0.03627218827957995,0.01272767942211058,0.04302911317096904,0.0657970234808332,0.048468772067147156,0.0772050133096563,0.07792629268414406
53,"Cfg(cluster_seed=1, surrogate='rf', surrogate_seed=1, estimator='tree_int', bg_size=50, bg_seed=0)",rf,1,0.9406118774456479,0.8714646691672553,0,0.00483837697193028,0.008943439750250708,0.0,0.06459570685919297,0.0016724844753430368,0.006553305854294038,0.03740042766823079,0.008468621916877112,0.046501526388053535,2.919860719130818e-05,0.0033285425856051268,0.032164937040174583,0.008076155928254383,0.044522906126335596,0.056713897539940696,0.05313063108418052,0.0849128293864733,0.07195989490033888
53,"Cfg(cluster_seed=1, surrogate='rf', surrogate_seed=1, estimator='tree_int', bg_size=50, bg_seed=0)",rf,1,0.9406118774456479,0.8714646691672553,1,0.004644574815503615,0.009646755212166822,7.84599569772469e-05,0.07378003165513343,0.0023609245033985645,0.010947561324192733,0.05232854103068526,0.007028947234040391,0.05289100516051997,3.405175122694734e-05,0.004008063841657294,0.032062141042694614,0.008964039846338081,0.03816423695218937,0.06760518544103507,0.05054422573504832,0.06364877685415149,0.071958059398248
54,"Cfg(cluster_seed=1, surrogate='rf', surrogate_seed=1, estimator='tree_int', bg_size=50, bg_seed=1)",rf,1,0.9406118774456479,0.8714646691672553,0,0.0050773206998946645,0.0052371873473297265,0.0,0.07629828154215684,0.0034468279368505563,0.009486857939460924,0.04856317798607669,0.0062332103915724735,0.05975398758117662,6.775067985716571e-07,0.00312211199220916,0.03356670887716108,0.007148621726104797,0.04012417202808974,0.07023132612581678,0.055046634018197406,0.08141234106295171,0.06084118896797825
54,"Cfg(cluster_seed=1, surrogate='rf', surrogate_seed=1, estimator='tree_int', bg_size=50, bg_seed=1)",rf,1,0.9406118774456479,0.8714646691672553,1,0.004116746929001182,0.008670193519015686,7.127962771946467e-05,0.07118470885466824,0.0030675461075731843,0.010548193864559746,0.04226886201529946,0.0068386263978585686,0.05400206191300178,1.2896282126037054e-05,0.003384291943047861,0.02462772143063593,0.008183687637443024,0.03731361232667214,0.07019389474309386,0.0396001441625643,0.07235250854036682,0.07641780595943891
55,"Cfg(cluster_seed=1, surrogate='rf', surrogate_seed=1, estimator='tree_int', bg_size=50, bg_seed=2)",rf,1,0.9406118774456479,0.8714646691672553,0,0.004292002767933087,0.010543833120434422,0.0,0.07156584620580198,0.0012942889037283114,0.011730559847487323,0.050132223210407174,0.006810840577174315,0.05671155610865039,6.595044825832991e-06,0.005015136181581592,0.03448743980430959,0.009838910086357785,0.04485747629849814,0.07268406146430312,0.057559102150517946,0.08950489306993292,0.08163610046770634
55,"Cfg(cluster_seed=1, surrogate='rf', surrogate_seed=1, estimator='tree_int', bg_size=50, bg_seed=2)",rf,1,0.9406118774456479,0.8714646691672553,1,0.0038279647815599753,0.0086918645677137,6.789867526319153e-05,0.0654147135968504,0.0021463058020388627,0.010834515609337377,0.04398792443348667,0.006945038311020209,0.05128792143143858,1.1419439293130792e-05,0.003855757217662693,0.030748201904059816,0.008389526306460116,0.03402023953194581,0.05441235574398614,0.039955595621551494,0.06774986671827385,0.05747820732141381
56,"Cfg(cluster_seed=1, surrogate='rf', surrogate_seed=2, estimator='tree_path', bg_size=50, bg_seed=0)",rf,1,0.9449013792692614,0.8714646691672553,0,0.0035730374672481194,0.00919820196901921,8.514527696998513e-05,0.09336099891961985,0.002364771300447962,0.008605380830252614,0.0549795481005313,0.008592814459152462,0.0458950137639756,3.869171070491586e-05,0.003999973805143033,0.03869435687851434,0.011008940038682141,0.048192317659855974,0.0661265667243777,0.055423083291786364,0.0892220861348775,0.07825408335137785
56,"Cfg(cluster_seed=1, surrogate='rf', surrogate_seed=2, estimator='tree_path', bg_size=50, bg_seed=0)",rf,1,0.9449013792692614,0.8714646691672553,1,0.003928151878966143,0.011422395845480085,7.580667518657855e-05,0.0974622295296733,0.0030955425400817755,0.010982427228572464,0.05856737772860677,0.010094552224661263,0.055106857560721284,3.207776309653558e-05,0.004785099634057072,0.03470774835101778,0.011344488459846239,0.043611686688948395,0.06553815247629607,0.04595526801292536,0.0775446913164665,0.0742994966233591
57,"Cfg(cluster_seed=1, surrogate='rf', surrogate_seed=2, estimator='tree_int', bg_size=50, bg_seed=0)",rf,1,0.9449013792692614,0.8714646691672553,0,0.005128535114673008,0.011258199177838876,0.0,0.07063367569572954,0.00207389904270241,0.005950423205567201,0.039794094431134075,0.009328824350483942,0.04514935700322702,1.954195764577577e-05,0.003664716285539318,0.031341995160408365,0.0084416219369927,0.04318829348306014,0.05400425881884727,0.0491791210217891,0.08376472273963254,0.0693426057762924
57,"Cfg(cluster_seed=1, surrogate='rf', surrogate_seed=2, estimator='tree_int', bg_size=50, bg_seed=0)",rf,1,0.9449013792692614,0.8714646691672553,1,0.004614654188602528,0.011564364419426897,4.866536296032965e-05,0.07908233087019506,0.00265989314989082,0.009891621616019558,0.05687280845837906,0.008062983629331293,0.05256458509528364,2.6795028483220773e-05,0.004575115929853469,0.032465587606439035,0.009393588027941265,0.03781176868524112,0.06411773787299212,0.045690007859633015,0.06258463235569171,0.07065851703940805
58,"Cfg(cluster_seed=1, surrogate='rf', surrogate_seed=2, estimator='tree_int', bg_size=50, bg_seed=1)",rf,1,0.9449013792692614,0.8714646691672553,0,0.004801324972405856,0.006352297452081294,0.0,0.08366246358233721,0.003945589943499746,0.008512761203642158,0.051825685205766844,0.0072105618545227615,0.05763208464357999,3.4906117392582506e-06,0.003459797754698083,0.03194788774738014,0.008052868386047369,0.038902939728427545,0.06576322376981611,0.04976133393735554,0.07982118485209765,0.058766611211728756
58,"Cfg(cluster_seed=1, surrogate='rf', surrogate_seed=2, estimator='tree_int', bg_size=50, bg_seed=1)",rf,1,0.9449013792692614,0.8714646691672553,1,0.004311787050849801,0.01022442708139329,4.2345655546204683e-05,0.07761156576008985,0.003187819161711844,0.009602492206098977,0.04720518898157333,0.007925678497650539,0.05231198723532872,1.094991684997333e-05,0.004024483818921245,0.02491702574330764,0.008699988407533247,0.03734082516174291,0.0663421493853925,0.036360502886908994,0.07228820790940428,0.07618233048151028
59,"Cfg(cluster_seed=1, surrogate='rf', surrogate_seed=2, estimator='tree_int', bg_size=50, bg_seed=2)",rf,1,0.9449013792692614,0.8714646691672553,0,0.004266109995693273,0.012423116564172285,0.0,0.07797928124352652,0.001582456812658145,0.01022238044781622,0.05445887665003435,0.007652508513388996,0.05525190255498241,1.93937934158185e-05,0.0056761546967386564,0.03303646834164182,0.009693731147602296,0.043860755698371584,0.06809990590481,0.053525597717217856,0.08827682477416238,0.07977482480366044
59,"Cfg(cluster_seed=1, surrogate='rf', surrogate_seed=2, estimator='tree_int', bg_size=50, bg_seed=2)",rf,1,0.9449013792692614,0.8714646691672553,1,0.0037716493589219453,0.010159799479613273,4.203667543084546e-05,0.07014616127795582,0.002398624606891308,0.009548295057012974,0.04839389294157603,0.007775012611305843,0.04939465259663324,2.3068783502772193e-05,0.004554127591515595,0.030018711045236842,0.008716037018816162,0.0338036221377149,0.05121600732296594,0.03597795260045982,0.06688067436103681,0.057370648814688625
60,"Cfg(cluster_seed=1, surrogate='lgbm', surrogate_seed=0, estimator='tree_path', bg_size=50, bg_seed=0)",lgbm,1,0.9362724257108525,0.8714646691672553,0,0.08601285854819121,0.5340639278567585,0.0,2.2181856865823533,0.008667467613565865,0.365015075409052,1.9122551408844575,0.36457173645774243,1.4564647730144447,0.0,0.07872624254939248,1.1351424207912306,0.09250212357893535,1.4410094301922034,2.663341853608888,2.452589963823014,2.954262642294452,2.5123453276436156
60,"Cfg(cluster_seed=1, surrogate='lgbm', surrogate_seed=0, estimator='tree_path', bg_size=50, bg_seed=0)",lgbm,1,0.9362724257108525,0.8714646691672553,1,0.09556210353944232,0.5854671085611467,0.0,2.1443928668323715,0.013298448388632143,0.3885188953847636,1.9140895428181959,0.3463715547864894,1.6310012202835682,0.0,0.07242556516598866,1.0253335434205169,0.08712205156224778,1.380385228505643,2.6059949518102066,2.2683122548607173,2.5255044117209993,2.4759114206024697
61,"Cfg(cluster_seed=1, surrogate='lgbm', surrogate_seed=0, estimator='tree_int', bg_size=50, bg_seed=0)",lgbm,1,0.9362724257108525,0.8714646691672553,0,0.0026372998207495023,0.011867617536041854,0.0,0.05156680048702024,0.00022451934976724992,0.006574645460186677,0.040444668489662994,0.007843999158624578,0.03910445779443082,0.0,0.0016281422531644082,0.027647913500615552,0.002937684765997338,0.04580474443079123,0.06938797394749524,0.05958504307510774,0.0832642237239946,0.0727652797343567
61,"Cfg(cluster_seed=1, surrogate='lgbm', surrogate_seed=0, estimator='tree_int', bg_size=50, bg_seed=0)",lgbm,1,0.9362724257108525,0.8714646691672553,1,0.0029298284774305684,0.014306278550838146,0.0,0.060269637966932646,0.0003385403687873419,0.008964332705010665,0.050928881548903966,0.007604972827537946,0.04474424475161097,0.0,0.0018016949355336102,0.031146807796227905,0.00276931248404414,0.037313337937868514,0.08218844789467665,0.059536685329946215,0.056243695840338476,0.07292245766095105
62,"Cfg(cluster_seed=1, surrogate='lgbm', surrogate_seed=0, estimator='tree_int', bg_size=50, bg_seed=1)",lgbm,1,0.9362724257108525,0.8714646691672553,0,0.002621938733341653,0.00936503360342998,0.0,0.060751113638646964,0.0005470596632372424,0.009696516682875567,0.0517275239992869,0.007421510539064783,0.053666334403239396,0.0,0.0017178717754283979,0.026599337658566598,0.0021164989255396246,0.0346725447929325,0.09806656611305735,0.058289978756667894,0.07797491324826886,0.05513416894524943
62,"Cfg(cluster_seed=1, surrogate='lgbm', surrogate_seed=0, estimator='tree_int', bg_size=50, bg_seed=1)",lgbm,1,0.9362724257108525,0.8714646691672553,1,0.0024602438283470073,0.011591085102784523,0.0,0.05435187932988994,0.0003646648651861302,0.009279419731509649,0.039444883110440754,0.007552320214089149,0.050608157519118666,0.0,0.002055136162948163,0.022564866698228832,0.0026282800574759743,0.03149866344896201,0.09339816951494279,0.04227914952132581,0.07200636690491295,0.07401901497334169
63,"Cfg(cluster_seed=1, surrogate='lgbm', surrogate_seed=0, estimator='tree_int', bg_size=50, bg_seed=2)",lgbm,1,0.9362724257108525,0.8714646691672553,0,0.0027382128747261234,0.016423939690217076,0.0,0.058857005636151455,0.00028751953275034175,0.011796155897140405,0.05991525582286041,0.008019020055426044,0.05655002461387478,0.0,0.0031748766240811215,0.03168350991225021,0.003511846640898128,0.047898452439546456,0.10024624884060769,0.06358239844602899,0.0875869730437073,0.08142416894356207
63,"Cfg(cluster_seed=1, surrogate='lgbm', surrogate_seed=0, estimator='tree_int', bg_size=50, bg_seed=2)",lgbm,1,0.9362724257108525,0.8714646691672553,1,0.0019049258547636915,0.010794960271233216,0.0,0.044144816004376405,0.0002696546796127272,0.00781152161465712,0.042794636140323604,0.005668999748311711,0.04282800810745407,0.0,0.0014199070850726583,0.023647322334254137,0.002489212370979713,0.027909297269671722,0.061572645183448585,0.04037668540639338,0.06331281091857835,0.045281122534311796
64,"Cfg(cluster_seed=1, surrogate='lgbm', surrogate_seed=1, estimator='tree_path', bg_size=50, bg_seed=0)",lgbm,1,0.9362724257108525,0.8714646691672553,0,0.08601285854819121,0.5340639278567585,0.0,2.2181856865823533,0.008667467613565865,0.365015075409052,1.9122551408844575,0.36457173645774243,1.4564647730144447,0.0,0.07872624254939248,1.1351424207912306,0.09250212357893535,1.4410094301922034,2.663341853608888,2.452589963823014,2.954262642294452,2.5123453276436156
64,"Cfg(cluster_seed=1, surrogate='lgbm', surrogate_seed=1, estimator='tree_path', bg_size=50, bg_seed=0)",lgbm,1,0.9362724257108525,0.8714646691672553,1,0.09556210353944232,0.5854671085611467,0.0,2.1443928668323715,0.013298448388632143,0.3885188953847636,1.9140895428181959,0.3463715547864894,1.6310012202835682,0.0,0.07242556516598866,1.0253335434205169,0.08712205156224778,1.380385228505643,2.6059949518102066,2.2683122548607173,2.5255044117209993,2.4759114206024697
65,"Cfg(cluster_seed=1, surrogate='lgbm', surrogate_seed=1, estimator='tree_int', bg_size=50, bg_seed=0)",lgbm,1,0.9362724257108525,0.8714646691672553,0,0.0026372998207495023,0.011867617536041854,0.0,0.05156680048702024,0.00022451934976724992,0.006574645460186677,0.040444668489662994,0.007843999158624578,0.03910445779443082,0.0,0.0016281422531644082,0.027647913500615552,0.002937684765997338,0.04580474443079123,0.06938797394749524,0.05958504307510774,0.0832642237239946,0.0727652797343567
65,"Cfg(cluster_seed=1, surrogate='lgbm', surrogate_seed=1, estimator='tree_int', bg_size=50, bg_seed=0)",lgbm,1,0.9362724257108525,0.8714646691672553,1,0.0029298284774305684,0.014306278550838146,0.0,0.060269637966932646,0.0003385403687873419,0.008964332705010665,0.050928881548903966,0.007604972827537946,0.04474424475161097,0.0,0.0018016949355336102,0.031146807796227905,0.00276931248404414,0.037313337937868514,0.08218844789467665,0.059536685329946215,0.056243695840338476,0.07292245766095105
66,"Cfg(cluster_seed=1, surrogate='lgbm', surrogate_seed=1, estimator='tree_int', bg_size=50, bg_seed=1)",lgbm,1,0.9362724257108525,0.8714646691672553,0,0.002621938733341653,0.00936503360342998,0.0,0.060751113638646964,0.0005470596632372424,0.009696516682875567,0.0517275239992869,0.007421510539064783,0.053666334403239396,0.0,0.0017178717754283979,0.026599337658566598,0.0021164989255396246,0.0346725447929325,0.09806656611305735,0.058289978756667894,0.07797491324826886,0.05513416894524943
66,"Cfg(cluster_seed=1, surrogate='lgbm', surrogate_seed=1, estimator='tree_int', bg_size=50, bg_seed=1)",lgbm,1,0.9362724257108525,0.8714646691672553,1,0.0024602438283470073,0.011591085102784523,0.0,0.05435187932988994,0.0003646648651861302,0.009279419731509649,0.039444883110440754,0.007552320214089149,0.050608157519118666,0.0,0.002055136162948163,0.022564866698228832,0.0026282800574759743,0.03149866344896201,0.09339816951494279,0.04227914952132581,0.07200636690491295,0.07401901497334169
67,"Cfg(cluster_seed=1, surrogate='lgbm', surrogate_seed=1, estimator='tree_int', bg_size=50, bg_seed=2)",lgbm,1,0.9362724257108525,0.8714646691672553,0,0.0027382128747261234,0.016423939690217076,0.0,0.058857005636151455,0.00028751953275034175,0.011796155897140405,0.05991525582286041,0.008019020055426044,0.05655002461387478,0.0,0.0031748766240811215,0.03168350991225021,0.003511846640898128,0.047898452439546456,0.10024624884060769,0.06358239844602899,0.0875869730437073,0.08142416894356207
67,"Cfg(cluster_seed=1, surrogate='lgbm', surrogate_seed=1, estimator='tree_int', bg_size=50, bg_seed=2)",lgbm,1,0.9362724257108525,0.8714646691672553,1,0.0019049258547636915,0.010794960271233216,0.0,0.044144816004376405,0.0002696546796127272,0.00781152161465712,0.042794636140323604,0.005668999748311711,0.04282800810745407,0.0,0.0014199070850726583,0.023647322334254137,0.002489212370979713,0.027909297269671722,0.061572645183448585,0.04037668540639338,0.06331281091857835,0.045281122534311796
68,"Cfg(cluster_seed=1, surrogate='lgbm', surrogate_seed=2, estimator='tree_path', bg_size=50, bg_seed=0)",lgbm,1,0.9362724257108525,0.8714646691672553,0,0.08601285854819121,0.5340639278567585,0.0,2.2181856865823533,0.008667467613565865,0.365015075409052,1.9122551408844575,0.36457173645774243,1.4564647730144447,0.0,0.07872624254939248,1.1351424207912306,0.09250212357893535,1.4410094301922034,2.663341853608888,2.452589963823014,2.954262642294452,2.5123453276436156
68,"Cfg(cluster_seed=1, surrogate='lgbm', surrogate_seed=2, estimator='tree_path', bg_size=50, bg_seed=0)",lgbm,1,0.9362724257108525,0.8714646691672553,1,0.09556210353944232,0.5854671085611467,0.0,2.1443928668323715,0.013298448388632143,0.3885188953847636,1.9140895428181959,0.3463715547864894,1.6310012202835682,0.0,0.07242556516598866,1.0253335434205169,0.08712205156224778,1.380385228505643,2.6059949518102066,2.2683122548607173,2.5255044117209993,2.4759114206024697
69,"Cfg(cluster_seed=1, surrogate='lgbm', surrogate_seed=2, estimator='tree_int', bg_size=50, bg_seed=0)",lgbm,1,0.9362724257108525,0.8714646691672553,0,0.0026372998207495023,0.011867617536041854,0.0,0.05156680048702024,0.00022451934976724992,0.006574645460186677,0.040444668489662994,0.007843999158624578,0.03910445779443082,0.0,0.0016281422531644082,0.027647913500615552,0.002937684765997338,0.04580474443079123,0.06938797394749524,0.05958504307510774,0.0832642237239946,0.0727652797343567
69,"Cfg(cluster_seed=1, surrogate='lgbm', surrogate_seed=2, estimator='tree_int', bg_size=50, bg_seed=0)",lgbm,1,0.9362724257108525,0.8714646691672553,1,0.0029298284774305684,0.014306278550838146,0.0,0.060269637966932646,0.0003385403687873419,0.008964332705010665,0.050928881548903966,0.007604972827537946,0.04474424475161097,0.0,0.0018016949355336102,0.031146807796227905,0.00276931248404414,0.037313337937868514,0.08218844789467665,0.059536685329946215,0.056243695840338476,0.07292245766095105
70,"Cfg(cluster_seed=1, surrogate='lgbm', surrogate_seed=2, estimator='tree_int', bg_size=50, bg_seed=1)",lgbm,1,0.9362724257108525,0.8714646691672553,0,0.002621938733341653,0.00936503360342998,0.0,0.060751113638646964,0.0005470596632372424,0.009696516682875567,0.0517275239992869,0.007421510539064783,0.053666334403239396,0.0,0.0017178717754283979,0.026599337658566598,0.0021164989255396246,0.0346725447929325,0.09806656611305735,0.058289978756667894,0.07797491324826886,0.05513416894524943
70,"Cfg(cluster_seed=1, surrogate='lgbm', surrogate_seed=2, estimator='tree_int', bg_size=50, bg_seed=1)",lgbm,1,0.9362724257108525,0.8714646691672553,1,0.0024602438283470073,0.011591085102784523,0.0,0.05435187932988994,0.0003646648651861302,0.009279419731509649,0.039444883110440754,0.007552320214089149,0.050608157519118666,0.0,0.002055136162948163,0.022564866698228832,0.0026282800574759743,0.03149866344896201,0.09339816951494279,0.04227914952132581,0.07200636690491295,0.07401901497334169
71,"Cfg(cluster_seed=1, surrogate='lgbm', surrogate_seed=2, estimator='tree_int', bg_size=50, bg_seed=2)",lgbm,1,0.9362724257108525,0.8714646691672553,0,0.0027382128747261234,0.016423939690217076,0.0,0.058857005636151455,0.00028751953275034175,0.011796155897140405,0.05991525582286041,0.008019020055426044,0.05655002461387478,0.0,0.0031748766240811215,0.03168350991225021,0.003511846640898128,0.047898452439546456,0.10024624884060769,0.06358239844602899,0.0875869730437073,0.08142416894356207
71,"Cfg(cluster_seed=1, surrogate='lgbm', surrogate_seed=2, estimator='tree_int', bg_size=50, bg_seed=2)",lgbm,1,0.9362724257108525,0.8714646691672553,1,0.0019049258547636915,0.010794960271233216,0.0,0.044144816004376405,0.0002696546796127272,0.00781152161465712,0.042794636140323604,0.005668999748311711,0.04282800810745407,0.0,0.0014199070850726583,0.023647322334254137,0.002489212370979713,0.027909297269671722,0.061572645183448585,0.04037668540639338,0.06331281091857835,0.045281122534311796
72,"Cfg(cluster_seed=2, surrogate='dt', surrogate_seed=0, estimator='tree_path', bg_size=50, bg_seed=0)",dt,2,0.7992779783393502,0.00016857946314760306,0,0.0,0.0,0.0,0.0,0.0,0.0,0.0,0.0,0.0,0.0,0.0,0.0,0.0028860028860029363,0.0,0.0,0.0,0.0,0.0
72,"Cfg(cluster_seed=2, surrogate='dt', surrogate_seed=0, estimator='tree_path', bg_size=50, bg_seed=0)",dt,2,0.7992779783393502,0.00016857946314760306,1,0.0,0.0,0.0,0.0,0.0,0.0,0.0,0.0,0.0,0.0,0.0,0.0,0.9971139971139971,0.0,0.0,0.0,0.0,0.0
73,"Cfg(cluster_seed=2, surrogate='dt', surrogate_seed=0, estimator='tree_int', bg_size=50, bg_seed=0)",dt,2,0.7992779783393502,0.00016857946314760306,0,0.0,0.0,0.0,0.0,0.0,0.0,0.0,0.0,0.0,0.0,0.0,0.0,0.0,0.0,0.0,0.0,0.0,0.0
73,"Cfg(cluster_seed=2, surrogate='dt', surrogate_seed=0, estimator='tree_int', bg_size=50, bg_seed=0)",dt,2,0.7992779783393502,0.00016857946314760306,1,0.0,0.0,0.0,0.0,0.0,0.0,0.0,0.0,0.0,0.0,0.0,0.0,1.0,0.0,0.0,0.0,0.0,0.0
74,"Cfg(cluster_seed=2, surrogate='dt', surrogate_seed=0, estimator='tree_int', bg_size=50, bg_seed=1)",dt,2,0.7992779783393502,0.00016857946314760306,0,0.0,0.0,0.0,0.0,0.0,0.0,0.0,0.0,0.0,0.0,0.0,0.0,0.0,0.0,0.0,0.0,0.0,0.0
74,"Cfg(cluster_seed=2, surrogate='dt', surrogate_seed=0, estimator='tree_int', bg_size=50, bg_seed=1)",dt,2,0.7992779783393502,0.00016857946314760306,1,0.0,0.0,0.0,0.0,0.0,0.0,0.0,0.0,0.0,0.0,0.0,0.0,1.0,0.0,0.0,0.0,0.0,0.0
75,"Cfg(cluster_seed=2, surrogate='dt', surrogate_seed=0, estimator='tree_int', bg_size=50, bg_seed=2)",dt,2,0.7992779783393502,0.00016857946314760306,0,0.0,0.0,0.0,0.0,0.0,0.0,0.0,0.0,0.0,0.0,0.0,0.0,0.0,0.0,0.0,0.0,0.0,0.0
75,"Cfg(cluster_seed=2, surrogate='dt', surrogate_seed=0, estimator='tree_int', bg_size=50, bg_seed=2)",dt,2,0.7992779783393502,0.00016857946314760306,1,0.0,0.0,0.0,0.0,0.0,0.0,0.0,0.0,0.0,0.0,0.0,0.0,1.0,0.0,0.0,0.0,0.0,0.0
76,"Cfg(cluster_seed=2, surrogate='dt', surrogate_seed=1, estimator='tree_path', bg_size=50, bg_seed=0)",dt,2,0.8996389891696751,0.00016857946314760306,0,0.0,0.0,0.0028860028860029363,0.0,0.0,0.0,0.0,0.0,0.0,0.0,0.0,0.0,0.0,0.0,0.0,0.0,0.0,0.0
76,"Cfg(cluster_seed=2, surrogate='dt', surrogate_seed=1, estimator='tree_path', bg_size=50, bg_seed=0)",dt,2,0.8996389891696751,0.00016857946314760306,1,0.0,0.0,0.9971139971139971,0.0,0.0,0.0,0.0,0.0,0.0,0.0,0.0,0.0,0.0,0.0,0.0,0.0,0.0,0.0
77,"Cfg(cluster_seed=2, surrogate='dt', surrogate_seed=1, estimator='tree_int', bg_size=50, bg_seed=0)",dt,2,0.8996389891696751,0.00016857946314760306,0,0.0,0.0,0.0,0.0,0.0,0.0,0.0,0.0,0.0,0.0,0.0,0.0,0.0,0.0,0.0,0.0,0.0,0.0
77,"Cfg(cluster_seed=2, surrogate='dt', surrogate_seed=1, estimator='tree_int', bg_size=50, bg_seed=0)",dt,2,0.8996389891696751,0.00016857946314760306,1,0.0,0.0,1.0,0.0,0.0,0.0,0.0,0.0,0.0,0.0,0.0,0.0,0.0,0.0,0.0,0.0,0.0,0.0
78,"Cfg(cluster_seed=2, surrogate='dt', surrogate_seed=1, estimator='tree_int', bg_size=50, bg_seed=1)",dt,2,0.8996389891696751,0.00016857946314760306,0,0.0,0.0,0.0,0.0,0.0,0.0,0.0,0.0,0.0,0.0,0.0,0.0,0.0,0.0,0.0,0.0,0.0,0.0
78,"Cfg(cluster_seed=2, surrogate='dt', surrogate_seed=1, estimator='tree_int', bg_size=50, bg_seed=1)",dt,2,0.8996389891696751,0.00016857946314760306,1,0.0,0.0,1.0,0.0,0.0,0.0,0.0,0.0,0.0,0.0,0.0,0.0,0.0,0.0,0.0,0.0,0.0,0.0
79,"Cfg(cluster_seed=2, surrogate='dt', surrogate_seed=1, estimator='tree_int', bg_size=50, bg_seed=2)",dt,2,0.8996389891696751,0.00016857946314760306,0,0.0,0.0,0.0,0.0,0.0,0.0,0.0,0.0,0.0,0.0,0.0,0.0,0.0,0.0,0.0,0.0,0.0,0.0
79,"Cfg(cluster_seed=2, surrogate='dt', surrogate_seed=1, estimator='tree_int', bg_size=50, bg_seed=2)",dt,2,0.8996389891696751,0.00016857946314760306,1,0.0,0.0,1.0,0.0,0.0,0.0,0.0,0.0,0.0,0.0,0.0,0.0,0.0,0.0,0.0,0.0,0.0,0.0
80,"Cfg(cluster_seed=2, surrogate='dt', surrogate_seed=2, estimator='tree_path', bg_size=50, bg_seed=0)",dt,2,0.7992779783393502,0.00016857946314760306,0,0.0,0.0,0.0,0.0,0.0,0.0,0.0,0.0,0.0,0.0,0.0,0.0,0.0028860028860029363,0.0,0.0,0.0,0.0,0.0
80,"Cfg(cluster_seed=2, surrogate='dt', surrogate_seed=2, estimator='tree_path', bg_size=50, bg_seed=0)",dt,2,0.7992779783393502,0.00016857946314760306,1,0.0,0.0,0.0,0.0,0.0,0.0,0.0,0.0,0.0,0.0,0.0,0.0,0.9971139971139971,0.0,0.0,0.0,0.0,0.0
81,"Cfg(cluster_seed=2, surrogate='dt', surrogate_seed=2, estimator='tree_int', bg_size=50, bg_seed=0)",dt,2,0.7992779783393502,0.00016857946314760306,0,0.0,0.0,0.0,0.0,0.0,0.0,0.0,0.0,0.0,0.0,0.0,0.0,0.0,0.0,0.0,0.0,0.0,0.0
81,"Cfg(cluster_seed=2, surrogate='dt', surrogate_seed=2, estimator='tree_int', bg_size=50, bg_seed=0)",dt,2,0.7992779783393502,0.00016857946314760306,1,0.0,0.0,0.0,0.0,0.0,0.0,0.0,0.0,0.0,0.0,0.0,0.0,1.0,0.0,0.0,0.0,0.0,0.0
82,"Cfg(cluster_seed=2, surrogate='dt', surrogate_seed=2, estimator='tree_int', bg_size=50, bg_seed=1)",dt,2,0.7992779783393502,0.00016857946314760306,0,0.0,0.0,0.0,0.0,0.0,0.0,0.0,0.0,0.0,0.0,0.0,0.0,0.0,0.0,0.0,0.0,0.0,0.0
82,"Cfg(cluster_seed=2, surrogate='dt', surrogate_seed=2, estimator='tree_int', bg_size=50, bg_seed=1)",dt,2,0.7992779783393502,0.00016857946314760306,1,0.0,0.0,0.0,0.0,0.0,0.0,0.0,0.0,0.0,0.0,0.0,0.0,1.0,0.0,0.0,0.0,0.0,0.0
83,"Cfg(cluster_seed=2, surrogate='dt', surrogate_seed=2, estimator='tree_int', bg_size=50, bg_seed=2)",dt,2,0.7992779783393502,0.00016857946314760306,0,0.0,0.0,0.0,0.0,0.0,0.0,0.0,0.0,0.0,0.0,0.0,0.0,0.0,0.0,0.0,0.0,0.0,0.0
83,"Cfg(cluster_seed=2, surrogate='dt', surrogate_seed=2, estimator='tree_int', bg_size=50, bg_seed=2)",dt,2,0.7992779783393502,0.00016857946314760306,1,0.0,0.0,0.0,0.0,0.0,0.0,0.0,0.0,0.0,0.0,0.0,0.0,1.0,0.0,0.0,0.0,0.0,0.0
84,"Cfg(cluster_seed=2, surrogate='rf', surrogate_seed=0, estimator='tree_path', bg_size=50, bg_seed=0)",rf,2,0.7992779783393502,0.00016857946314760306,0,2.8797944161703924e-05,7.194739297971253e-05,0.000639094529121607,4.097612485044413e-05,0.0,1.382973789383422e-05,0.00011320945836806019,2.1444995652358093e-05,0.00010028068892166477,0.0,1.7156263900113343e-05,0.0007220950223051957,0.000779587535285501,0.0002338581692179581,0.00014067575884598894,0.0004137806102526713,0.0004200344914784614,0.0005374850942777797
84,"Cfg(cluster_seed=2, surrogate='rf', surrogate_seed=0, estimator='tree_path', bg_size=50, bg_seed=0)",rf,2,0.7992779783393502,0.00016857946314760306,1,0.004181001403146465,0.007105018438351773,0.15377512719946448,0.005656344207129121,0.0,0.0014895322503975055,0.01196796528585253,0.00285075016365866,0.009178727455651074,0.0,0.0018477633477633477,0.1294337123205902,0.15862749052956265,0.03950615486915843,0.01589939567867157,0.05924913940610982,0.07321418793208413,0.0753189655783903
85,"Cfg(cluster_seed=2, surrogate='rf', surrogate_seed=0, estimator='tree_int', bg_size=50, bg_seed=0)",rf,2,0.7992779783393502,0.00016857946314760306,0,1.4375301843506384e-05,4.364045772178559e-05,0.0,3.9170285560158134e-05,0.0,2.9908346117362267e-06,3.986171506717248e-05,2.4971861032399675e-05,1.0885994796480783e-05,0.0,5.949509711518301e-06,0.00011672294863759824,0.0008999357027690373,3.836629776130423e-05,6.004180881840391e-05,0.00012553465491303614,0.00012574369174073817,0.00018218363522027662
85,"Cfg(cluster_seed=2, surrogate='rf', surrogate_seed=0, estimator='tree_int', bg_size=50, bg_seed=0)",rf,2,0.7992779783393502,0.00016857946314760306,1,0.0023472222790587695,0.00230000005569309,0.16358333729440344,0.004916666785720736,0.0,0.0008194444642867893,0.012433333634398878,0.00305277785169892,0.008550000207033007,0.0,0.00035555556416511536,0.13521666994085535,0.16544444845058023,0.03745277868467383,0.015405555928591639,0.05491944577428512,0.06966389057575725,0.07556666849646718
86,"Cfg(cluster_seed=2, surrogate='rf', surrogate_seed=0, estimator='tree_int', bg_size=50, bg_seed=1)",rf,2,0.7992779783393502,0.00016857946314760306,0,1.283164526970704e-05,4.675993038133844e-05,0.0,2.0405210334910064e-05,0.0,3.392828511163139e-06,2.1241357645718046e-05,5.539475934102851e-06,1.0612638944870484e-05,0.0,5.676153859908e-06,0.00011464866011655536,6.105483344495944e-05,1.17301819852773e-05,4.928445206973944e-05,0.00011971378324933449,0.00012081524653376422,0.00018137160754343428
86,"Cfg(cluster_seed=2, surrogate='rf', surrogate_seed=0, estimator='tree_int', bg_size=50, bg_seed=1)",rf,2,0.7992779783393502,0.00016857946314760306,1,0.0028805556253064424,0.00153333337046206,0.16317222617333754,0.005216666792985052,0.0,0.0014194444788154215,0.014400000348687172,0.0030444445181638004,0.008733333544805646,0.0,0.000533333346247673,0.13432222547475248,0.16656111514428631,0.03810000092256814,0.014800000358372926,0.05396389019559138,0.06876111277611927,0.07538055738084949
87,"Cfg(cluster_seed=2, surrogate='rf', surrogate_seed=0, estimator='tree_int', bg_size=50, bg_seed=2)",rf,2,0.7992779783393502,0.00016857946314760306,0,1.3989387700056547e-05,0.00012759286367810304,0.0,4.134105261706344e-05,0.0,3.119472659552839e-06,2.5679370295391154e-05,5.515356300137236e-06,1.085383528452663e-05,0.0,5.531436056114313e-06,0.00011567776449908826,6.150506661231758e-05,1.3732111604423326e-05,8.472423424321568e-05,0.0001250361824777468,0.0001253095383293571,0.0006471780185653719
87,"Cfg(cluster_seed=2, surrogate='rf', surrogate_seed=0, estimator='tree_int', bg_size=50, bg_seed=2)",rf,2,0.7992779783393502,0.00016857946314760306,1,0.0024305556144099683,0.0029222222929820418,0.16300555950263515,0.0049333334527909755,0.0,0.001147222250001505,0.012411111411638557,0.0030694445187691597,0.009355555782094599,0.0,0.0006222222372889519,0.13477222548564896,0.16695000404259192,0.03845277870888822,0.013777778111398221,0.054725001325132326,0.06957500168471598,0.07420000179670751
88,"Cfg(cluster_seed=2, surrogate='rf', surrogate_seed=1, estimator='tree_path', bg_size=50, bg_seed=0)",rf,2,0.8996389891696751,0.00016857946314760306,0,8.640446403504331e-05,0.00012876277703822325,0.0006306540279651784,6.123570245240678e-05,0.0,4.444096135110083e-06,0.00012314095609807714,4.895226979497101e-05,3.2412113558076775e-05,9.626970553164384e-06,2.6206811180279777e-05,0.0006553025089588219,0.0009554132285959127,0.00024634437158744166,0.0001715856658808724,0.0004347053022853848,0.00048540613278782844,0.00045242534234904376
88,"Cfg(cluster_seed=2, surrogate='rf', surrogate_seed=1, estimator='tree_path', bg_size=50, bg_seed=0)",rf,2,0.8996389891696751,0.00016857946314760306,1,0.008012879674715322,0.010000564250564252,0.14412051745480683,0.00977122702546012,0.0,0.0005227476925590132,0.010664389674207495,0.005905790063464248,0.003246242463227066,0.00042388167388167385,0.0016281665864999197,0.12888099002568676,0.19211598641201572,0.02644820332027972,0.013438856900128082,0.05767272687501411,0.06664821628558504,0.05236568379453047
89,"Cfg(cluster_seed=2, surrogate='rf', surrogate_seed=1, estimator='tree_int', bg_size=50, bg_seed=0)",rf,2,0.8996389891696751,0.00016857946314760306,0,6.216433660737785e-05,7.112076068660938e-05,0.0,4.941309011755596e-05,0.0,0.0,5.118186327503447e-05,2.4537707621018634e-05,1.0934234064412013e-05,2.4119633965614737e-06,9.921209437856195e-06,9.771667707269385e-05,0.0012651552002763684,0.00018974112052950307,0.00011871683837875553,0.00013962052114895518,0.000162502013904335,0.00012135391835899627
89,"Cfg(cluster_seed=2, surrogate='rf', surrogate_seed=1, estimator='tree_int', bg_size=50, bg_seed=0)",rf,2,0.8996389891696751,0.00016857946314760306,1,0.004058333431603387,0.003225000078091398,0.15391944817150943,0.008500000205822289,0.0,0.00040000000968575477,0.011677778060548007,0.005911111254245043,0.0025666667288169265,3.333333414047956e-05,0.00045555556658655405,0.12993055874016135,0.19818333813222125,0.023377778343856334,0.01529444481479004,0.05548889023251831,0.07069722393411212,0.04989166787476279
90,"Cfg(cluster_seed=2, surrogate='rf', surrogate_seed=1, estimator='tree_int', bg_size=50, bg_seed=1)",rf,2,0.8996389891696751,0.00016857946314760306,0,5.520180226930352e-05,7.583212918789278e-05,0.0,3.375140779588355e-05,0.0,0.0,3.6195530704399116e-05,1.5034571838566517e-05,1.0403602117168489e-05,2.4119633965614737e-06,1.0226724801420649e-05,9.51439161163616e-05,8.630005032896953e-05,7.206946628925703e-05,5.071555035169917e-05,0.00013918636773757408,0.00015607011151350442,0.00011804148862771852
90,"Cfg(cluster_seed=2, surrogate='rf', surrogate_seed=1, estimator='tree_int', bg_size=50, bg_seed=1)",rf,2,0.8996389891696751,0.00016857946314760306,1,0.0060638890357222405,0.0020944444951601325,0.15353333705104888,0.008850000214297323,0.0,0.0007000000169500709,0.01377777811139822,0.005933333477005363,0.0027944445121102033,0.0,0.0006777777941897511,0.1284972253651358,0.20025556040462106,0.02375000057509169,0.013922222559340298,0.055386112452251834,0.06941389056970365,0.049305556749459356
91,"Cfg(cluster_seed=2, surrogate='rf', surrogate_seed=1, estimator='tree_int', bg_size=50, bg_seed=2)",rf,2,0.8996389891696751,0.00016857946314760306,0,6.076539783737227e-05,9.556198977176603e-05,0.0,3.9282843851997835e-05,0.0,0.0,8.88406517733478e-05,6.803344753901072e-05,2.053384838272659e-05,2.4119633965614737e-06,1.4230584039712652e-05,9.699308805372539e-05,8.639652886483198e-05,8.020582281365764e-05,7.052580971545755e-05,0.00016880527824734802,0.00016047596465122336,0.0005007879201500718
91,"Cfg(cluster_seed=2, surrogate='rf', surrogate_seed=1, estimator='tree_int', bg_size=50, bg_seed=2)",rf,2,0.8996389891696751,0.00016857946314760306,1,0.004475000108359382,0.003975000096252188,0.15396944817272015,0.008244444644078612,0.0,0.0005666666803881526,0.012133333627134563,0.005922222365625203,0.0028722222917713226,3.333333414047956e-05,0.0008000000193715095,0.12951944761443884,0.20042778263101355,0.024327778366860002,0.012450000301469116,0.0549388902192004,0.07030833503580652,0.04920277896919288
92,"Cfg(cluster_seed=2, surrogate='rf', surrogate_seed=2, estimator='tree_path', bg_size=50, bg_seed=0)",rf,2,0.8996389891696751,0.00016857946314760306,0,2.771250681142371e-05,8.666756230673208e-05,0.0006875838623367972,4.502958036213231e-05,0.0,1.4165701997346969e-05,0.00011458238265045296,3.4809025935900046e-05,8.594940723400674e-05,0.0,0.0,0.000604694698917367,0.0008377626811389185,0.0001891768591021603,0.00018429394523456697,0.0003107576496602427,0.0005602796501186011,0.00045386106122456633
92,"Cfg(cluster_seed=2, surrogate='rf', surrogate_seed=2, estimator='tree_path', bg_size=50, bg_seed=0)",rf,2,0.8996389891696751,0.00016857946314760306,1,0.004331340789354021,0.007963764630431296,0.17720631135875972,0.006611382589799238,0.0,0.0008339546256212922,0.00848402188486819,0.002551931014639081,0.0080109184802784,0.0,0.0,0.11630199156352432,0.16982376181172637,0.021987303739882016,0.024268454459814764,0.04153333470116283,0.07709685889754146,0.06356225002017754
93,"Cfg(cluster_seed=2, surrogate='rf', surrogate_seed=2, estimator='tree_int', bg_size=50, bg_seed=0)",rf,2,0.8996389891696751,0.00016857946314760306,0,1.8009326694325668e-05,5.729217054632353e-05,0.0,3.243286780576306e-05,0.0,4.550570941512648e-06,3.2497186829671584e-05,3.82537394694648e-05,4.126065383717799e-05,0.0,0.0,9.126869492588617e-05,0.0017921450827911019,0.0001280028974555182,0.00010479980958059627,9.494291916664812e-05,0.00017734362867117664,0.00011022672722285932
93,"Cfg(cluster_seed=2, surrogate='rf', surrogate_seed=2, estimator='tree_int', bg_size=50, bg_seed=0)",rf,2,0.8996389891696751,0.00016857946314760306,1,0.002761111177969724,0.0020222222711890935,0.18909167124540543,0.006588889048434794,0.0,0.0006555555714294315,0.009358333559939638,0.002125000051455572,0.007372222400736064,0.0,0.0,0.11833889175439252,0.17332222641911357,0.019266667133197187,0.023533333903178574,0.035405556412879374,0.08219444643473253,0.05956389033119194
94,"Cfg(cluster_seed=2, surrogate='rf', surrogate_seed=2, estimator='tree_int', bg_size=50, bg_seed=1)",rf,2,0.8996389891696751,0.00016857946314760306,0,1.5324007446153893e-05,6.033124442599099e-05,0.0,1.1866859911082449e-05,0.0,4.0681782622003525e-06,2.6595916386084513e-05,2.8621965639196062e-05,1.744653523512796e-05,0.0,0.0,9.109181761013831e-05,0.00012167551347853781,5.479980836987677e-05,5.754944664195675e-05,8.980543713197219e-05,0.0001714584379835666,0.00010953529771584505
94,"Cfg(cluster_seed=2, surrogate='rf', surrogate_seed=2, estimator='tree_int', bg_size=50, bg_seed=1)",rf,2,0.8996389891696751,0.00016857946314760306,1,0.003583333420101553,0.001311111142858863,0.18917222680291162,0.006672222383785993,0.0,0.0011666666949167847,0.011105555824469775,0.002172222274821252,0.0077333335205912596,0.0,0.0,0.11831111397594213,0.17566389314248226,0.019508333805715664,0.021891667196759952,0.034697223062394186,0.08096111307153478,0.05938333477126434
95,"Cfg(cluster_seed=2, surrogate='rf', surrogate_seed=2, estimator='tree_int', bg_size=50, bg_seed=2)",rf,2,0.8996389891696751,0.00016857946314760306,0,1.739829596719676e-05,0.00013801254555124873,0.0,3.10500087917345e-05,0.0,4.277215089902347e-06,4.325454357833561e-05,4.2627433095229524e-05,1.4568258915231304e-05,0.0,0.0,9.181540662910677e-05,0.00012183631103830856,4.290078894684008e-05,5.042611474411188e-05,9.530471367613237e-05,0.00017533365917404202,0.000332899187993413
95,"Cfg(cluster_seed=2, surrogate='rf', surrogate_seed=2, estimator='tree_int', bg_size=50, bg_seed=2)",rf,2,0.8996389891696751,0.00016857946314760306,1,0.0028611111803911625,0.0026666667312383653,0.18952222681138664,0.0066111112711951135,0.0,0.0009555555786937475,0.00995000024093315,0.0021777778305113317,0.008050000194925815,0.0,0.0,0.1187666695425287,0.17573889314429836,0.02007222270825878,0.01990555603755638,0.035533334193751216,0.08190555753884837,0.05848333474947139
96,"Cfg(cluster_seed=2, surrogate='lgbm', surrogate_seed=0, estimator='tree_path', bg_size=50, bg_seed=0)",lgbm,2,0.8996389891696751,0.00016857946314760306,0,3.4857360113428116e-10,0.00012200731006438226,0.16100511048335686,4.29623758798203e-05,0.0,1.3095711317645997e-10,7.237963177575253e-12,0.0,0.1348302768425254,0.0,0.0,0.2097108596232117,0.09755608433516758,1.9840064178327374e-06,4.494448735950499e-10,0.1929147470550646,0.18411206526759882,0.005508664434744467
96,"Cfg(cluster_seed=2, surrogate='lgbm', surrogate_seed=0, estimator='tree_path', bg_size=50, bg_seed=0)",lgbm,2,0.8996389891696751,0.00016857946314760306,1,2.2194520223409175e-10,0.004580495351325601,14.839226822758107,1.4205881241957652e-05,0.0,2.6736759507761665e-11,5.773001705584174e-13,0.0,0.02231748077197803,0.0,0.0,3.602473542795068,2.97831328850379,2.9435949513538506e-06,4.457355621753645e-11,0.38185371197616164,0.43439582694995793,0.38787822045357223
97,"Cfg(cluster_seed=2, surrogate='lgbm', surrogate_seed=0, estimator='tree_int', bg_size=50, bg_seed=0)",lgbm,2,0.8996389891696751,0.00016857946314760306,0,2.2805005326852042e-15,1.1202365206951728e-09,9.497320257534435e-07,7.361751633515687e-11,0.0,0.0,1.2089303501796722e-18,0.0,6.850738372736861e-07,0.0,0.0,2.1223121464103106e-06,1.7390951578793918e-06,6.610914505508045e-12,7.688583727040344e-16,7.626266963974667e-07,2.2165871108926344e-06,1.7139694087924808e-08
97,"Cfg(cluster_seed=2, surrogate='lgbm', surrogate_seed=0, estimator='tree_int', bg_size=50, bg_seed=0)",lgbm,2,0.8996389891696751,0.00016857946314760306,1,5.574640111050616e-11,6.710058109685825e-05,0.6806325250347545,5.718956354892979e-07,0.0,0.0,0.0,0.0,0.0039625143184224745,0.0,0.0,0.2708627203876202,0.13252686503354233,1.3098300539660724e-07,4.4164285798457395e-12,0.15075984300231593,0.04463165356289731,0.017821038745929163
98,"Cfg(cluster_seed=2, surrogate='lgbm', surrogate_seed=0, estimator='tree_int', bg_size=50, bg_seed=1)",lgbm,2,0.8996389891696751,0.00016857946314760306,0,1.6247099507772271e-15,4.368467377389771e-10,8.637765408695461e-07,6.341149513386333e-11,0.0,0.0,1.2295826094081465e-18,0.0,3.051341167007601e-07,0.0,0.0,1.3276180744791163e-06,3.4998206998788664e-07,3.5367062343417574e-12,8.116790381660951e-16,2.9464811374904234e-07,1.0879415812475104e-06,1.4826478044605885e-08
98,"Cfg(cluster_seed=2, surrogate='lgbm', surrogate_seed=0, estimator='tree_int', bg_size=50, bg_seed=1)",lgbm,2,0.8996389891696751,0.00016857946314760306,1,5.060117185353054e-11,4.3121130444732065e-05,0.6742225907378638,6.723191720375636e-07,0.0,0.0,4.2443390207263827e-13,0.0,1.061088512562204e-13,0.0,0.0,0.25776976192341805,0.13510545574879007,1.3775120817185283e-07,8.913109661656002e-12,0.1360646002952822,0.05101655419676429,0.017653972951524557
99,"Cfg(cluster_seed=2, surrogate='lgbm', surrogate_seed=0, estimator='tree_int', bg_size=50, bg_seed=2)",lgbm,2,0.8996389891696751,0.00016857946314760306,0,1.6949070720510594e-15,4.026251628271724e-10,8.948906584236878e-07,6.469042241009895e-11,0.0,0.0,1.2089312686965165e-18,0.0,3.094550417315643e-07,0.0,0.0,1.5600625395526497e-06,3.3928468120175323e-07,4.975209128858944e-12,1.0210621234240928e-15,3.372637090201811e-07,1.2728634939030222e-06,4.2949264034132246e-08
99,"Cfg(cluster_seed=2, surrogate='lgbm', surrogate_seed=0, estimator='tree_int', bg_size=50, bg_seed=2)",lgbm,2,0.8996389891696751,0.00016857946314760306,1,4.504217597232005e-11,6.685739414204927e-05,0.6827341122311859,5.611561621729306e-07,0.0,0.0,0.0,0.0,1.061092942757675e-13,0.0,0.0,0.28323284012810845,0.1366328506075517,1.2657710565679336e-07,1.230858198595403e-11,0.17007753397201716,0.04966953232584531,0.017488169735768458
100,"Cfg(cluster_seed=2, surrogate='lgbm', surrogate_seed=1, estimator='tree_path', bg_size=50, bg_seed=0)",lgbm,2,0.8996389891696751,0.00016857946314760306,0,3.4857360113428116e-10,0.00012200731006438226,0.16100511048335686,4.29623758798203e-05,0.0,1.3095711317645997e-10,7.237963177575253e-12,0.0,0.1348302768425254,0.0,0.0,0.2097108596232117,0.09755608433516758,1.9840064178327374e-06,4.494448735950499e-10,0.1929147470550646,0.18411206526759882,0.005508664434744467
100,"Cfg(cluster_seed=2, surrogate='lgbm', surrogate_seed=1, estimator='tree_path', bg_size=50, bg_seed=0)",lgbm,2,0.8996389891696751,0.00016857946314760306,1,2.2194520223409175e-10,0.004580495351325601,14.839226822758107,1.4205881241957652e-05,0.0,2.6736759507761665e-11,5.773001705584174e-13,0.0,0.02231748077197803,0.0,0.0,3.602473542795068,2.97831328850379,2.9435949513538506e-06,4.457355621753645e-11,0.38185371197616164,0.43439582694995793,0.38787822045357223
101,"Cfg(cluster_seed=2, surrogate='lgbm', surrogate_seed=1, estimator='tree_int', bg_size=50, bg_seed=0)",lgbm,2,0.8996389891696751,0.00016857946314760306,0,2.2805005326852042e-15,1.1202365206951728e-09,9.497320257534435e-07,7.361751633515687e-11,0.0,0.0,1.2089303501796722e-18,0.0,6.850738372736861e-07,0.0,0.0,2.1223121464103106e-06,1.7390951578793918e-06,6.610914505508045e-12,7.688583727040344e-16,7.626266963974667e-07,2.2165871108926344e-06,1.7139694087924808e-08
101,"Cfg(cluster_seed=2, surrogate='lgbm', surrogate_seed=1, estimator='tree_int', bg_size=50, bg_seed=0)",lgbm,2,0.8996389891696751,0.00016857946314760306,1,5.574640111050616e-11,6.710058109685825e-05,0.6806325250347545,5.718956354892979e-07,0.0,0.0,0.0,0.0,0.0039625143184224745,0.0,0.0,0.2708627203876202,0.13252686503354233,1.3098300539660724e-07,4.4164285798457395e-12,0.15075984300231593,0.04463165356289731,0.017821038745929163
102,"Cfg(cluster_seed=2, surrogate='lgbm', surrogate_seed=1, estimator='tree_int', bg_size=50, bg_seed=1)",lgbm,2,0.8996389891696751,0.00016857946314760306,0,1.6247099507772271e-15,4.368467377389771e-10,8.637765408695461e-07,6.341149513386333e-11,0.0,0.0,1.2295826094081465e-18,0.0,3.051341167007601e-07,0.0,0.0,1.3276180744791163e-06,3.4998206998788664e-07,3.5367062343417574e-12,8.116790381660951e-16,2.9464811374904234e-07,1.0879415812475104e-06,1.4826478044605885e-08
102,"Cfg(cluster_seed=2, surrogate='lgbm', surrogate_seed=1, estimator='tree_int', bg_size=50, bg_seed=1)",lgbm,2,0.8996389891696751,0.00016857946314760306,1,5.060117185353054e-11,4.3121130444732065e-05,0.6742225907378638,6.723191720375636e-07,0.0,0.0,4.2443390207263827e-13,0.0,1.061088512562204e-13,0.0,0.0,0.25776976192341805,0.13510545574879007,1.3775120817185283e-07,8.913109661656002e-12,0.1360646002952822,0.05101655419676429,0.017653972951524557
103,"Cfg(cluster_seed=2, surrogate='lgbm', surrogate_seed=1, estimator='tree_int', bg_size=50, bg_seed=2)",lgbm,2,0.8996389891696751,0.00016857946314760306,0,1.6949070720510594e-15,4.026251628271724e-10,8.948906584236878e-07,6.469042241009895e-11,0.0,0.0,1.2089312686965165e-18,0.0,3.094550417315643e-07,0.0,0.0,1.5600625395526497e-06,3.3928468120175323e-07,4.975209128858944e-12,1.0210621234240928e-15,3.372637090201811e-07,1.2728634939030222e-06,4.2949264034132246e-08
103,"Cfg(cluster_seed=2, surrogate='lgbm', surrogate_seed=1, estimator='tree_int', bg_size=50, bg_seed=2)",lgbm,2,0.8996389891696751,0.00016857946314760306,1,4.504217597232005e-11,6.685739414204927e-05,0.6827341122311859,5.611561621729306e-07,0.0,0.0,0.0,0.0,1.061092942757675e-13,0.0,0.0,0.28323284012810845,0.1366328506075517,1.2657710565679336e-07,1.230858198595403e-11,0.17007753397201716,0.04966953232584531,0.017488169735768458
104,"Cfg(cluster_seed=2, surrogate='lgbm', surrogate_seed=2, estimator='tree_path', bg_size=50, bg_seed=0)",lgbm,2,0.8996389891696751,0.00016857946314760306,0,3.4857360113428116e-10,0.00012200731006438226,0.16100511048335686,4.29623758798203e-05,0.0,1.3095711317645997e-10,7.237963177575253e-12,0.0,0.1348302768425254,0.0,0.0,0.2097108596232117,0.09755608433516758,1.9840064178327374e-06,4.494448735950499e-10,0.1929147470550646,0.18411206526759882,0.005508664434744467
104,"Cfg(cluster_seed=2, surrogate='lgbm', surrogate_seed=2, estimator='tree_path', bg_size=50, bg_seed=0)",lgbm,2,0.8996389891696751,0.00016857946314760306,1,2.2194520223409175e-10,0.004580495351325601,14.839226822758107,1.4205881241957652e-05,0.0,2.6736759507761665e-11,5.773001705584174e-13,0.0,0.02231748077197803,0.0,0.0,3.602473542795068,2.97831328850379,2.9435949513538506e-06,4.457355621753645e-11,0.38185371197616164,0.43439582694995793,0.38787822045357223
105,"Cfg(cluster_seed=2, surrogate='lgbm', surrogate_seed=2, estimator='tree_int', bg_size=50, bg_seed=0)",lgbm,2,0.8996389891696751,0.00016857946314760306,0,2.2805005326852042e-15,1.1202365206951728e-09,9.497320257534435e-07,7.361751633515687e-11,0.0,0.0,1.2089303501796722e-18,0.0,6.850738372736861e-07,0.0,0.0,2.1223121464103106e-06,1.7390951578793918e-06,6.610914505508045e-12,7.688583727040344e-16,7.626266963974667e-07,2.2165871108926344e-06,1.7139694087924808e-08
105,"Cfg(cluster_seed=2, surrogate='lgbm', surrogate_seed=2, estimator='tree_int', bg_size=50, bg_seed=0)",lgbm,2,0.8996389891696751,0.00016857946314760306,1,5.574640111050616e-11,6.710058109685825e-05,0.6806325250347545,5.718956354892979e-07,0.0,0.0,0.0,0.0,0.0039625143184224745,0.0,0.0,0.2708627203876202,0.13252686503354233,1.3098300539660724e-07,4.4164285798457395e-12,0.15075984300231593,0.04463165356289731,0.017821038745929163
106,"Cfg(cluster_seed=2, surrogate='lgbm', surrogate_seed=2, estimator='tree_int', bg_size=50, bg_seed=1)",lgbm,2,0.8996389891696751,0.00016857946314760306,0,1.6247099507772271e-15,4.368467377389771e-10,8.637765408695461e-07,6.341149513386333e-11,0.0,0.0,1.2295826094081465e-18,0.0,3.051341167007601e-07,0.0,0.0,1.3276180744791163e-06,3.4998206998788664e-07,3.5367062343417574e-12,8.116790381660951e-16,2.9464811374904234e-07,1.0879415812475104e-06,1.4826478044605885e-08
106,"Cfg(cluster_seed=2, surrogate='lgbm', surrogate_seed=2, estimator='tree_int', bg_size=50, bg_seed=1)",lgbm,2,0.8996389891696751,0.00016857946314760306,1,5.060117185353054e-11,4.3121130444732065e-05,0.6742225907378638,6.723191720375636e-07,0.0,0.0,4.2443390207263827e-13,0.0,1.061088512562204e-13,0.0,0.0,0.25776976192341805,0.13510545574879007,1.3775120817185283e-07,8.913109661656002e-12,0.1360646002952822,0.05101655419676429,0.017653972951524557
107,"Cfg(cluster_seed=2, surrogate='lgbm', surrogate_seed=2, estimator='tree_int', bg_size=50, bg_seed=2)",lgbm,2,0.8996389891696751,0.00016857946314760306,0,1.6949070720510594e-15,4.026251628271724e-10,8.948906584236878e-07,6.469042241009895e-11,0.0,0.0,1.2089312686965165e-18,0.0,3.094550417315643e-07,0.0,0.0,1.5600625395526497e-06,3.3928468120175323e-07,4.975209128858944e-12,1.0210621234240928e-15,3.372637090201811e-07,1.2728634939030222e-06,4.2949264034132246e-08
107,"Cfg(cluster_seed=2, surrogate='lgbm', surrogate_seed=2, estimator='tree_int', bg_size=50, bg_seed=2)",lgbm,2,0.8996389891696751,0.00016857946314760306,1,4.504217597232005e-11,6.685739414204927e-05,0.6827341122311859,5.611561621729306e-07,0.0,0.0,0.0,0.0,1.061092942757675e-13,0.0,0.0,0.28323284012810845,0.1366328506075517,1.2657710565679336e-07,1.230858198595403e-11,0.17007753397201716,0.04966953232584531,0.017488169735768458
108,"Cfg(cluster_seed=3, surrogate='dt', surrogate_seed=0, estimator='tree_path', bg_size=50, bg_seed=0)",dt,3,0.8642241502040229,0.9942279854418928,0,0.0,0.0,0.0,0.09877757885802234,0.0,0.0,0.11972181985911977,0.004420678242518234,0.0022270831757505156,0.0,0.0,0.022049360509665914,0.0,0.0,0.025031412642485026,0.0075756247070654864,0.08666022738723206,0.2221165911781375
108,"Cfg(cluster_seed=3, surrogate='dt', surrogate_seed=0, estimator='tree_path', bg_size=50, bg_seed=0)",dt,3,0.8642241502040229,0.9942279854418928,1,0.0,0.0,0.0,0.1608063093678812,0.0,0.0,0.10051866539618652,0.022422121671622223,0.0051479649468894,0.0,0.0,0.029691390337935213,0.0,0.0,0.01375839546740747,0.0037977280321713257,0.08052144734593873,0.21404544911376341
109,"Cfg(cluster_seed=3, surrogate='dt', surrogate_seed=0, estimator='tree_int', bg_size=50, bg_seed=0)",dt,3,0.8642241502040229,0.9942279854418928,0,0.0,0.0,0.0,0.09482177161378806,0.0,0.0,0.06360983900096157,0.030375082807784917,0.008442235100083063,0.0,0.0,0.03190628682220861,0.0,0.0,0.031768985830924815,0.007442235051738967,0.09546420725401145,0.13400154898874456
109,"Cfg(cluster_seed=3, surrogate='dt', surrogate_seed=0, estimator='tree_int', bg_size=50, bg_seed=0)",dt,3,0.8642241502040229,0.9942279854418928,1,0.0,0.0,0.0,0.1256617034189514,0.0,0.0,0.113758015396658,0.02684946277449211,0.0038563050867175745,0.0,0.0,0.04615099079775843,0.0,0.0,0.032258780005652986,0.009532746254873404,0.08361615904374729,0.15301888604449046
110,"Cfg(cluster_seed=3, surrogate='dt', surrogate_seed=0, estimator='tree_int', bg_size=50, bg_seed=1)",dt,3,0.8642241502040229,0.9942279854418928,0,0.0,0.0,0.0,0.13583397498714136,0.0,0.0,0.0915538568287793,0.006504940810528642,0.006576704727909103,0.0,0.0,0.015766135104085206,0.0,0.0,0.04566472675270312,0.007527462328064524,0.07753378973956288,0.15399894233411987
110,"Cfg(cluster_seed=3, surrogate='dt', surrogate_seed=0, estimator='tree_int', bg_size=50, bg_seed=1)",dt,3,0.8642241502040229,0.9942279854418928,1,0.0,0.0,0.0,0.1394910439376958,0.0,0.0,0.10274582940287613,0.02222822933252954,0.006192571030072109,0.0,0.0,0.03228875742236538,0.0,0.0,0.03212502708358162,0.00676539549117916,0.08751328357328772,0.1791315902297622
111,"Cfg(cluster_seed=3, surrogate='dt', surrogate_seed=0, estimator='tree_int', bg_size=50, bg_seed=2)",dt,3,0.8642241502040229,0.9942279854418928,0,0.0,0.0,0.0,0.10965557024623679,0.0,0.0,0.10696417166629248,0.01700070019303395,0.006803977441635317,0.0,0.0,0.02338620877909381,0.0,0.0,0.03171794188970872,0.007496212325905552,0.08104860449633133,0.1797780318151821
111,"Cfg(cluster_seed=3, surrogate='dt', surrogate_seed=0, estimator='tree_int', bg_size=50, bg_seed=2)",dt,3,0.8642241502040229,0.9942279854418928,1,0.0,0.0,0.0,0.12203309779445982,0.0,0.0,0.10381253923925841,0.018827426016680297,0.0058699903787930415,0.0,0.0,0.03410160764396363,0.0,0.0,0.022506973969359634,0.007287389594963216,0.08020923570585044,0.13183658091116512
112,"Cfg(cluster_seed=3, surrogate='dt', surrogate_seed=1, estimator='tree_path', bg_size=50, bg_seed=0)",dt,3,0.8657128415072725,0.9942279854418928,0,0.0,0.0,0.0,0.09914833648602159,0.0020623931474393438,0.0,0.12113375662479055,0.0,0.0,0.0,0.0,0.022049360509665914,0.0,0.0,0.025031412642485026,0.0075756247070654864,0.08666022738723206,0.22312575213964872
112,"Cfg(cluster_seed=3, surrogate='dt', surrogate_seed=1, estimator='tree_path', bg_size=50, bg_seed=0)",dt,3,0.8657128415072725,0.9942279854418928,1,0.0,0.0,0.0,0.1675744878877224,0.007690639898658879,0.0,0.10349516422850574,0.0,0.0,0.0,0.0,0.02982455128729845,0.0,0.0,0.01375839546740747,0.0037977280321713257,0.08111161886900378,0.22363307772430777
113,"Cfg(cluster_seed=3, surrogate='dt', surrogate_seed=1, estimator='tree_int', bg_size=50, bg_seed=0)",dt,3,0.8657128415072725,0.9942279854418928,0,0.0,0.0,0.0,0.09991708717139601,0.004243165413764382,0.0,0.06637972544714693,0.0,0.0,0.0,0.0,0.03190628682220861,0.0,0.0,0.031768985830924815,0.007442235051738967,0.099394131545824,0.15278630090962098
113,"Cfg(cluster_seed=3, surrogate='dt', surrogate_seed=1, estimator='tree_int', bg_size=50, bg_seed=0)",dt,3,0.8657128415072725,0.9942279854418928,1,0.0,0.0,0.0,0.13293644220816778,0.008446534192981605,0.0,0.11686163228890066,0.0,0.0,0.0,0.0,0.046437584765452074,0.0,0.0,0.032258780005652986,0.009532746254873404,0.08402859750315765,0.1635045092393403
114,"Cfg(cluster_seed=3, surrogate='dt', surrogate_seed=1, estimator='tree_int', bg_size=50, bg_seed=1)",dt,3,0.8657128415072725,0.9942279854418928,0,0.0,0.0,0.0,0.13273584759243845,0.02033728621222747,0.0,0.09433794782084254,0.0,0.0,0.0,0.0,0.015766135104085206,0.0,0.0,0.04566472675270312,0.007527462328064524,0.08170519113371291,0.152392304976132
114,"Cfg(cluster_seed=3, surrogate='dt', surrogate_seed=1, estimator='tree_int', bg_size=50, bg_seed=1)",dt,3,0.8657128415072725,0.9942279854418928,1,0.0,0.0,0.0,0.1403048751540375,0.014399145954340381,0.0,0.10748678748820889,0.0,0.0,0.0,0.0,0.03211027555058427,0.0,0.0,0.03212502708358162,0.00676539549117916,0.08814457038717893,0.18202800527214993
115,"Cfg(cluster_seed=3, surrogate='dt', surrogate_seed=1, estimator='tree_int', bg_size=50, bg_seed=2)",dt,3,0.8657128415072725,0.9942279854418928,0,0.0,0.0,0.0,0.113206232823008,0.0,0.0,0.11136265135867605,0.0,0.0,0.0,0.0,0.02338620877909381,0.0,0.0,0.03171794188970872,0.007496212325905552,0.08354860437293121,0.18997483122924486
115,"Cfg(cluster_seed=3, surrogate='dt', surrogate_seed=1, estimator='tree_int', bg_size=50, bg_seed=2)",dt,3,0.8657128415072725,0.9942279854418928,1,0.0,0.0,0.0,0.1270872766926581,0.00606355995464185,0.0,0.10818204081609101,0.0,0.0,0.0,0.0,0.034285658754386494,0.0,0.0,0.022506973969359634,0.007287389594963216,0.08089214988686474,0.13979603198791193
116,"Cfg(cluster_seed=3, surrogate='dt', surrogate_seed=2, estimator='tree_path', bg_size=50, bg_seed=0)",dt,3,0.8642618157204757,0.9942279854418928,0,0.0,0.0,0.0,0.09914833648602159,0.0020623931474393438,0.0,0.11972181985911977,0.0,0.0022270831757505156,0.0,0.0,0.022049360509665914,0.0,0.0,0.025031412642485026,0.0075756247070654864,0.08666022738723206,0.22312575213964872
116,"Cfg(cluster_seed=3, surrogate='dt', surrogate_seed=2, estimator='tree_path', bg_size=50, bg_seed=0)",dt,3,0.8642618157204757,0.9942279854418928,1,0.0,0.0,0.0,0.16811155311838252,0.007690639898658879,0.0,0.10051866539618652,0.0,0.0051479649468894,0.0,0.0,0.02982455128729845,0.0,0.0,0.01375839546740747,0.0037977280321713257,0.08052144734593873,0.22294871116052487
117,"Cfg(cluster_seed=3, surrogate='dt', surrogate_seed=2, estimator='tree_int', bg_size=50, bg_seed=0)",dt,3,0.8642618157204757,0.9942279854418928,0,0.0,0.0,0.0,0.10308943603441811,0.004243165413764382,0.0,0.06360983900096157,0.0,0.008442235100083063,0.0,0.0,0.03190628682220861,0.0,0.0,0.031768985830924815,0.007442235051738967,0.09546420725401145,0.1488563770792363
117,"Cfg(cluster_seed=3, surrogate='dt', surrogate_seed=2, estimator='tree_int', bg_size=50, bg_seed=0)",dt,3,0.8642618157204757,0.9942279854418928,1,0.0,0.0,0.0,0.13376733182593536,0.008446534192981605,0.0,0.113758015396658,0.0,0.0038563050867175745,0.0,0.0,0.046437584765452074,0.0,0.0,0.032258780005652986,0.009532746254873404,0.08361615904374729,0.1627615963106108
118,"Cfg(cluster_seed=3, surrogate='dt', surrogate_seed=2, estimator='tree_int', bg_size=50, bg_seed=1)",dt,3,0.8642618157204757,0.9942279854418928,0,0.0,0.0,0.0,0.13473868882833878,0.02033728621222747,0.0,0.0915538568287793,0.0,0.006576704727909103,0.0,0.0,0.015766135104085206,0.0,0.0,0.04566472675270312,0.007527462328064524,0.07753378973956288,0.15145953991323327
118,"Cfg(cluster_seed=3, surrogate='dt', surrogate_seed=2, estimator='tree_int', bg_size=50, bg_seed=1)",dt,3,0.8642618157204757,0.9942279854418928,1,0.0,0.0,0.0,0.14135570614656065,0.014399145954340381,0.0,0.10274582940287613,0.0,0.006192571030072109,0.0,0.0,0.03211027555058427,0.0,0.0,0.03212502708358162,0.00676539549117916,0.08751328357328772,0.18095762412962316
119,"Cfg(cluster_seed=3, surrogate='dt', surrogate_seed=2, estimator='tree_int', bg_size=50, bg_seed=2)",dt,3,0.8642618157204757,0.9942279854418928,0,0.0,0.0,0.0,0.11385964194778354,0.0,0.0,0.10696417166629248,0.0,0.006803977441635317,0.0,0.0,0.02338620877909381,0.0,0.0,0.03171794188970872,0.007496212325905552,0.08104860449633133,0.19067355342209316
119,"Cfg(cluster_seed=3, surrogate='dt', surrogate_seed=2, estimator='tree_int', bg_size=50, bg_seed=2)",dt,3,0.8642618157204757,0.9942279854418928,1,0.0,0.0,0.0,0.1280208056219077,0.00606355995464185,0.0,0.10381253923925841,0.0,0.0058699903787930415,0.0,0.0,0.034285658754386494,0.0,0.0,0.022506973969359634,0.007287389594963216,0.08020923570585044,0.1389353436878351
120,"Cfg(cluster_seed=3, surrogate='rf', surrogate_seed=0, estimator='tree_path', bg_size=50, bg_seed=0)",rf,3,0.949488947984866,0.9942279854418928,0,0.00505407390230756,0.008428929023458017,0.00016525041958093063,0.08245003262572333,0.0030463581794038254,0.009502294240941686,0.056445290735403275,0.009280529069022578,0.034706336413341456,0.00010380455840517241,0.0007487824295629073,0.03569177145259686,0.012430547751455006,0.0467481940214458,0.05721100856254764,0.03760688302137789,0.09653079632595167,0.0956424491850643
120,"Cfg(cluster_seed=3, surrogate='rf', surrogate_seed=0, estimator='tree_path', bg_size=50, bg_seed=0)",rf,3,0.949488947984866,0.9942279854418928,1,0.006347593124062514,0.01179575445784944,0.00016498221302077324,0.09394515225195733,0.004569705066237285,0.012122496380983058,0.06702421944496179,0.012433017248614401,0.04661153460447792,9.696507553880518e-05,0.0007316087736771886,0.03428338914907525,0.014795508783106301,0.04580560477443464,0.056014068864605804,0.033898997153895,0.0955281900951502,0.10193530863709098
121,"Cfg(cluster_seed=3, surrogate='rf', surrogate_seed=0, estimator='tree_int', bg_size=50, bg_seed=0)",rf,3,0.949488947984866,0.9942279854418928,0,0.006991204956451546,0.009714181540896817,0.0,0.06492483838577014,0.0024548645427474414,0.006811669626417231,0.0429134660429818,0.01111863627053099,0.03356491783617073,8.023103369902688e-05,0.00037222733232270715,0.026925824149492905,0.008805459267208857,0.03855702418183874,0.04861192407775124,0.03772385424770333,0.08803460768075144,0.08230180267121802
121,"Cfg(cluster_seed=3, surrogate='rf', surrogate_seed=0, estimator='tree_int', bg_size=50, bg_seed=0)",rf,3,0.949488947984866,0.9942279854418928,1,0.0064770437925532245,0.011413183727782165,9.277095259831266e-05,0.07790427158467626,0.00392042545503999,0.011843095048095257,0.06511828514561908,0.011045188381782457,0.04339413848665607,6.495453947000503e-05,0.0008612410932310923,0.03128975855884826,0.011473745897357246,0.03568775083919523,0.056426064805209536,0.03498302948766526,0.07710389924162486,0.09428942765755724
122,"Cfg(cluster_seed=3, surrogate='rf', surrogate_seed=0, estimator='tree_int', bg_size=50, bg_seed=1)",rf,3,0.949488947984866,0.9942279854418928,0,0.00742202231029748,0.006099584666945979,0.0,0.07412760215917989,0.005438578309901428,0.010889728278090956,0.05707798240734934,0.00873793610999763,0.04397003809714253,1.0916982650221804e-05,0.0005750365489366642,0.02811157017163215,0.009516621315701945,0.03584039361173257,0.058593847018772724,0.0347988674874965,0.08459577654516819,0.07400370289978765
122,"Cfg(cluster_seed=3, surrogate='rf', surrogate_seed=0, estimator='tree_int', bg_size=50, bg_seed=1)",rf,3,0.949488947984866,0.9942279854418928,1,0.006683202113454286,0.010857142722069382,7.845575718577512e-05,0.07572379641128663,0.004984447926920722,0.01287546649787167,0.05472962569901382,0.010382935563795735,0.04491569607173062,5.863372746746117e-05,0.0006872783287245909,0.025822266475010174,0.011209971489521419,0.03637453754347298,0.062212548350254325,0.030705864177953218,0.08464446514693494,0.10086698681106199
123,"Cfg(cluster_seed=3, surrogate='rf', surrogate_seed=0, estimator='tree_int', bg_size=50, bg_seed=2)",rf,3,0.949488947984866,0.9942279854418928,0,0.006040091781921098,0.01172713416923577,0.0,0.07087044343457151,0.002028569680738626,0.010553327801069629,0.05744167428312141,0.008892462106423292,0.042396187245328246,7.0720150232391e-05,0.0009879123418224114,0.028118737366129586,0.010437898440575103,0.038727801037138354,0.0591698044102468,0.03774813726639639,0.0930061869956872,0.09593604235418414
123,"Cfg(cluster_seed=3, surrogate='rf', surrogate_seed=0, estimator='tree_int', bg_size=50, bg_seed=2)",rf,3,0.949488947984866,0.9942279854418928,1,0.00577953539387708,0.010933629547869058,7.852224389342402e-05,0.06931726602218699,0.0036750749885502624,0.011779962179880202,0.06070687113892583,0.010168813402237525,0.04290930362992662,5.3294466778907744e-05,0.0007396179331195775,0.029062061428318856,0.010564976285151018,0.03474305351762596,0.04808416769265723,0.031748165640491516,0.07957746438799031,0.07743541941153415
124,"Cfg(cluster_seed=3, surrogate='rf', surrogate_seed=1, estimator='tree_path', bg_size=50, bg_seed=0)",rf,3,0.9567169249398783,0.9942279854418928,0,0.004709083352704882,0.008355954777053311,0.0002026037425632458,0.08125113471544558,0.0027101543917131374,0.010169079754455418,0.05860077600540921,0.011442677401898416,0.03424826816190571,9.373181773170039e-05,0.0004942809596470451,0.03516989063532088,0.014523159453543622,0.04607516040731568,0.058114890613203324,0.03882035812774047,0.0906758551236133,0.0955410141449272
124,"Cfg(cluster_seed=3, surrogate='rf', surrogate_seed=1, estimator='tree_path', bg_size=50, bg_seed=0)",rf,3,0.9567169249398783,0.9942279854418928,1,0.005468695053680431,0.01176996452581708,0.00022223637743923344,0.09516103586374913,0.00423845325744939,0.012868912830107547,0.07181109365571281,0.01503624002590988,0.04460697676358361,8.572872783853859e-05,0.0005943334113917388,0.0342842098738303,0.017048520289506975,0.04465510727140809,0.060496401273724486,0.0348105318184735,0.08995776121649654,0.10165236210070956
125,"Cfg(cluster_seed=3, surrogate='rf', surrogate_seed=1, estimator='tree_int', bg_size=50, bg_seed=0)",rf,3,0.9567169249398783,0.9942279854418928,0,0.006420743690576287,0.009734800566093833,0.0,0.06603509586597356,0.002317609579678528,0.0070401243325515,0.04358095937037443,0.012616108783407291,0.032446097840113104,9.243439097676027e-05,0.00032611968811109326,0.027496161603866434,0.010648973156753578,0.03723476216675898,0.049527180685452414,0.037028357119856095,0.08458669740824504,0.08118030256393914
125,"Cfg(cluster_seed=3, surrogate='rf', surrogate_seed=1, estimator='tree_int', bg_size=50, bg_seed=0)",rf,3,0.9567169249398783,0.9942279854418928,1,0.00605173749308531,0.011471226015525948,0.00014715573891405315,0.07846611225335885,0.0036275799659270954,0.012259236674828252,0.06665135808125673,0.013016939641512312,0.042538561898434586,9.102282626780545e-05,0.0005597421351528958,0.03198346453570949,0.013015218889067273,0.035726090647024616,0.05854524322669962,0.03567560585958765,0.07484802670455559,0.09315435048503103
126,"Cfg(cluster_seed=3, surrogate='rf', surrogate_seed=1, estimator='tree_int', bg_size=50, bg_seed=1)",rf,3,0.9567169249398783,0.9942279854418928,0,0.006807474959831709,0.005867929187436733,0.0,0.07496818851984337,0.005112086400396473,0.012125848735029233,0.058542597102936036,0.010433742494542207,0.043005816517110745,7.1374461028674644e-06,0.00036459296449963425,0.027826958887741934,0.010840509522375408,0.03508366156472035,0.060539001250761657,0.035018000143099165,0.0813315165065756,0.07377882824357858
126,"Cfg(cluster_seed=3, surrogate='rf', surrogate_seed=1, estimator='tree_int', bg_size=50, bg_seed=1)",rf,3,0.9567169249398783,0.9942279854418928,1,0.006321204994492792,0.010915423943607632,0.00013211407765790795,0.07834982933219106,0.00459921755683287,0.01338765140580314,0.05435534015144743,0.012576240897154908,0.04283601108427148,4.94887441791194e-05,0.0006394675794781455,0.02504308566545933,0.0128581467155289,0.03695623881032547,0.06413882992201572,0.030125237598177347,0.08187848486976336,0.1017819229746465
127,"Cfg(cluster_seed=3, surrogate='rf', surrogate_seed=1, estimator='tree_int', bg_size=50, bg_seed=2)",rf,3,0.9567169249398783,0.9942279854418928,0,0.005360686820809057,0.01175529502096348,0.0,0.06968172235676136,0.0018177787298242773,0.011557944990166854,0.05868765437820058,0.01067948425562225,0.040455684474000636,6.004795249530362e-05,0.0007818781792966759,0.028965414587704373,0.01186035043364985,0.038545108274375836,0.061652446226616565,0.03758774937646874,0.08825353461411961,0.09432683164802774
127,"Cfg(cluster_seed=3, surrogate='rf', surrogate_seed=1, estimator='tree_int', bg_size=50, bg_seed=2)",rf,3,0.9567169249398783,0.9942279854418928,1,0.005351933530559033,0.011103275775940937,0.00013017083575822628,0.07195968616101238,0.0034739337322775127,0.012257330944796275,0.061724684149078494,0.012075048251777194,0.04138964505958884,6.871309258878503e-05,0.0005935479373952722,0.03054962846817128,0.011791274675190455,0.034905149391920166,0.050032585080519415,0.03191765306138173,0.0767851650379525,0.07830986167957918
128,"Cfg(cluster_seed=3, surrogate='rf', surrogate_seed=2, estimator='tree_path', bg_size=50, bg_seed=0)",rf,3,0.9494967235743109,0.9942279854418928,0,0.00441872524412404,0.008625109239830479,0.00011863944112771242,0.08574169741681412,0.002856550084135864,0.010374714107025097,0.0520116429854627,0.009584625868120691,0.03424284162307572,6.480698281749015e-05,0.0006034762460952495,0.03530221654064748,0.01412890696460999,0.043811614594515075,0.06142658576448487,0.037648675121446123,0.09439376124310979,0.09446646450311345
128,"Cfg(cluster_seed=3, surrogate='rf', surrogate_seed=2, estimator='tree_path', bg_size=50, bg_seed=0)",rf,3,0.9494967235743109,0.9942279854418928,1,0.004898447909363068,0.011828422664874801,0.0001250535746506408,0.09909692879990711,0.004595937235197884,0.013313295765968894,0.06415485599380853,0.013199108580394995,0.04881456400072886,5.5959628532267835e-05,0.0007371811663554484,0.0338411129248237,0.016108627310260103,0.04386497565618616,0.0619967150761378,0.0331523123047701,0.09568805443555409,0.09814295954773729
129,"Cfg(cluster_seed=3, surrogate='rf', surrogate_seed=2, estimator='tree_int', bg_size=50, bg_seed=0)",rf,3,0.9494967235743109,0.9942279854418928,0,0.005752754442410352,0.010436365791836509,0.0,0.06692016221351606,0.002565039022526064,0.007331366364318242,0.03996677127064063,0.010217487215055823,0.03478079813462351,7.103445412874204e-05,0.00042207816005527935,0.025996923842939366,0.01060181548318081,0.037595999729557586,0.05066311783268533,0.03642072432658217,0.0865380280865865,0.08066910013446954
129,"Cfg(cluster_seed=3, surrogate='rf', surrogate_seed=2, estimator='tree_int', bg_size=50, bg_seed=0)",rf,3,0.9494967235743109,0.9942279854418928,1,0.005408667874807076,0.011848741845528307,8.426135581065173e-05,0.08049886503464314,0.004140001709352909,0.013326369325743171,0.06027602716341554,0.010564080075374958,0.045251960699351515,6.079357420209527e-05,0.0006904714191123244,0.0312282085154719,0.012686886762944024,0.03567114273130806,0.060225868758878184,0.03512148495158406,0.07779555105478674,0.09170073247952633
130,"Cfg(cluster_seed=3, surrogate='rf', surrogate_seed=2, estimator='tree_int', bg_size=50, bg_seed=1)",rf,3,0.9494967235743109,0.9942279854418928,0,0.006470451685783542,0.006377030851383242,0.0,0.07627353046666979,0.006037336414334041,0.012351574828918637,0.05380150423514196,0.007643752583279286,0.04398033194896809,7.655122860590132e-06,0.0004386567458116344,0.02825994578785854,0.010310849707624036,0.034805278422293286,0.06193136217682862,0.033733288851171106,0.08106038138613289,0.07313674026548596
130,"Cfg(cluster_seed=3, surrogate='rf', surrogate_seed=2, estimator='tree_int', bg_size=50, bg_seed=1)",rf,3,0.9494967235743109,0.9942279854418928,1,0.005733282512010758,0.011247129570604997,7.48141182340235e-05,0.07966192803625893,0.005163862135212882,0.013833089015848456,0.05041020933744374,0.009918858821919806,0.04588910706351812,3.597154399686318e-05,0.0007375928793129918,0.02555000018550697,0.012742127393108661,0.03673323557762735,0.0661328939066569,0.03003603001642113,0.08317405530008354,0.10003396263197617
131,"Cfg(cluster_seed=3, surrogate='rf', surrogate_seed=2, estimator='tree_int', bg_size=50, bg_seed=2)",rf,3,0.9494967235743109,0.9942279854418928,0,0.005200947287094093,0.012797468735035468,0.0,0.07016903929190153,0.0021108753287774613,0.011091398887272173,0.05427610552422113,0.008525598743724853,0.04314270156253857,3.880276134664617e-05,0.0008938216535941799,0.02768487327494855,0.011482347795818982,0.03691654122901023,0.0634757408771636,0.03677605498233319,0.09002419786276303,0.09431165319193814
131,"Cfg(cluster_seed=3, surrogate='rf', surrogate_seed=2, estimator='tree_int', bg_size=50, bg_seed=2)",rf,3,0.9494967235743109,0.9942279854418928,1,0.005008814353688267,0.011210410903526249,7.296187848271896e-05,0.0732976217692478,0.003773712139204062,0.01239225223349638,0.05665487338885162,0.010233005665815987,0.044191063275989734,3.3045664547744226e-05,0.000707516066621715,0.029463883005368306,0.011737593400046598,0.03436730924539425,0.05122643050133241,0.03129866581966315,0.0797868082283913,0.07694723089776924
132,"Cfg(cluster_seed=3, surrogate='lgbm', surrogate_seed=0, estimator='tree_path', bg_size=50, bg_seed=0)",lgbm,3,0.9436869112922113,0.9942279854418928,0,0.13739754062304285,0.42018896999118116,0.0,1.83253511543745,0.03858096697965116,0.41135202593497094,2.1990157864046807,0.5762374713784717,1.213049147043927,0.0,0.0015048746940060011,1.0930236599162,0.1625132890972399,1.3194983918408714,2.726627780500016,1.0027940622791895,3.21396305390746,3.0894105479132077
132,"Cfg(cluster_seed=3, surrogate='lgbm', surrogate_seed=0, estimator='tree_path', bg_size=50, bg_seed=0)",lgbm,3,0.9436869112922113,0.9942279854418928,1,0.14701193921919808,0.4766371385506586,0.0,2.1744846833079494,0.053290593359172696,0.4724509337151753,2.553453178394649,0.6258004340617637,1.3629047121553308,0.0,0.003385924680342666,1.0001134213318996,0.21153746862229647,1.2549293108333786,2.7159699996756492,1.0010329130594025,3.2374422151501587,3.486913726567689
133,"Cfg(cluster_seed=3, surrogate='lgbm', surrogate_seed=0, estimator='tree_int', bg_size=50, bg_seed=0)",lgbm,3,0.9436869112922113,0.9942279854418928,0,0.003964425620858498,0.008117539138364991,0.0,0.05414077382132412,0.000993149097615991,0.007685458573125564,0.04838701521311031,0.012771304440195618,0.029305293467490712,0.0,1.5004472161080146e-05,0.023036073995146348,0.00513955843106001,0.0402711737545737,0.062051073502076615,0.03227749142382961,0.0883023255610194,0.08828786663786901
133,"Cfg(cluster_seed=3, surrogate='lgbm', surrogate_seed=0, estimator='tree_int', bg_size=50, bg_seed=0)",lgbm,3,0.9436869112922113,0.9942279854418928,1,0.004477812158489741,0.010724607128911092,0.0,0.06588444537510517,0.001300562020728021,0.010730281517418611,0.06325378418689298,0.01402409620880301,0.04048377893453294,0.0,9.631132487783626e-05,0.03143628710439963,0.005795120772260289,0.03365140131507759,0.07491442034944609,0.02969463643794032,0.07056419037279416,0.10113667021729422
134,"Cfg(cluster_seed=3, surrogate='lgbm', surrogate_seed=0, estimator='tree_int', bg_size=50, bg_seed=1)",lgbm,3,0.9436869112922113,0.9942279854418928,0,0.005390586385141131,0.007092906726854976,0.0,0.05481654016652597,0.0023258453565116956,0.012177205331240214,0.061681056264542296,0.011532767687958327,0.04741627649073055,0.0,4.401500029539802e-05,0.02623222715747183,0.003259736043955554,0.03138873166751354,0.08105805328037817,0.02626972138185486,0.08560251082276243,0.07469075750067705
134,"Cfg(cluster_seed=3, surrogate='lgbm', surrogate_seed=0, estimator='tree_int', bg_size=50, bg_seed=1)",lgbm,3,0.9436869112922113,0.9942279854418928,1,0.0035564742634233396,0.009796919989829896,0.0,0.056496739059795374,0.0015025491963126941,0.011649038654721687,0.04634448172870421,0.013558589545489714,0.04336139372357978,0.0,1.8787956018599976e-05,0.024137847845195903,0.005342313333534363,0.033235772907640335,0.09046956788996004,0.022466589676707848,0.08036492990205808,0.09853668867865059
135,"Cfg(cluster_seed=3, surrogate='lgbm', surrogate_seed=0, estimator='tree_int', bg_size=50, bg_seed=2)",lgbm,3,0.9436869112922113,0.9942279854418928,0,0.004251663682689735,0.011603249982977827,0.0,0.05258977883575184,0.0007221810895411743,0.011782099560267368,0.06690322848699842,0.012924142775459913,0.04726596428082422,0.0,9.22510250411717e-05,0.025408340004283603,0.005358067075086925,0.03422248461971309,0.08018825433489288,0.026972687685006023,0.09143054359352369,0.09800508212549416
135,"Cfg(cluster_seed=3, surrogate='lgbm', surrogate_seed=0, estimator='tree_int', bg_size=50, bg_seed=2)",lgbm,3,0.9436869112922113,0.9942279854418928,1,0.003536910855631093,0.00939162464863963,0.0,0.046958693939358705,0.0012944257427793214,0.009870304109918654,0.06782403037470859,0.011866433767643254,0.03845154841603171,0.0,1.663109829789622e-05,0.024881964252598674,0.005048985276183559,0.0275778921439844,0.06560366472616767,0.023415073869126217,0.08119985263885482,0.07448093417132975
136,"Cfg(cluster_seed=3, surrogate='lgbm', surrogate_seed=1, estimator='tree_path', bg_size=50, bg_seed=0)",lgbm,3,0.9436869112922113,0.9942279854418928,0,0.13739754062304285,0.42018896999118116,0.0,1.83253511543745,0.03858096697965116,0.41135202593497094,2.1990157864046807,0.5762374713784717,1.213049147043927,0.0,0.0015048746940060011,1.0930236599162,0.1625132890972399,1.3194983918408714,2.726627780500016,1.0027940622791895,3.21396305390746,3.0894105479132077
136,"Cfg(cluster_seed=3, surrogate='lgbm', surrogate_seed=1, estimator='tree_path', bg_size=50, bg_seed=0)",lgbm,3,0.9436869112922113,0.9942279854418928,1,0.14701193921919808,0.4766371385506586,0.0,2.1744846833079494,0.053290593359172696,0.4724509337151753,2.553453178394649,0.6258004340617637,1.3629047121553308,0.0,0.003385924680342666,1.0001134213318996,0.21153746862229647,1.2549293108333786,2.7159699996756492,1.0010329130594025,3.2374422151501587,3.486913726567689
137,"Cfg(cluster_seed=3, surrogate='lgbm', surrogate_seed=1, estimator='tree_int', bg_size=50, bg_seed=0)",lgbm,3,0.9436869112922113,0.9942279854418928,0,0.003964425620858498,0.008117539138364991,0.0,0.05414077382132412,0.000993149097615991,0.007685458573125564,0.04838701521311031,0.012771304440195618,0.029305293467490712,0.0,1.5004472161080146e-05,0.023036073995146348,0.00513955843106001,0.0402711737545737,0.062051073502076615,0.03227749142382961,0.0883023255610194,0.08828786663786901
137,"Cfg(cluster_seed=3, surrogate='lgbm', surrogate_seed=1, estimator='tree_int', bg_size=50, bg_seed=0)",lgbm,3,0.9436869112922113,0.9942279854418928,1,0.004477812158489741,0.010724607128911092,0.0,0.06588444537510517,0.001300562020728021,0.010730281517418611,0.06325378418689298,0.01402409620880301,0.04048377893453294,0.0,9.631132487783626e-05,0.03143628710439963,0.005795120772260289,0.03365140131507759,0.07491442034944609,0.02969463643794032,0.07056419037279416,0.10113667021729422
138,"Cfg(cluster_seed=3, surrogate='lgbm', surrogate_seed=1, estimator='tree_int', bg_size=50, bg_seed=1)",lgbm,3,0.9436869112922113,0.9942279854418928,0,0.005390586385141131,0.007092906726854976,0.0,0.05481654016652597,0.0023258453565116956,0.012177205331240214,0.061681056264542296,0.011532767687958327,0.04741627649073055,0.0,4.401500029539802e-05,0.02623222715747183,0.003259736043955554,0.03138873166751354,0.08105805328037817,0.02626972138185486,0.08560251082276243,0.07469075750067705
138,"Cfg(cluster_seed=3, surrogate='lgbm', surrogate_seed=1, estimator='tree_int', bg_size=50, bg_seed=1)",lgbm,3,0.9436869112922113,0.9942279854418928,1,0.0035564742634233396,0.009796919989829896,0.0,0.056496739059795374,0.0015025491963126941,0.011649038654721687,0.04634448172870421,0.013558589545489714,0.04336139372357978,0.0,1.8787956018599976e-05,0.024137847845195903,0.005342313333534363,0.033235772907640335,0.09046956788996004,0.022466589676707848,0.08036492990205808,0.09853668867865059
139,"Cfg(cluster_seed=3, surrogate='lgbm', surrogate_seed=1, estimator='tree_int', bg_size=50, bg_seed=2)",lgbm,3,0.9436869112922113,0.9942279854418928,0,0.004251663682689735,0.011603249982977827,0.0,0.05258977883575184,0.0007221810895411743,0.011782099560267368,0.06690322848699842,0.012924142775459913,0.04726596428082422,0.0,9.22510250411717e-05,0.025408340004283603,0.005358067075086925,0.03422248461971309,0.08018825433489288,0.026972687685006023,0.09143054359352369,0.09800508212549416
139,"Cfg(cluster_seed=3, surrogate='lgbm', surrogate_seed=1, estimator='tree_int', bg_size=50, bg_seed=2)",lgbm,3,0.9436869112922113,0.9942279854418928,1,0.003536910855631093,0.00939162464863963,0.0,0.046958693939358705,0.0012944257427793214,0.009870304109918654,0.06782403037470859,0.011866433767643254,0.03845154841603171,0.0,1.663109829789622e-05,0.024881964252598674,0.005048985276183559,0.0275778921439844,0.06560366472616767,0.023415073869126217,0.08119985263885482,0.07448093417132975
140,"Cfg(cluster_seed=3, surrogate='lgbm', surrogate_seed=2, estimator='tree_path', bg_size=50, bg_seed=0)",lgbm,3,0.9436869112922113,0.9942279854418928,0,0.13739754062304285,0.42018896999118116,0.0,1.83253511543745,0.03858096697965116,0.41135202593497094,2.1990157864046807,0.5762374713784717,1.213049147043927,0.0,0.0015048746940060011,1.0930236599162,0.1625132890972399,1.3194983918408714,2.726627780500016,1.0027940622791895,3.21396305390746,3.0894105479132077
140,"Cfg(cluster_seed=3, surrogate='lgbm', surrogate_seed=2, estimator='tree_path', bg_size=50, bg_seed=0)",lgbm,3,0.9436869112922113,0.9942279854418928,1,0.14701193921919808,0.4766371385506586,0.0,2.1744846833079494,0.053290593359172696,0.4724509337151753,2.553453178394649,0.6258004340617637,1.3629047121553308,0.0,0.003385924680342666,1.0001134213318996,0.21153746862229647,1.2549293108333786,2.7159699996756492,1.0010329130594025,3.2374422151501587,3.486913726567689
141,"Cfg(cluster_seed=3, surrogate='lgbm', surrogate_seed=2, estimator='tree_int', bg_size=50, bg_seed=0)",lgbm,3,0.9436869112922113,0.9942279854418928,0,0.003964425620858498,0.008117539138364991,0.0,0.05414077382132412,0.000993149097615991,0.007685458573125564,0.04838701521311031,0.012771304440195618,0.029305293467490712,0.0,1.5004472161080146e-05,0.023036073995146348,0.00513955843106001,0.0402711737545737,0.062051073502076615,0.03227749142382961,0.0883023255610194,0.08828786663786901
141,"Cfg(cluster_seed=3, surrogate='lgbm', surrogate_seed=2, estimator='tree_int', bg_size=50, bg_seed=0)",lgbm,3,0.9436869112922113,0.9942279854418928,1,0.004477812158489741,0.010724607128911092,0.0,0.06588444537510517,0.001300562020728021,0.010730281517418611,0.06325378418689298,0.01402409620880301,0.04048377893453294,0.0,9.631132487783626e-05,0.03143628710439963,0.005795120772260289,0.03365140131507759,0.07491442034944609,0.02969463643794032,0.07056419037279416,0.10113667021729422
142,"Cfg(cluster_seed=3, surrogate='lgbm', surrogate_seed=2, estimator='tree_int', bg_size=50, bg_seed=1)",lgbm,3,0.9436869112922113,0.9942279854418928,0,0.005390586385141131,0.007092906726854976,0.0,0.05481654016652597,0.0023258453565116956,0.012177205331240214,0.061681056264542296,0.011532767687958327,0.04741627649073055,0.0,4.401500029539802e-05,0.02623222715747183,0.003259736043955554,0.03138873166751354,0.08105805328037817,0.02626972138185486,0.08560251082276243,0.07469075750067705
142,"Cfg(cluster_seed=3, surrogate='lgbm', surrogate_seed=2, estimator='tree_int', bg_size=50, bg_seed=1)",lgbm,3,0.9436869112922113,0.9942279854418928,1,0.0035564742634233396,0.009796919989829896,0.0,0.056496739059795374,0.0015025491963126941,0.011649038654721687,0.04634448172870421,0.013558589545489714,0.04336139372357978,0.0,1.8787956018599976e-05,0.024137847845195903,0.005342313333534363,0.033235772907640335,0.09046956788996004,0.022466589676707848,0.08036492990205808,0.09853668867865059
143,"Cfg(cluster_seed=3, surrogate='lgbm', surrogate_seed=2, estimator='tree_int', bg_size=50, bg_seed=2)",lgbm,3,0.9436869112922113,0.9942279854418928,0,0.004251663682689735,0.011603249982977827,0.0,0.05258977883575184,0.0007221810895411743,0.011782099560267368,0.06690322848699842,0.012924142775459913,0.04726596428082422,0.0,9.22510250411717e-05,0.025408340004283603,0.005358067075086925,0.03422248461971309,0.08018825433489288,0.026972687685006023,0.09143054359352369,0.09800508212549416
143,"Cfg(cluster_seed=3, surrogate='lgbm', surrogate_seed=2, estimator='tree_int', bg_size=50, bg_seed=2)",lgbm,3,0.9436869112922113,0.9942279854418928,1,0.003536910855631093,0.00939162464863963,0.0,0.046958693939358705,0.0012944257427793214,0.009870304109918654,0.06782403037470859,0.011866433767643254,0.03845154841603171,0.0,1.663109829789622e-05,0.024881964252598674,0.005048985276183559,0.0275778921439844,0.06560366472616767,0.023415073869126217,0.08119985263885482,0.07448093417132975
144,"Cfg(cluster_seed=4, surrogate='dt', surrogate_seed=0, estimator='tree_path', bg_size=50, bg_seed=0)",dt,4,0.9019616814412353,0.001510278498111838,0,0.0,0.0,0.0,0.0,0.0,0.0,0.0,0.0,0.0,0.008630858648311967,0.0,0.002115344371936205,0.004343760469857617,0.0,0.0015129717198061451,0.0,0.0,0.0
144,"Cfg(cluster_seed=4, surrogate='dt', surrogate_seed=0, estimator='tree_path', bg_size=50, bg_seed=0)",dt,4,0.9019616814412353,0.001510278498111838,1,0.0,0.0,0.0,0.0,0.0,0.0,0.0,0.0,0.0,0.5563158579682558,0.0,0.14287735198014442,0.24905621136229042,0.0,0.06688390800232906,0.0,0.0,0.0
145,"Cfg(cluster_seed=4, surrogate='dt', surrogate_seed=0, estimator='tree_int', bg_size=50, bg_seed=0)",dt,4,0.9019616814412353,0.001510278498111838,0,0.0,0.0,0.0,0.0,0.0,0.0,0.0,0.0,0.0,0.019999999999999702,0.0,0.020746705594907544,0.011932650303596184,0.0,0.00831625188775859,0.0,0.0,0.0
145,"Cfg(cluster_seed=4, surrogate='dt', surrogate_seed=0, estimator='tree_int', bg_size=50, bg_seed=0)",dt,4,0.9019616814412353,0.001510278498111838,1,0.0,0.0,0.0,0.0,0.0,0.0,0.0,0.0,0.0,0.5419999973773957,0.0,0.14566666808724404,0.24066666293144223,0.0,0.06833333441615105,0.0,0.0,0.0
146,"Cfg(cluster_seed=4, surrogate='dt', surrogate_seed=0, estimator='tree_int', bg_size=50, bg_seed=1)",dt,4,0.9019616814412353,0.001510278498111838,0,0.0,0.0,0.0,0.0,0.0,0.0,0.0,0.0,0.0,0.0,0.0,0.0006734992679355784,0.0,0.0,0.0006734992679355784,0.0,0.0,0.0
146,"Cfg(cluster_seed=4, surrogate='dt', surrogate_seed=0, estimator='tree_int', bg_size=50, bg_seed=1)",dt,4,0.9019616814412353,0.001510278498111838,1,0.0,0.0,0.0,0.0,0.0,0.0,0.0,0.0,0.0,0.5589999978542328,0.0,0.16766666811704636,0.24366666269302367,0.0,0.06033333432674408,0.0,0.0,0.0
147,"Cfg(cluster_seed=4, surrogate='dt', surrogate_seed=0, estimator='tree_int', bg_size=50, bg_seed=2)",dt,4,0.9019616814412353,0.001510278498111838,0,0.0,0.0,0.0,0.0,0.0,0.0,0.0,0.0,0.0,0.039999999999999404,0.0,0.0004099560761346999,0.0,0.0,0.0004099560761346999,0.0,0.0,0.0
147,"Cfg(cluster_seed=4, surrogate='dt', surrogate_seed=0, estimator='tree_int', bg_size=50, bg_seed=2)",dt,4,0.9019616814412353,0.001510278498111838,1,0.0,0.0,0.0,0.0,0.0,0.0,0.0,0.0,0.0,0.5476666638851165,0.0,0.13300000128149986,0.24699999618530272,0.0,0.06766666767001153,0.0,0.0,0.0
148,"Cfg(cluster_seed=4, surrogate='dt', surrogate_seed=1, estimator='tree_path', bg_size=50, bg_seed=0)",dt,4,0.9148078289869334,0.001510278498111838,0,0.0,0.0,0.0,0.0,0.0,0.0,0.0,0.0,0.0,0.008632794180178023,0.0,0.0014524856610967072,0.004344734588739769,0.0,0.0,0.0,0.0,0.0
148,"Cfg(cluster_seed=4, surrogate='dt', surrogate_seed=1, estimator='tree_path', bg_size=50, bg_seed=0)",dt,4,0.9148078289869334,0.001510278498111838,1,0.0,0.0,0.0,0.0,0.0,0.0,0.0,0.0,0.0,0.5947957391456969,0.0,0.09985538432926006,0.2986940443569188,0.0,0.0,0.0,0.0,0.0
149,"Cfg(cluster_seed=4, surrogate='dt', surrogate_seed=1, estimator='tree_int', bg_size=50, bg_seed=0)",dt,4,0.9148078289869334,0.001510278498111838,0,0.0,0.0,0.0,0.0,0.0,0.0,0.0,0.0,0.0,0.019999999999999702,0.0,0.019999999999999702,0.019999999999999702,0.0,0.0,0.0,0.0,0.0
149,"Cfg(cluster_seed=4, surrogate='dt', surrogate_seed=1, estimator='tree_int', bg_size=50, bg_seed=0)",dt,4,0.9148078289869334,0.001510278498111838,1,0.0,0.0,0.0,0.0,0.0,0.0,0.0,0.0,0.0,0.5799999999999998,0.0,0.10500000000000001,0.295,0.0,0.0,0.0,0.0,0.0
150,"Cfg(cluster_seed=4, surrogate='dt', surrogate_seed=1, estimator='tree_int', bg_size=50, bg_seed=1)",dt,4,0.9148078289869334,0.001510278498111838,0,0.0,0.0,0.0,0.0,0.0,0.0,0.0,0.0,0.0,0.0,0.0,0.0,0.0,0.0,0.0,0.0,0.0,0.0
150,"Cfg(cluster_seed=4, surrogate='dt', surrogate_seed=1, estimator='tree_int', bg_size=50, bg_seed=1)",dt,4,0.9148078289869334,0.001510278498111838,1,0.0,0.0,0.0,0.0,0.0,0.0,0.0,0.0,0.0,0.6,0.0,0.1,0.3,0.0,0.0,0.0,0.0,0.0
151,"Cfg(cluster_seed=4, surrogate='dt', surrogate_seed=1, estimator='tree_int', bg_size=50, bg_seed=2)",dt,4,0.9148078289869334,0.001510278498111838,0,0.0,0.0,0.0,0.0,0.0,0.0,0.0,0.0,0.0,0.039999999999999404,0.0,0.0,0.0,0.0,0.0,0.0,0.0,0.0
151,"Cfg(cluster_seed=4, surrogate='dt', surrogate_seed=1, estimator='tree_int', bg_size=50, bg_seed=2)",dt,4,0.9148078289869334,0.001510278498111838,1,0.0,0.0,0.0,0.0,0.0,0.0,0.0,0.0,0.0,0.5839999999999999,0.0,0.098,0.294,0.0,0.0,0.0,0.0,0.0
152,"Cfg(cluster_seed=4, surrogate='dt', surrogate_seed=2, estimator='tree_path', bg_size=50, bg_seed=0)",dt,4,0.8715980548002363,0.001510278498111838,0,0.0,0.0,0.0,0.0,0.0,0.0,0.0013262363402837115,0.0,0.0,0.008632485974466819,0.0,0.001552691902803571,0.004344579474268121,0.0,0.0,0.0,0.0,0.0
152,"Cfg(cluster_seed=4, surrogate='dt', surrogate_seed=2, estimator='tree_path', bg_size=50, bg_seed=0)",dt,4,0.8715980548002363,0.001510278498111838,1,0.0,0.0,0.0,0.0,0.0,0.0,0.05588107474072387,0.0,0.0,0.5893243577530713,0.0,0.11015839906324851,0.2822805312319217,0.0,0.0,0.0,0.0,0.0
153,"Cfg(cluster_seed=4, surrogate='dt', surrogate_seed=2, estimator='tree_int', bg_size=50, bg_seed=0)",dt,4,0.8715980548002363,0.001510278498111838,0,0.0,0.0,0.0,0.0,0.0,0.0,0.009199609581495516,0.0,0.0,0.019999999999999702,0.0,0.012864812040049583,0.019468033313750972,0.0,0.0,0.0,0.0,0.0
153,"Cfg(cluster_seed=4, surrogate='dt', surrogate_seed=2, estimator='tree_int', bg_size=50, bg_seed=0)",dt,4,0.8715980548002363,0.001510278498111838,1,0.0,0.0,0.0,0.0,0.0,0.0,0.057666667073965075,0.0,0.0,0.5783333327770234,0.0,0.08133333405852318,0.28666666567325594,0.0,0.0,0.0,0.0,0.0
154,"Cfg(cluster_seed=4, surrogate='dt', surrogate_seed=2, estimator='tree_int', bg_size=50, bg_seed=1)",dt,4,0.8715980548002363,0.001510278498111838,0,0.0,0.0,0.0,0.0,0.0,0.0,0.00029282576866764275,0.0,0.0,0.0,0.0,0.00029282576866764275,0.0,0.0,0.0,0.0,0.0,0.0
154,"Cfg(cluster_seed=4, surrogate='dt', surrogate_seed=2, estimator='tree_int', bg_size=50, bg_seed=1)",dt,4,0.8715980548002363,0.001510278498111838,1,0.0,0.0,0.0,0.0,0.0,0.0,0.05333333373069764,0.0,0.0,0.5966666662693024,0.0,0.08666666746139526,0.2899999988079071,0.0,0.0,0.0,0.0,0.0
155,"Cfg(cluster_seed=4, surrogate='dt', surrogate_seed=2, estimator='tree_int', bg_size=50, bg_seed=2)",dt,4,0.8715980548002363,0.001510278498111838,0,0.0,0.0,0.0,0.0,0.0,0.0,0.0002537823334270829,0.0,0.0,0.039990239143371,0.0,0.00024402147330790977,0.0,0.0,0.0,0.0,0.0,0.0
155,"Cfg(cluster_seed=4, surrogate='dt', surrogate_seed=2, estimator='tree_int', bg_size=50, bg_seed=2)",dt,4,0.8715980548002363,0.001510278498111838,1,0.0,0.0,0.0,0.0,0.0,0.0,0.051833333685994146,0.0,0.0,0.5811666663885117,0.0,0.07950000067055225,0.285499998986721,0.0,0.0,0.0,0.0,0.0
156,"Cfg(cluster_seed=4, surrogate='rf', surrogate_seed=0, estimator='tree_path', bg_size=50, bg_seed=0)",rf,4,0.8315098235098235,0.001510278498111838,0,0.0011151297650264333,0.0009250097972206511,0.00037650231570611074,0.0007275238431403127,8.195044404595757e-06,5.696783985395337e-05,0.0005719090248517525,0.00013754143800119887,0.00043605502247153215,0.0053521197651157275,0.0002146209398500901,0.004941092541898454,0.0019558826605122668,0.002779947653830814,0.00043582930080569415,0.0007651600806459384,0.0007658561590597273,0.0006463007460748891
156,"Cfg(cluster_seed=4, surrogate='rf', surrogate_seed=0, estimator='tree_path', bg_size=50, bg_seed=0)",rf,4,0.8315098235098235,0.001510278498111838,1,0.023266967688438712,0.01811643491402195,0.013913387643731828,0.013121682835045065,0.00014978963985989624,0.000842257303710206,0.012370177607855765,0.0029049535774269145,0.00819731954207612,0.28653719114337534,0.0034375727185243536,0.17766049483061036,0.08988010292652435,0.06572688895565601,0.013560474307479791,0.02522817687919615,0.03212816337987711,0.02587334432736098
157,"Cfg(cluster_seed=4, surrogate='rf', surrogate_seed=0, estimator='tree_int', bg_size=50, bg_seed=0)",rf,4,0.8315098235098235,0.001510278498111838,0,0.0019779095980636176,0.0022087246349171276,0.0,0.001973969464928852,2.171791141230945e-06,5.173255371728881e-05,0.0011790369568317812,0.00020620953816844422,0.0006480234423286669,0.013338599639788251,7.703920791544741e-05,0.012549759536767834,0.007907169547535285,0.003999204584862275,0.0008305027043007311,0.0010737856112069102,0.0009018822404067471,0.0010476915840730908
157,"Cfg(cluster_seed=4, surrogate='rf', surrogate_seed=0, estimator='tree_int', bg_size=50, bg_seed=0)",rf,4,0.8315098235098235,0.001510278498111838,1,0.021022222735889957,0.0156703337149811,0.01413366699940525,0.012833127293575672,4.0238096611574294e-05,0.00042333334358409045,0.01115155582490843,0.0020960000513587144,0.005815222364053625,0.2832986735219893,0.0032922223042696707,0.17213068677044432,0.08983311333484015,0.06284512849556631,0.013036238419215807,0.02465234979207162,0.02936690546484897,0.019055222688726645
158,"Cfg(cluster_seed=4, surrogate='rf', surrogate_seed=0, estimator='tree_int', bg_size=50, bg_seed=1)",rf,4,0.8315098235098235,0.001510278498111838,0,0.0007832699065073806,0.0007104604048980024,0.0,0.0005278656387470329,7.987636252099138e-07,2.2271027056279415e-05,0.0005333577477223871,0.00010361314713624424,0.0006797006841538286,0.000279925173550086,0.00010280624932960947,0.0017856222983593925,0.0006463478272895834,0.0009681080416221427,0.00039890028622395447,0.0002376362518271049,0.000342611037596984,0.0005694599134929685
158,"Cfg(cluster_seed=4, surrogate='rf', surrogate_seed=0, estimator='tree_int', bg_size=50, bg_seed=1)",rf,4,0.8315098235098235,0.001510278498111838,1,0.021855556089722086,0.017250889308226762,0.014453778120456262,0.014123397165698406,4.984127130592242e-05,0.0007533333515748382,0.011265555827732896,0.001699888930626912,0.006123111260229052,0.2930326737739378,0.0032382223025779248,0.18210040130619382,0.09314855787562556,0.0697405096134753,0.012933286034280173,0.025891841882868905,0.03085139756440185,0.02015200049050691
159,"Cfg(cluster_seed=4, surrogate='rf', surrogate_seed=0, estimator='tree_int', bg_size=50, bg_seed=2)",rf,4,0.8315098235098235,0.001510278498111838,0,0.0025130031566274634,0.0015105824348790188,0.0,0.001018422019691275,4.882056376519088e-06,4.846266588798844e-05,0.001262397945228823,0.00013280299651079723,0.0005571042925517747,0.02045561298657213,0.0006158841901102048,0.005328043082162329,0.0017296779334163685,0.003631395889527692,0.0012389588717489344,0.0006289507264100432,0.0005603985823292049,0.0009496291158646694
159,"Cfg(cluster_seed=4, surrogate='rf', surrogate_seed=0, estimator='tree_int', bg_size=50, bg_seed=2)",rf,4,0.8315098235098235,0.001510278498111838,1,0.021135778290976303,0.01655044484333484,0.01412288922443986,0.013908555891277503,2.5000000779982654e-05,0.0006377777932211757,0.010580889144650428,0.0017391111533215735,0.006039762051976141,0.2845068799094879,0.00335688897393993,0.17766721071430586,0.09175944671680916,0.06447089044225868,0.01262598444131072,0.024747318048554005,0.029439207049814287,0.018938206812712452
160,"Cfg(cluster_seed=4, surrogate='rf', surrogate_seed=1, estimator='tree_path', bg_size=50, bg_seed=0)",rf,4,0.764479530202158,0.001510278498111838,0,0.0014943554382951371,0.0009711328884049788,0.000397232538098982,0.0005202659852629116,1.3859826073100875e-05,9.244758143864895e-05,0.0006231085262449668,0.0001634607431306664,0.0002666562031898285,0.004860866242399291,0.000395144111735712,0.005126155570858207,0.0021150082169425558,0.002218923754863975,0.00036504261111375925,0.00077434991993806,0.0008285987012285178,0.0007290536971692949
160,"Cfg(cluster_seed=4, surrogate='rf', surrogate_seed=1, estimator='tree_path', bg_size=50, bg_seed=0)",rf,4,0.764479530202158,0.001510278498111838,1,0.0279440326049597,0.01811788225541464,0.015584578698070372,0.00967533832997743,0.0003499040157373491,0.0015157605078242365,0.011179166094836842,0.004072017716692446,0.005625705789649906,0.2773033851446537,0.006012937446669133,0.18008665821197464,0.09623043081787937,0.0525101642955698,0.009240045224177835,0.023450957260378286,0.036637518730343537,0.024327142194027283
161,"Cfg(cluster_seed=4, surrogate='rf', surrogate_seed=1, estimator='tree_int', bg_size=50, bg_seed=0)",rf,4,0.764479530202158,0.001510278498111838,0,0.002329837375852799,0.0022983943961186934,0.0,0.0013624727848393458,4.511143750406113e-06,0.0001338018544937308,0.001201926171783042,0.00042838784303858107,0.0005722189828524909,0.012729032356491846,0.00014958679190409734,0.012774177958696975,0.0077698732986177825,0.003335716687632465,0.0005930893252191064,0.0011929006319313057,0.0014953685119061394,0.0009222141105235441
161,"Cfg(cluster_seed=4, surrogate='rf', surrogate_seed=1, estimator='tree_int', bg_size=50, bg_seed=0)",rf,4,0.764479530202158,0.001510278498111838,1,0.027812556229910117,0.014008381278370504,0.015481000379659235,0.010055158975279482,5.1777779124677185e-05,0.000981888913025614,0.010847333599929699,0.0029992699160102344,0.004792111226677661,0.2720181811831426,0.006109777925215895,0.1749655597801902,0.09522660549153808,0.04858804879250601,0.00888411132566398,0.02260677833261434,0.03355566749541321,0.02035104811919155
162,"Cfg(cluster_seed=4, surrogate='rf', surrogate_seed=1, estimator='tree_int', bg_size=50, bg_seed=1)",rf,4,0.764479530202158,0.001510278498111838,0,0.0008519798477670657,0.0007159134719562035,0.0,0.000460746714678773,3.417927524147181e-06,6.352855015333349e-05,0.0005135139210969835,0.00016259964609661572,0.0005291475640246115,0.0002924841456967481,0.00018972995197046012,0.001857502891864125,0.0005530795632993821,0.0010943013095199058,0.00025622906221414704,0.00027594599721470533,0.00048694649052601394,0.0005161997870895611
162,"Cfg(cluster_seed=4, surrogate='rf', surrogate_seed=1, estimator='tree_int', bg_size=50, bg_seed=1)",rf,4,0.764479530202158,0.001510278498111838,1,0.02772000067320186,0.015041555905481802,0.015734111492522063,0.01068777803852572,7.466666866093875e-05,0.0018094444894813937,0.010875000265717971,0.0026250000647560223,0.005291777903039473,0.28127689570770603,0.006178222371207085,0.18580233782119468,0.09917466908774805,0.05468322354205883,0.009046222441422287,0.024256111702707132,0.03551177865764475,0.020641667164192766
163,"Cfg(cluster_seed=4, surrogate='rf', surrogate_seed=1, estimator='tree_int', bg_size=50, bg_seed=2)",rf,4,0.764479530202158,0.001510278498111838,0,0.0032468749791986946,0.0014227477136568485,0.0,0.0007997608776738621,5.783309064407344e-06,0.00010956239003154942,0.001114644568106607,0.00018635595029684916,0.0004008703522733933,0.019784921581643723,0.0010862063035306881,0.005760496307731933,0.0016909338274261926,0.00323559466609621,0.0007825557376272722,0.0005680169330847291,0.0008765235273561232,0.0008284512947598654
163,"Cfg(cluster_seed=4, surrogate='rf', surrogate_seed=1, estimator='tree_int', bg_size=50, bg_seed=2)",rf,4,0.764479530202158,0.001510278498111838,1,0.02757011177946698,0.01501528606761349,0.015536111488705501,0.010646397084921773,3.233333420939744e-05,0.0014743333699880168,0.010527444701438071,0.0026027778417337688,0.00536273028578944,0.27186945102905163,0.0066126668256183616,0.179516559894284,0.09761473253762235,0.050091842480869675,0.008870889104611705,0.023168445009359856,0.03404795322269638,0.02026817509429748
164,"Cfg(cluster_seed=4, surrogate='rf', surrogate_seed=2, estimator='tree_path', bg_size=50, bg_seed=0)",rf,4,0.764479530202158,0.001510278498111838,0,0.0013387871927918857,0.0007677157009888069,0.00038937709324207633,0.0004696940692473711,3.870145090030087e-05,5.8118675996363936e-05,0.0004884159629776097,0.00014876217251620302,0.00018552546070739126,0.004883495638803704,0.00025774857837364024,0.00476176801296106,0.002275097643436477,0.0025172477047808303,0.0005348858539590772,0.0007237986795781146,0.0007487744006935702,0.0005235896772173944
164,"Cfg(cluster_seed=4, surrogate='rf', surrogate_seed=2, estimator='tree_path', bg_size=50, bg_seed=0)",rf,4,0.764479530202158,0.001510278498111838,1,0.02566919293200499,0.019786617376438727,0.015287116969861259,0.010783548389923252,0.0006714358784591001,0.0009370003283182451,0.009584033019754083,0.004148529183780263,0.005465655667251324,0.2806737980813271,0.0034795907876754768,0.18357215011202205,0.09461899935511517,0.05762549748499657,0.01258344718152632,0.023691798550708083,0.029931970026600814,0.022773631390996262
165,"Cfg(cluster_seed=4, surrogate='rf', surrogate_seed=2, estimator='tree_int', bg_size=50, bg_seed=0)",rf,4,0.764479530202158,0.001510278498111838,0,0.002126746433648984,0.0015421044352161993,0.0,0.001108906807922173,2.3595250282306385e-05,5.9752726341829015e-05,0.0009764951780552806,0.00032870762107549943,0.0003794956984833432,0.012348168511268772,0.0001140091581496624,0.01225502621331518,0.007927285283494154,0.003321838370218453,0.0009327753602593044,0.00160985525305186,0.0006822043454304686,0.0010620718854127517
165,"Cfg(cluster_seed=4, surrogate='rf', surrogate_seed=2, estimator='tree_int', bg_size=50, bg_seed=0)",rf,4,0.764479530202158,0.001510278498111838,1,0.02504958789538796,0.014231667010084492,0.014909174969885497,0.009288317684284264,0.00017766667122486978,0.0004971111233171542,0.010099412947602101,0.0031950000779179394,0.004939968375809257,0.27489556223270484,0.003432809598405584,0.17983055993847666,0.09478914517219526,0.05425328701996477,0.01237555585458176,0.02569952444534283,0.026571635596163108,0.01783120679268905
166,"Cfg(cluster_seed=4, surrogate='rf', surrogate_seed=2, estimator='tree_int', bg_size=50, bg_seed=1)",rf,4,0.764479530202158,0.001510278498111838,0,0.000837345996542711,0.0005285205444580793,0.0,0.00038034907354847806,1.5806084633671898e-05,4.798438378979916e-05,0.00038085013371568367,0.00010744428340818448,0.00018338539594843012,0.00013100374483886567,0.00012270376098677736,0.0017193077179119894,0.0007757449768620668,0.0008439392205631134,0.0005470180708592357,0.0003474914688254103,0.0003100325435445687,0.0003270571088780738
166,"Cfg(cluster_seed=4, surrogate='rf', surrogate_seed=2, estimator='tree_int', bg_size=50, bg_seed=1)",rf,4,0.764479530202158,0.001510278498111838,1,0.026089730788895392,0.015098111475381305,0.015259444818133489,0.009954063730710913,0.0002448888952785637,0.0007240000180026983,0.009747746271663343,0.00308633340979577,0.005335984258883399,0.28253789576020794,0.0033713810241060857,0.1892753855769115,0.09946065322624055,0.0605213824142702,0.012414778078033125,0.02761542926245602,0.02797654040023918,0.018629286176350436
167,"Cfg(cluster_seed=4, surrogate='rf', surrogate_seed=2, estimator='tree_int', bg_size=50, bg_seed=2)",rf,4,0.764479530202158,0.001510278498111838,0,0.0029006068751147437,0.001218570056425507,0.0,0.0008328501844558259,2.3199935494577805e-05,5.847405378802542e-05,0.0010055555807400856,0.00024673174405630656,0.0002637904731632283,0.019772795338910965,0.0007111631848957241,0.005559069601352091,0.0019072781560922434,0.003344626482492608,0.0011502619447974203,0.0007682365559052223,0.000630436002883715,0.0007001789658477645
167,"Cfg(cluster_seed=4, surrogate='rf', surrogate_seed=2, estimator='tree_int', bg_size=50, bg_seed=2)",rf,4,0.764479530202158,0.001510278498111838,1,0.025349603776739966,0.014928222580841973,0.014949555923696605,0.009963158969276265,0.00012244444762472996,0.0007166666841949337,0.009561952616379132,0.003134777853876585,0.005193206476455089,0.2742721177788044,0.0035757143635455567,0.1836313695606368,0.09761065317783504,0.05641169977479149,0.012114666960609612,0.025873540325672368,0.026846318145515396,0.017757936946960397
168,"Cfg(cluster_seed=4, surrogate='lgbm', surrogate_seed=0, estimator='tree_path', bg_size=50, bg_seed=0)",lgbm,4,0.8481738358964636,0.001510278498111838,0,0.07569564877934777,0.023128289252871182,0.0,0.15844203581165275,0.0,8.242993865771542e-15,0.0034252030298711775,7.870456660014614e-11,1.1238415976850414e-06,0.25066854306895975,0.0,0.1655942346220408,0.39601637490049874,0.24174781644718749,0.13783746913317618,0.06747880748109479,0.014633509364239175,0.03507081133171376
168,"Cfg(cluster_seed=4, surrogate='lgbm', surrogate_seed=0, estimator='tree_path', bg_size=50, bg_seed=0)",lgbm,4,0.8481738358964636,0.001510278498111838,1,0.370584000082656,0.3758869250656368,0.0,0.24903244117732326,0.0,1.0238988476518606e-15,0.11076211605976242,1.0266922409896823e-10,3.5137800065108102e-06,12.857874813639151,0.0,4.190093196907646,3.752968274528567,2.7491339028400317,0.1625950010057357,0.15551981403404913,0.03173851741308506,0.0837391756092096
169,"Cfg(cluster_seed=4, surrogate='lgbm', surrogate_seed=0, estimator='tree_int', bg_size=50, bg_seed=0)",lgbm,4,0.8481738358964636,0.001510278498111838,0,0.0008511072349560023,0.0009511157580502567,0.0,0.0006186750624828681,0.0,1.3342676667974522e-13,0.00030362536003929343,1.0096984868741959e-14,5.345210770419555e-09,0.023702266931420832,0.0,0.01439270443896123,0.013426693911275205,0.006062224368327468,0.00033000957050835787,0.0003166325990703349,5.9218464822841216e-05,5.73809164170639e-05
169,"Cfg(cluster_seed=4, surrogate='lgbm', surrogate_seed=0, estimator='tree_int', bg_size=50, bg_seed=0)",lgbm,4,0.8481738358964636,0.001510278498111838,1,0.016143248343210084,0.011415367455298038,0.0,0.00928042199332794,0.0,1.784957023272614e-12,0.004223838317079341,3.1581034987236e-13,1.4884890648040889e-07,0.4864381255690139,0.0,0.17718117060013672,0.15299706501160765,0.08906007398564149,0.006378967020531886,0.006010971854738476,0.0012133494390242105,0.00366593719755947
170,"Cfg(cluster_seed=4, surrogate='lgbm', surrogate_seed=0, estimator='tree_int', bg_size=50, bg_seed=1)",lgbm,4,0.8481738358964636,0.001510278498111838,0,4.6248399834117604e-08,1.0246351159324741e-07,0.0,1.0238555287928651e-07,0.0,4.9974107011973796e-18,1.1791328866138106e-08,0.0,1.366729340711529e-12,2.9405192614640103e-07,0.0,5.668310459398987e-07,5.102824228870683e-07,2.6410068587854e-07,7.98295605534397e-08,5.692006142114462e-08,1.2369938939952329e-08,4.230847607034993e-08
170,"Cfg(cluster_seed=4, surrogate='lgbm', surrogate_seed=0, estimator='tree_int', bg_size=50, bg_seed=1)",lgbm,4,0.8481738358964636,0.001510278498111838,1,0.01738156923414759,0.0094406471895816,0.0,0.009869229476046924,0.0,2.355313468396005e-12,0.004530623349269949,1.2009100975238426e-13,1.585497391664375e-07,0.5180529250899275,0.0,0.18785698385871716,0.15643949037749255,0.10673464021601105,0.00657949415395527,0.006353040941659911,0.0012946715120092298,0.0039301729711992694
171,"Cfg(cluster_seed=4, surrogate='lgbm', surrogate_seed=0, estimator='tree_int', bg_size=50, bg_seed=2)",lgbm,4,0.8481738358964636,0.001510278498111838,0,0.0013378598598422985,0.00019392300598332265,0.0,0.0005743935223090738,0.0,1.2024687965897578e-13,9.547653854602205e-05,6.226089736373832e-16,8.086369337523688e-09,0.031488595499070834,0.0,0.0020114796447749557,0.002038170709435339,0.002392468201405565,0.00025659452728946943,0.00019482626453382092,4.831840259297687e-05,0.00012479903871253384
171,"Cfg(cluster_seed=4, surrogate='lgbm', surrogate_seed=0, estimator='tree_int', bg_size=50, bg_seed=2)",lgbm,4,0.8481738358964636,0.001510278498111838,1,0.01669592859692353,0.012226486720069124,0.0,0.00972029824447671,0.0,1.7753024123981155e-12,0.004270432350420708,1.5928323335797074e-13,1.399241688794564e-07,0.49731139886566994,0.0,0.17942965159634966,0.15165040949357364,0.09756246233587602,0.006174083100517815,0.005966086066049962,0.0012399415303887417,0.003829730147907736
172,"Cfg(cluster_seed=4, surrogate='lgbm', surrogate_seed=1, estimator='tree_path', bg_size=50, bg_seed=0)",lgbm,4,0.8481738358964636,0.001510278498111838,0,0.07569564877934777,0.023128289252871182,0.0,0.15844203581165275,0.0,8.242993865771542e-15,0.0034252030298711775,7.870456660014614e-11,1.1238415976850414e-06,0.25066854306895975,0.0,0.1655942346220408,0.39601637490049874,0.24174781644718749,0.13783746913317618,0.06747880748109479,0.014633509364239175,0.03507081133171376
172,"Cfg(cluster_seed=4, surrogate='lgbm', surrogate_seed=1, estimator='tree_path', bg_size=50, bg_seed=0)",lgbm,4,0.8481738358964636,0.001510278498111838,1,0.370584000082656,0.3758869250656368,0.0,0.24903244117732326,0.0,1.0238988476518606e-15,0.11076211605976242,1.0266922409896823e-10,3.5137800065108102e-06,12.857874813639151,0.0,4.190093196907646,3.752968274528567,2.7491339028400317,0.1625950010057357,0.15551981403404913,0.03173851741308506,0.0837391756092096
173,"Cfg(cluster_seed=4, surrogate='lgbm', surrogate_seed=1, estimator='tree_int', bg_size=50, bg_seed=0)",lgbm,4,0.8481738358964636,0.001510278498111838,0,0.0008511072349560023,0.0009511157580502567,0.0,0.0006186750624828681,0.0,1.3342676667974522e-13,0.00030362536003929343,1.0096984868741959e-14,5.345210770419555e-09,0.023702266931420832,0.0,0.01439270443896123,0.013426693911275205,0.006062224368327468,0.00033000957050835787,0.0003166325990703349,5.9218464822841216e-05,5.73809164170639e-05
173,"Cfg(cluster_seed=4, surrogate='lgbm', surrogate_seed=1, estimator='tree_int', bg_size=50, bg_seed=0)",lgbm,4,0.8481738358964636,0.001510278498111838,1,0.016143248343210084,0.011415367455298038,0.0,0.00928042199332794,0.0,1.784957023272614e-12,0.004223838317079341,3.1581034987236e-13,1.4884890648040889e-07,0.4864381255690139,0.0,0.17718117060013672,0.15299706501160765,0.08906007398564149,0.006378967020531886,0.006010971854738476,0.0012133494390242105,0.00366593719755947
174,"Cfg(cluster_seed=4, surrogate='lgbm', surrogate_seed=1, estimator='tree_int', bg_size=50, bg_seed=1)",lgbm,4,0.8481738358964636,0.001510278498111838,0,4.6248399834117604e-08,1.0246351159324741e-07,0.0,1.0238555287928651e-07,0.0,4.9974107011973796e-18,1.1791328866138106e-08,0.0,1.366729340711529e-12,2.9405192614640103e-07,0.0,5.668310459398987e-07,5.102824228870683e-07,2.6410068587854e-07,7.98295605534397e-08,5.692006142114462e-08,1.2369938939952329e-08,4.230847607034993e-08
174,"Cfg(cluster_seed=4, surrogate='lgbm', surrogate_seed=1, estimator='tree_int', bg_size=50, bg_seed=1)",lgbm,4,0.8481738358964636,0.001510278498111838,1,0.01738156923414759,0.0094406471895816,0.0,0.009869229476046924,0.0,2.355313468396005e-12,0.004530623349269949,1.2009100975238426e-13,1.585497391664375e-07,0.5180529250899275,0.0,0.18785698385871716,0.15643949037749255,0.10673464021601105,0.00657949415395527,0.006353040941659911,0.0012946715120092298,0.0039301729711992694
175,"Cfg(cluster_seed=4, surrogate='lgbm', surrogate_seed=1, estimator='tree_int', bg_size=50, bg_seed=2)",lgbm,4,0.8481738358964636,0.001510278498111838,0,0.0013378598598422985,0.00019392300598332265,0.0,0.0005743935223090738,0.0,1.2024687965897578e-13,9.547653854602205e-05,6.226089736373832e-16,8.086369337523688e-09,0.031488595499070834,0.0,0.0020114796447749557,0.002038170709435339,0.002392468201405565,0.00025659452728946943,0.00019482626453382092,4.831840259297687e-05,0.00012479903871253384
175,"Cfg(cluster_seed=4, surrogate='lgbm', surrogate_seed=1, estimator='tree_int', bg_size=50, bg_seed=2)",lgbm,4,0.8481738358964636,0.001510278498111838,1,0.01669592859692353,0.012226486720069124,0.0,0.00972029824447671,0.0,1.7753024123981155e-12,0.004270432350420708,1.5928323335797074e-13,1.399241688794564e-07,0.49731139886566994,0.0,0.17942965159634966,0.15165040949357364,0.09756246233587602,0.006174083100517815,0.005966086066049962,0.0012399415303887417,0.003829730147907736
176,"Cfg(cluster_seed=4, surrogate='lgbm', surrogate_seed=2, estimator='tree_path', bg_size=50, bg_seed=0)",lgbm,4,0.8481738358964636,0.001510278498111838,0,0.07569564877934777,0.023128289252871182,0.0,0.15844203581165275,0.0,8.242993865771542e-15,0.0034252030298711775,7.870456660014614e-11,1.1238415976850414e-06,0.25066854306895975,0.0,0.1655942346220408,0.39601637490049874,0.24174781644718749,0.13783746913317618,0.06747880748109479,0.014633509364239175,0.03507081133171376
176,"Cfg(cluster_seed=4, surrogate='lgbm', surrogate_seed=2, estimator='tree_path', bg_size=50, bg_seed=0)",lgbm,4,0.8481738358964636,0.001510278498111838,1,0.370584000082656,0.3758869250656368,0.0,0.24903244117732326,0.0,1.0238988476518606e-15,0.11076211605976242,1.0266922409896823e-10,3.5137800065108102e-06,12.857874813639151,0.0,4.190093196907646,3.752968274528567,2.7491339028400317,0.1625950010057357,0.15551981403404913,0.03173851741308506,0.0837391756092096
177,"Cfg(cluster_seed=4, surrogate='lgbm', surrogate_seed=2, estimator='tree_int', bg_size=50, bg_seed=0)",lgbm,4,0.8481738358964636,0.001510278498111838,0,0.0008511072349560023,0.0009511157580502567,0.0,0.0006186750624828681,0.0,1.3342676667974522e-13,0.00030362536003929343,1.0096984868741959e-14,5.345210770419555e-09,0.023702266931420832,0.0,0.01439270443896123,0.013426693911275205,0.006062224368327468,0.00033000957050835787,0.0003166325990703349,5.9218464822841216e-05,5.73809164170639e-05
177,"Cfg(cluster_seed=4, surrogate='lgbm', surrogate_seed=2, estimator='tree_int', bg_size=50, bg_seed=0)",lgbm,4,0.8481738358964636,0.001510278498111838,1,0.016143248343210084,0.011415367455298038,0.0,0.00928042199332794,0.0,1.784957023272614e-12,0.004223838317079341,3.1581034987236e-13,1.4884890648040889e-07,0.4864381255690139,0.0,0.17718117060013672,0.15299706501160765,0.08906007398564149,0.006378967020531886,0.006010971854738476,0.0012133494390242105,0.00366593719755947
178,"Cfg(cluster_seed=4, surrogate='lgbm', surrogate_seed=2, estimator='tree_int', bg_size=50, bg_seed=1)",lgbm,4,0.8481738358964636,0.001510278498111838,0,4.6248399834117604e-08,1.0246351159324741e-07,0.0,1.0238555287928651e-07,0.0,4.9974107011973796e-18,1.1791328866138106e-08,0.0,1.366729340711529e-12,2.9405192614640103e-07,0.0,5.668310459398987e-07,5.102824228870683e-07,2.6410068587854e-07,7.98295605534397e-08,5.692006142114462e-08,1.2369938939952329e-08,4.230847607034993e-08
178,"Cfg(cluster_seed=4, surrogate='lgbm', surrogate_seed=2, estimator='tree_int', bg_size=50, bg_seed=1)",lgbm,4,0.8481738358964636,0.001510278498111838,1,0.01738156923414759,0.0094406471895816,0.0,0.009869229476046924,0.0,2.355313468396005e-12,0.004530623349269949,1.2009100975238426e-13,1.585497391664375e-07,0.5180529250899275,0.0,0.18785698385871716,0.15643949037749255,0.10673464021601105,0.00657949415395527,0.006353040941659911,0.0012946715120092298,0.0039301729711992694
179,"Cfg(cluster_seed=4, surrogate='lgbm', surrogate_seed=2, estimator='tree_int', bg_size=50, bg_seed=2)",lgbm,4,0.8481738358964636,0.001510278498111838,0,0.0013378598598422985,0.00019392300598332265,0.0,0.0005743935223090738,0.0,1.2024687965897578e-13,9.547653854602205e-05,6.226089736373832e-16,8.086369337523688e-09,0.031488595499070834,0.0,0.0020114796447749557,0.002038170709435339,0.002392468201405565,0.00025659452728946943,0.00019482626453382092,4.831840259297687e-05,0.00012479903871253384
179,"Cfg(cluster_seed=4, surrogate='lgbm', surrogate_seed=2, estimator='tree_int', bg_size=50, bg_seed=2)",lgbm,4,0.8481738358964636,0.001510278498111838,1,0.01669592859692353,0.012226486720069124,0.0,0.00972029824447671,0.0,1.7753024123981155e-12,0.004270432350420708,1.5928323335797074e-13,1.399241688794564e-07,0.49731139886566994,0.0,0.17942965159634966,0.15165040949357364,0.09756246233587602,0.006174083100517815,0.005966086066049962,0.0012399415303887417,0.003829730147907736
