run,cfg,surrogate,cluster_seed,fidelity,ari_to_ref,cluster,events_drought,events_earthquake,events_earthquake_tsunami,events_flood,events_flood_landslide,events_forest_fire,events_landslide,events_tidal_abrasion,events_tornado,events_tsunami,events_volcano,died,missing,injured,affected,evacuated,houses_damaged,facilities_damaged
0,"Cfg(cluster_seed=0, surrogate='dt', surrogate_seed=0, estimator='tree_path', bg_size=50, bg_seed=0)",dt,0,0.585,1.0,0,0.0,0.0,0.0,0.0,0.0,0.0,0.0,0.13305172941536578,0.37176997245179066,0.0,0.0,0.0,0.0,0.0,0.0,0.0,0.253750382614019,0.0
0,"Cfg(cluster_seed=0, surrogate='dt', surrogate_seed=0, estimator='tree_path', bg_size=50, bg_seed=0)",dt,0,0.585,1.0,1,0.0,0.0,0.0,0.0,0.0,0.0,0.0,0.05171979535615902,0.22449822904368355,0.0,0.0,0.0,0.0,0.0,0.0,0.0,0.10250426341335428,0.0
1,"Cfg(cluster_seed=0, surrogate='dt', surrogate_seed=0, estimator='tree_int', bg_size=50, bg_seed=0)",dt,0,0.585,1.0,0,0.0,0.0,0.0,0.0,0.0,0.0,0.0,0.16203703825371432,0.34680134479445646,0.0,0.0,0.0,0.0,0.0,0.0,0.0,0.24452861676914528,0.0
1,"Cfg(cluster_seed=0, surrogate='dt', surrogate_seed=0, estimator='tree_int', bg_size=50, bg_seed=0)",dt,0,0.585,1.0,1,0.0,0.0,0.0,0.0,0.0,0.0,0.0,0.10557960556527062,0.1678691681845363,0.0,0.0,0.0,0.0,0.0,0.0,0.0,0.1108706121320848,0.0
2,"Cfg(cluster_seed=0, surrogate='dt', surrogate_seed=0, estimator='tree_int', bg_size=50, bg_seed=1)",dt,0,0.585,1.0,0,0.0,0.0,0.0,0.0,0.0,0.0,0.0,0.16203703825371432,0.34680134479445646,0.0,0.0,0.0,0.0,0.0,0.0,0.0,0.24452861676914528,0.0
2,"Cfg(cluster_seed=0, surrogate='dt', surrogate_seed=0, estimator='tree_int', bg_size=50, bg_seed=1)",dt,0,0.585,1.0,1,0.0,0.0,0.0,0.0,0.0,0.0,0.0,0.10557960556527062,0.1678691681845363,0.0,0.0,0.0,0.0,0.0,0.0,0.0,0.1108706121320848,0.0
3,"Cfg(cluster_seed=0, surrogate='dt', surrogate_seed=0, estimator='tree_int', bg_size=50, bg_seed=2)",dt,0,0.585,1.0,0,0.0,0.0,0.0,0.0,0.0,0.0,0.0,0.16203703825371432,0.34680134479445646,0.0,0.0,0.0,0.0,0.0,0.0,0.0,0.24452861676914528,0.0
3,"Cfg(cluster_seed=0, surrogate='dt', surrogate_seed=0, estimator='tree_int', bg_size=50, bg_seed=2)",dt,0,0.585,1.0,1,0.0,0.0,0.0,0.0,0.0,0.0,0.0,0.10557960556527062,0.1678691681845363,0.0,0.0,0.0,0.0,0.0,0.0,0.0,0.1108706121320848,0.0
4,"Cfg(cluster_seed=0, surrogate='dt', surrogate_seed=1, estimator='tree_path', bg_size=50, bg_seed=0)",dt,0,0.6279365079365078,1.0,0,0.0,0.0,0.0,0.0,0.0,0.0,0.0,0.0,0.4023090756045302,0.0,0.09540059687786961,0.043929828588919494,0.0,0.0,0.0,0.0,0.2662553565962657,0.0
4,"Cfg(cluster_seed=0, surrogate='dt', surrogate_seed=1, estimator='tree_path', bg_size=50, bg_seed=0)",dt,0,0.6279365079365078,1.0,1,0.0,0.0,0.0,0.0,0.0,0.0,0.0,0.0,0.22297433206524117,0.0,0.03274913638550004,0.028090865363592652,0.0,0.0,0.0,0.0,0.10324412960776594,0.0
5,"Cfg(cluster_seed=0, surrogate='dt', surrogate_seed=1, estimator='tree_int', bg_size=50, bg_seed=0)",dt,0,0.6279365079365078,1.0,0,0.0,0.0,0.0,0.0,0.0,0.0,0.0,0.0,0.3998316472226922,0.0,0.0740740748517441,0.04882154937344368,0.0,0.0,0.0,0.0,0.2601010091979094,0.0
5,"Cfg(cluster_seed=0, surrogate='dt', surrogate_seed=1, estimator='tree_int', bg_size=50, bg_seed=0)",dt,0,0.6279365079365078,1.0,1,0.0,0.0,0.0,0.0,0.0,0.0,0.0,0.0,0.19817219926165303,0.0,0.03511303461131251,0.028379028622722208,0.0,0.0,0.0,0.0,0.1202501204794791,0.0
6,"Cfg(cluster_seed=0, surrogate='dt', surrogate_seed=1, estimator='tree_int', bg_size=50, bg_seed=1)",dt,0,0.6279365079365078,1.0,0,0.0,0.0,0.0,0.0,0.0,0.0,0.0,0.0,0.3998316472226922,0.0,0.0740740748517441,0.04882154937344368,0.0,0.0,0.0,0.0,0.2601010091979094,0.0
6,"Cfg(cluster_seed=0, surrogate='dt', surrogate_seed=1, estimator='tree_int', bg_size=50, bg_seed=1)",dt,0,0.6279365079365078,1.0,1,0.0,0.0,0.0,0.0,0.0,0.0,0.0,0.0,0.19817219926165303,0.0,0.03511303461131251,0.028379028622722208,0.0,0.0,0.0,0.0,0.1202501204794791,0.0
7,"Cfg(cluster_seed=0, surrogate='dt', surrogate_seed=1, estimator='tree_int', bg_size=50, bg_seed=2)",dt,0,0.6279365079365078,1.0,0,0.0,0.0,0.0,0.0,0.0,0.0,0.0,0.0,0.3998316472226922,0.0,0.0740740748517441,0.04882154937344368,0.0,0.0,0.0,0.0,0.2601010091979094,0.0
7,"Cfg(cluster_seed=0, surrogate='dt', surrogate_seed=1, estimator='tree_int', bg_size=50, bg_seed=2)",dt,0,0.6279365079365078,1.0,1,0.0,0.0,0.0,0.0,0.0,0.0,0.0,0.0,0.19817219926165303,0.0,0.03511303461131251,0.028379028622722208,0.0,0.0,0.0,0.0,0.1202501204794791,0.0
8,"Cfg(cluster_seed=0, surrogate='dt', surrogate_seed=2, estimator='tree_path', bg_size=50, bg_seed=0)",dt,0,0.5442857142857143,1.0,0,0.0,0.0,0.0,0.0,0.0,0.0,0.043929828588919494,0.0,0.42507537496173864,0.0,0.08411271808999082,0.0,0.0,0.0,0.0,0.0,0.2683987603305786,0.0
8,"Cfg(cluster_seed=0, surrogate='dt', surrogate_seed=2, estimator='tree_path', bg_size=50, bg_seed=0)",dt,0,0.5442857142857143,1.0,1,0.0,0.0,0.0,0.0,0.0,0.0,0.028090865363592652,0.0,0.22067252612707164,0.0,0.059538239538239536,0.0,0.0,0.0,0.0,0.0,0.10217893217893215,0.0
9,"Cfg(cluster_seed=0, surrogate='dt', surrogate_seed=2, estimator='tree_int', bg_size=50, bg_seed=0)",dt,0,0.5442857142857143,1.0,0,0.0,0.0,0.0,0.0,0.0,0.0,0.047348485826843915,0.0,0.40972221951292026,0.0,0.11300505217954969,0.0,0.0,0.0,0.0,0.0,0.2645202013428765,0.0
9,"Cfg(cluster_seed=0, surrogate='dt', surrogate_seed=2, estimator='tree_int', bg_size=50, bg_seed=0)",dt,0,0.5442857142857143,1.0,1,0.0,0.0,0.0,0.0,0.0,0.0,0.04365079408084158,0.0,0.19877345195580348,0.0,0.08020682862998779,0.0,0.0,0.0,0.0,0.0,0.12061087075421986,0.0
10,"Cfg(cluster_seed=0, surrogate='dt', surrogate_seed=2, estimator='tree_int', bg_size=50, bg_seed=1)",dt,0,0.5442857142857143,1.0,0,0.0,0.0,0.0,0.0,0.0,0.0,0.047348485826843915,0.0,0.40972221951292026,0.0,0.11300505217954969,0.0,0.0,0.0,0.0,0.0,0.2645202013428765,0.0
10,"Cfg(cluster_seed=0, surrogate='dt', surrogate_seed=2, estimator='tree_int', bg_size=50, bg_seed=1)",dt,0,0.5442857142857143,1.0,1,0.0,0.0,0.0,0.0,0.0,0.0,0.04365079408084158,0.0,0.19877345195580348,0.0,0.08020682862998779,0.0,0.0,0.0,0.0,0.0,0.12061087075421986,0.0
11,"Cfg(cluster_seed=0, surrogate='dt', surrogate_seed=2, estimator='tree_int', bg_size=50, bg_seed=2)",dt,0,0.5442857142857143,1.0,0,0.0,0.0,0.0,0.0,0.0,0.0,0.047348485826843915,0.0,0.40972221951292026,0.0,0.11300505217954969,0.0,0.0,0.0,0.0,0.0,0.2645202013428765,0.0
11,"Cfg(cluster_seed=0, surrogate='dt', surrogate_seed=2, estimator='tree_int', bg_size=50, bg_seed=2)",dt,0,0.5442857142857143,1.0,1,0.0,0.0,0.0,0.0,0.0,0.0,0.04365079408084158,0.0,0.19877345195580348,0.0,0.08020682862998779,0.0,0.0,0.0,0.0,0.0,0.12061087075421986,0.0
12,"Cfg(cluster_seed=0, surrogate='rf', surrogate_seed=0, estimator='tree_path', bg_size=50, bg_seed=0)",rf,0,0.7757142857142856,1.0,0,0.03806507970608207,0.044225475487159306,0.004834065129133637,0.05595323131980604,0.019483334733627802,0.002935719438602833,0.037471774501629494,0.0927754574746343,0.0932451736894367,0.001977019166803524,0.0291291099011257,0.05894492470238094,0.014591279146921285,0.015847585058100213,0.012060532147943746,0.0031570214752212633,0.041415069318986725,0.023575531328432514
12,"Cfg(cluster_seed=0, surrogate='rf', surrogate_seed=0, estimator='tree_path', bg_size=50, bg_seed=0)",rf,0,0.7757142857142856,1.0,1,0.026507057225893534,0.03276123738591273,0.0021720589056035597,0.03454564995788795,0.013478092807656964,0.001776453808450142,0.023289670195528356,0.05759568848056377,0.04823852376079875,0.0012488447563374467,0.01708244652289399,0.044420782419489956,0.011597444734508591,0.01537267883720763,0.00917532575692598,0.0027422607489829515,0.024008539601409223,0.017390600741595905
13,"Cfg(cluster_seed=0, surrogate='rf', surrogate_seed=0, estimator='tree_int', bg_size=50, bg_seed=0)",rf,0,0.7757142857142856,1.0,0,0.03628254857609834,0.044300085252237324,0.004558782378091674,0.054773009183018175,0.020008838869060384,0.0023790685200682756,0.03433571912576397,0.08438594480611929,0.09507365550874085,0.0020709877045568775,0.02668027561792935,0.059946971148012305,0.013889169808798481,0.01740530345058586,0.010817200037758948,0.003341891214450247,0.04014983261996267,0.023284231764821497
13,"Cfg(cluster_seed=0, surrogate='rf', surrogate_seed=0, estimator='tree_int', bg_size=50, bg_seed=0)",rf,0,0.7757142857142856,1.0,1,0.022832532218606365,0.030112314342728926,0.0018928171068122194,0.0321513555995538,0.013355299347388716,0.0020452140947040524,0.02156124791717708,0.056577442448403445,0.05149952024890011,0.00117316020166832,0.018055235325873855,0.03954770017513053,0.010674683599751126,0.014284031129170685,0.009365320092086946,0.0019686548494563193,0.02529212823795312,0.01596889568886785
14,"Cfg(cluster_seed=0, surrogate='rf', surrogate_seed=0, estimator='tree_int', bg_size=50, bg_seed=1)",rf,0,0.7757142857142856,1.0,0,0.03628254857609834,0.044300085252237324,0.004558782378091674,0.054773009183018175,0.020008838869060384,0.0023790685200682756,0.03433571912576397,0.08438594480611929,0.09507365550874085,0.0020709877045568775,0.02668027561792935,0.059946971148012305,0.013889169808798481,0.01740530345058586,0.010817200037758948,0.003341891214450247,0.04014983261996267,0.023284231764821497
14,"Cfg(cluster_seed=0, surrogate='rf', surrogate_seed=0, estimator='tree_int', bg_size=50, bg_seed=1)",rf,0,0.7757142857142856,1.0,1,0.022832532218606365,0.030112314342728926,0.0018928171068122194,0.0321513555995538,0.013355299347388716,0.0020452140947040524,0.02156124791717708,0.056577442448403445,0.05149952024890011,0.00117316020166832,0.018055235325873855,0.03954770017513053,0.010674683599751126,0.014284031129170685,0.009365320092086946,0.0019686548494563193,0.02529212823795312,0.01596889568886785
15,"Cfg(cluster_seed=0, surrogate='rf', surrogate_seed=0, estimator='tree_int', bg_size=50, bg_seed=2)",rf,0,0.7757142857142856,1.0,0,0.03628254857609834,0.044300085252237324,0.004558782378091674,0.054773009183018175,0.020008838869060384,0.0023790685200682756,0.03433571912576397,0.08438594480611929,0.09507365550874085,0.0020709877045568775,0.02668027561792935,0.059946971148012305,0.013889169808798481,0.01740530345058586,0.010817200037758948,0.003341891214450247,0.04014983261996267,0.023284231764821497
15,"Cfg(cluster_seed=0, surrogate='rf', surrogate_seed=0, estimator='tree_int', bg_size=50, bg_seed=2)",rf,0,0.7757142857142856,1.0,1,0.022832532218606365,0.030112314342728926,0.0018928171068122194,0.0321513555995538,0.013355299347388716,0.0020452140947040524,0.02156124791717708,0.056577442448403445,0.05149952024890011,0.00117316020166832,0.018055235325873855,0.03954770017513053,0.010674683599751126,0.014284031129170685,0.009365320092086946,0.0019686548494563193,0.02529212823795312,0.01596889568886785
16,"Cfg(cluster_seed=0, surrogate='rf', surrogate_seed=1, estimator='tree_path', bg_size=50, bg_seed=0)",rf,0,0.7757142857142856,1.0,0,0.03300623201446016,0.03698066402380832,0.006551501120407861,0.05233772722011004,0.016376637045135412,0.0033936435189977705,0.05864144179312288,0.08924922581275713,0.09134627744624246,0.0018584044924472222,0.02932896058322916,0.05895402829822315,0.01763220459590625,0.014666264936374218,0.01339500615316875,0.004616967035199035,0.04884188208050039,0.015847544314394935
16,"Cfg(cluster_seed=0, surrogate='rf', surrogate_seed=1, estimator='tree_path', bg_size=50, bg_seed=0)",rf,0,0.7757142857142856,1.0,1,0.019861676776875354,0.022136413089163004,0.003652512087075086,0.03431000487061066,0.011896487773989259,0.002264607262678974,0.03601410250755546,0.06116869173902156,0.054990269147550404,0.0012111756582979204,0.017862582320519765,0.04268155107559644,0.013535583401489411,0.013024489185955565,0.012460855935572153,0.0026786607063918424,0.02752661538281279,0.011547055746472936
17,"Cfg(cluster_seed=0, surrogate='rf', surrogate_seed=1, estimator='tree_int', bg_size=50, bg_seed=0)",rf,0,0.7757142857142856,1.0,0,0.03110802544585448,0.034397307232523815,0.006691919352784001,0.0481223356250804,0.015029461641626602,0.0037098766330716606,0.05261658376776273,0.08708473835988594,0.0945645365321649,0.0010430696096995638,0.028760522583116205,0.05964506317266366,0.017354096940100063,0.015028339305394586,0.012884399863054055,0.004666245903986191,0.047512627414438284,0.015530303406359797
17,"Cfg(cluster_seed=0, surrogate='rf', surrogate_seed=1, estimator='tree_int', bg_size=50, bg_seed=0)",rf,0,0.7757142857142856,1.0,1,0.017658971087277358,0.020937470442584875,0.0037950938843018646,0.030512747251829148,0.012947731592906112,0.0020492224319747948,0.032966571266347645,0.0596737227866945,0.0514287330100345,0.000602453117041135,0.01706309164293019,0.039405965360155684,0.012273849904487474,0.013369248357828581,0.012277537574830315,0.002550344778590031,0.031021485439409986,0.012023408981214826
18,"Cfg(cluster_seed=0, surrogate='rf', surrogate_seed=1, estimator='tree_int', bg_size=50, bg_seed=1)",rf,0,0.7757142857142856,1.0,0,0.03110802544585448,0.034397307232523815,0.006691919352784001,0.0481223356250804,0.015029461641626602,0.0037098766330716606,0.05261658376776273,0.08708473835988594,0.0945645365321649,0.0010430696096995638,0.028760522583116205,0.05964506317266366,0.017354096940100063,0.015028339305394586,0.012884399863054055,0.004666245903986191,0.047512627414438284,0.015530303406359797
18,"Cfg(cluster_seed=0, surrogate='rf', surrogate_seed=1, estimator='tree_int', bg_size=50, bg_seed=1)",rf,0,0.7757142857142856,1.0,1,0.017658971087277358,0.020937470442584875,0.0037950938843018646,0.030512747251829148,0.012947731592906112,0.0020492224319747948,0.032966571266347645,0.0596737227866945,0.0514287330100345,0.000602453117041135,0.01706309164293019,0.039405965360155684,0.012273849904487474,0.013369248357828581,0.012277537574830315,0.002550344778590031,0.031021485439409986,0.012023408981214826
19,"Cfg(cluster_seed=0, surrogate='rf', surrogate_seed=1, estimator='tree_int', bg_size=50, bg_seed=2)",rf,0,0.7757142857142856,1.0,0,0.03110802544585448,0.034397307232523815,0.006691919352784001,0.0481223356250804,0.015029461641626602,0.0037098766330716606,0.05261658376776273,0.08708473835988594,0.0945645365321649,0.0010430696096995638,0.028760522583116205,0.05964506317266366,0.017354096940100063,0.015028339305394586,0.012884399863054055,0.004666245903986191,0.047512627414438284,0.015530303406359797
19,"Cfg(cluster_seed=0, surrogate='rf', surrogate_seed=1, estimator='tree_int', bg_size=50, bg_seed=2)",rf,0,0.7757142857142856,1.0,1,0.017658971087277358,0.020937470442584875,0.0037950938843018646,0.030512747251829148,0.012947731592906112,0.0020492224319747948,0.032966571266347645,0.0596737227866945,0.0514287330100345,0.000602453117041135,0.01706309164293019,0.039405965360155684,0.012273849904487474,0.013369248357828581,0.012277537574830315,0.002550344778590031,0.031021485439409986,0.012023408981214826
20,"Cfg(cluster_seed=0, surrogate='rf', surrogate_seed=2, estimator='tree_path', bg_size=50, bg_seed=0)",rf,0,0.7757142857142856,1.0,0,0.028950260186639844,0.043468807650780955,0.006299748497039323,0.054415106742695285,0.019618358024447512,0.004493182808960447,0.03738990866559982,0.0797235974365546,0.10177318599878606,0.003498264898547402,0.033092415961373293,0.061303519890973886,0.01840927234406686,0.01650326972232583,0.011621883775557437,0.003968862212402952,0.05524226844945826,0.017717816264957238
20,"Cfg(cluster_seed=0, surrogate='rf', surrogate_seed=2, estimator='tree_path', bg_size=50, bg_seed=0)",rf,0,0.7757142857142856,1.0,1,0.015856432075203427,0.026895728082216963,0.003026994945678677,0.03731973334492107,0.0116616176126507,0.0019563281523846104,0.02653027858287673,0.05517429588985577,0.05346774279626649,0.002126312076657493,0.0206429400717518,0.04311953453400125,0.011368584287268326,0.014644401337142949,0.011787472655667508,0.0025140567363566525,0.030520175890494394,0.014044416481458441
21,"Cfg(cluster_seed=0, surrogate='rf', surrogate_seed=2, estimator='tree_int', bg_size=50, bg_seed=0)",rf,0,0.7757142857142856,1.0,0,0.02661616227035693,0.04108375520713661,0.005866722925066375,0.05173162303562453,0.01823092075688012,0.003820847454923264,0.036387907723661614,0.07651164606795648,0.10097208437839826,0.0033324916689845413,0.03295665062603692,0.06105864345620215,0.01691582532848862,0.01600477030749034,0.012396184363016727,0.0036889731532992846,0.05325617413440011,0.017857744547213904
21,"Cfg(cluster_seed=0, surrogate='rf', surrogate_seed=2, estimator='tree_int', bg_size=50, bg_seed=0)",rf,0,0.7757142857142856,1.0,1,0.014894981924336928,0.02515015292708701,0.002662818727280385,0.031857865129031035,0.012058682350675653,0.002415504307394732,0.024272166691622386,0.054456069936483976,0.0547677582626197,0.002752445153787888,0.02131208966048213,0.04161776596031684,0.012308321607132506,0.014036235707885258,0.011269039875245822,0.002104777989077179,0.029266955975913826,0.012745390720662095
22,"Cfg(cluster_seed=0, surrogate='rf', surrogate_seed=2, estimator='tree_int', bg_size=50, bg_seed=1)",rf,0,0.7757142857142856,1.0,0,0.02661616227035693,0.04108375520713661,0.005866722925066375,0.05173162303562453,0.01823092075688012,0.003820847454923264,0.036387907723661614,0.07651164606795648,0.10097208437839826,0.0033324916689845413,0.03295665062603692,0.06105864345620215,0.01691582532848862,0.01600477030749034,0.012396184363016727,0.0036889731532992846,0.05325617413440011,0.017857744547213904
22,"Cfg(cluster_seed=0, surrogate='rf', surrogate_seed=2, estimator='tree_int', bg_size=50, bg_seed=1)",rf,0,0.7757142857142856,1.0,1,0.014894981924336928,0.02515015292708701,0.002662818727280385,0.031857865129031035,0.012058682350675653,0.002415504307394732,0.024272166691622386,0.054456069936483976,0.0547677582626197,0.002752445153787888,0.02131208966048213,0.04161776596031684,0.012308321607132506,0.014036235707885258,0.011269039875245822,0.002104777989077179,0.029266955975913826,0.012745390720662095
23,"Cfg(cluster_seed=0, surrogate='rf', surrogate_seed=2, estimator='tree_int', bg_size=50, bg_seed=2)",rf,0,0.7757142857142856,1.0,0,0.02661616227035693,0.04108375520713661,0.005866722925066375,0.05173162303562453,0.01823092075688012,0.003820847454923264,0.036387907723661614,0.07651164606795648,0.10097208437839826,0.0033324916689845413,0.03295665062603692,0.06105864345620215,0.01691582532848862,0.01600477030749034,0.012396184363016727,0.0036889731532992846,0.05325617413440011,0.017857744547213904
23,"Cfg(cluster_seed=0, surrogate='rf', surrogate_seed=2, estimator='tree_int', bg_size=50, bg_seed=2)",rf,0,0.7757142857142856,1.0,1,0.014894981924336928,0.02515015292708701,0.002662818727280385,0.031857865129031035,0.012058682350675653,0.002415504307394732,0.024272166691622386,0.054456069936483976,0.0547677582626197,0.002752445153787888,0.02131208966048213,0.04161776596031684,0.012308321607132506,0.014036235707885258,0.011269039875245822,0.002104777989077179,0.029266955975913826,0.012745390720662095
24,"Cfg(cluster_seed=0, surrogate='lgbm', surrogate_seed=0, estimator='tree_path', bg_size=50, bg_seed=0)",lgbm,0,0.6888095238095238,1.0,0,0.02277141779689831,0.002390682531119437,0.0,3.4306136862770185,0.03582959742619312,0.023371838688530253,0.2022496927172526,6.195083230961841,1.0704162552100407,0.0,0.07285080440198642,0.3342155171755496,0.0,0.12354297580979438,0.13357248508423764,0.04473888513908065,3.8293566431648003,0.0960150801368605
24,"Cfg(cluster_seed=0, surrogate='lgbm', surrogate_seed=0, estimator='tree_path', bg_size=50, bg_seed=0)",lgbm,0,0.6888095238095238,1.0,1,0.007558078173844415,0.004507310632835182,0.0,2.3185583191479493,0.06093472117679122,0.0077826060997778015,0.1664650157620375,4.023104944037656,0.6706098922956186,0.0,0.05632697551816402,0.31552966375839714,0.0,0.09209842827681058,0.14175039233429299,0.0413232465627419,2.318981241199117,0.10280196911162347
25,"Cfg(cluster_seed=0, surrogate='lgbm', surrogate_seed=0, estimator='tree_int', bg_size=50, bg_seed=0)",lgbm,0,0.6888095238095238,1.0,0,0.0006079464018166168,0.00011199423453296507,0.0,0.15344463967788866,0.0011311819666432225,0.0005542037475476237,0.008290661125352313,0.24956453154088154,0.04592434290335461,0.0,0.0029375075630689116,0.014003428797290092,0.0,0.004055149258068432,0.004861593549351675,0.001647281859621755,0.16823693257788921,0.0042431635625078306
25,"Cfg(cluster_seed=0, surrogate='lgbm', surrogate_seed=0, estimator='tree_int', bg_size=50, bg_seed=0)",lgbm,0,0.6888095238095238,1.0,1,0.0003465167788446605,6.41499051260231e-05,0.0,0.08763924087380948,0.0010981759727410859,0.00031639366748051427,0.004739165730864651,0.14305767311517958,0.026238992927319276,0.0,0.0015849388618653275,0.007984175530253813,0.0,0.002416404546539821,0.0027798666132813152,0.0010325149367867309,0.09594670851907945,0.002426771783018616
26,"Cfg(cluster_seed=0, surrogate='lgbm', surrogate_seed=0, estimator='tree_int', bg_size=50, bg_seed=1)",lgbm,0,0.6888095238095238,1.0,0,0.0006079464018166168,0.00011199423453296506,0.0,0.15344463967788866,0.0011311819666432225,0.0005542037475476238,0.008290661125352311,0.24956453154088154,0.04592434290335461,0.0,0.002937507563068912,0.014003428797290092,0.0,0.004055149258068431,0.004861593549351675,0.0016472818596217553,0.16823693257788921,0.0042431635625078306
26,"Cfg(cluster_seed=0, surrogate='lgbm', surrogate_seed=0, estimator='tree_int', bg_size=50, bg_seed=1)",lgbm,0,0.6888095238095238,1.0,1,0.0003465167788446605,6.41499051260231e-05,0.0,0.08763924087380948,0.0010981759727410859,0.0003163936674805143,0.004739165730864651,0.14305767311517958,0.026238992927319276,0.0,0.0015849388618653275,0.007984175530253813,0.0,0.002416404546539821,0.0027798666132813152,0.0010325149367867304,0.09594670851907945,0.002426771783018616
27,"Cfg(cluster_seed=0, surrogate='lgbm', surrogate_seed=0, estimator='tree_int', bg_size=50, bg_seed=2)",lgbm,0,0.6888095238095238,1.0,0,0.0006079464018166168,0.00011199423453296507,0.0,0.15344463967788868,0.0011311819666432223,0.0005542037475476238,0.008290661125352311,0.24956453154088154,0.04592434290335461,0.0,0.002937507563068912,0.014003428797290092,0.0,0.004055149258068432,0.004861593549351675,0.001647281859621755,0.16823693257788921,0.0042431635625078306
27,"Cfg(cluster_seed=0, surrogate='lgbm', surrogate_seed=0, estimator='tree_int', bg_size=50, bg_seed=2)",lgbm,0,0.6888095238095238,1.0,1,0.0003465167788446605,6.41499051260231e-05,0.0,0.08763924087380946,0.0010981759727410857,0.0003163936674805143,0.004739165730864651,0.1430576731151796,0.026238992927319276,0.0,0.0015849388618653277,0.007984175530253811,0.0,0.002416404546539821,0.0027798666132813152,0.0010325149367867307,0.09594670851907942,0.002426771783018616
28,"Cfg(cluster_seed=0, surrogate='lgbm', surrogate_seed=1, estimator='tree_path', bg_size=50, bg_seed=0)",lgbm,0,0.6888095238095238,1.0,0,0.02277141779689831,0.002390682531119437,0.0,3.4306136862770185,0.03582959742619312,0.023371838688530253,0.2022496927172526,6.195083230961841,1.0704162552100407,0.0,0.07285080440198642,0.3342155171755496,0.0,0.12354297580979438,0.13357248508423764,0.04473888513908065,3.8293566431648003,0.0960150801368605
28,"Cfg(cluster_seed=0, surrogate='lgbm', surrogate_seed=1, estimator='tree_path', bg_size=50, bg_seed=0)",lgbm,0,0.6888095238095238,1.0,1,0.007558078173844415,0.004507310632835182,0.0,2.3185583191479493,0.06093472117679122,0.0077826060997778015,0.1664650157620375,4.023104944037656,0.6706098922956186,0.0,0.05632697551816402,0.31552966375839714,0.0,0.09209842827681058,0.14175039233429299,0.0413232465627419,2.318981241199117,0.10280196911162347
29,"Cfg(cluster_seed=0, surrogate='lgbm', surrogate_seed=1, estimator='tree_int', bg_size=50, bg_seed=0)",lgbm,0,0.6888095238095238,1.0,0,0.0006079464018166168,0.00011199423453296507,0.0,0.15344463967788866,0.0011311819666432225,0.0005542037475476237,0.008290661125352313,0.24956453154088154,0.04592434290335461,0.0,0.0029375075630689116,0.014003428797290092,0.0,0.004055149258068432,0.004861593549351675,0.001647281859621755,0.16823693257788921,0.0042431635625078306
29,"Cfg(cluster_seed=0, surrogate='lgbm', surrogate_seed=1, estimator='tree_int', bg_size=50, bg_seed=0)",lgbm,0,0.6888095238095238,1.0,1,0.0003465167788446605,6.41499051260231e-05,0.0,0.08763924087380948,0.0010981759727410859,0.00031639366748051427,0.004739165730864651,0.14305767311517958,0.026238992927319276,0.0,0.0015849388618653275,0.007984175530253813,0.0,0.002416404546539821,0.0027798666132813152,0.0010325149367867309,0.09594670851907945,0.002426771783018616
30,"Cfg(cluster_seed=0, surrogate='lgbm', surrogate_seed=1, estimator='tree_int', bg_size=50, bg_seed=1)",lgbm,0,0.6888095238095238,1.0,0,0.0006079464018166168,0.00011199423453296506,0.0,0.15344463967788866,0.0011311819666432225,0.0005542037475476238,0.008290661125352311,0.24956453154088154,0.04592434290335461,0.0,0.002937507563068912,0.014003428797290092,0.0,0.004055149258068431,0.004861593549351675,0.0016472818596217553,0.16823693257788921,0.0042431635625078306
30,"Cfg(cluster_seed=0, surrogate='lgbm', surrogate_seed=1, estimator='tree_int', bg_size=50, bg_seed=1)",lgbm,0,0.6888095238095238,1.0,1,0.0003465167788446605,6.41499051260231e-05,0.0,0.08763924087380948,0.0010981759727410859,0.0003163936674805143,0.004739165730864651,0.14305767311517958,0.026238992927319276,0.0,0.0015849388618653275,0.007984175530253813,0.0,0.002416404546539821,0.0027798666132813152,0.0010325149367867304,0.09594670851907945,0.002426771783018616
31,"Cfg(cluster_seed=0, surrogate='lgbm', surrogate_seed=1, estimator='tree_int', bg_size=50, bg_seed=2)",lgbm,0,0.6888095238095238,1.0,0,0.0006079464018166168,0.00011199423453296507,0.0,0.15344463967788868,0.0011311819666432223,0.0005542037475476238,0.008290661125352311,0.24956453154088154,0.04592434290335461,0.0,0.002937507563068912,0.014003428797290092,0.0,0.004055149258068432,0.004861593549351675,0.001647281859621755,0.16823693257788921,0.0042431635625078306
31,"Cfg(cluster_seed=0, surrogate='lgbm', surrogate_seed=1, estimator='tree_int', bg_size=50, bg_seed=2)",lgbm,0,0.6888095238095238,1.0,1,0.0003465167788446605,6.41499051260231e-05,0.0,0.08763924087380946,0.0010981759727410857,0.0003163936674805143,0.004739165730864651,0.1430576731151796,0.026238992927319276,0.0,0.0015849388618653277,0.007984175530253811,0.0,0.002416404546539821,0.0027798666132813152,0.0010325149367867307,0.09594670851907942,0.002426771783018616
32,"Cfg(cluster_seed=0, surrogate='lgbm', surrogate_seed=2, estimator='tree_path', bg_size=50, bg_seed=0)",lgbm,0,0.6888095238095238,1.0,0,0.02277141779689831,0.002390682531119437,0.0,3.4306136862770185,0.03582959742619312,0.023371838688530253,0.2022496927172526,6.195083230961841,1.0704162552100407,0.0,0.07285080440198642,0.3342155171755496,0.0,0.12354297580979438,0.13357248508423764,0.04473888513908065,3.8293566431648003,0.0960150801368605
32,"Cfg(cluster_seed=0, surrogate='lgbm', surrogate_seed=2, estimator='tree_path', bg_size=50, bg_seed=0)",lgbm,0,0.6888095238095238,1.0,1,0.007558078173844415,0.004507310632835182,0.0,2.3185583191479493,0.06093472117679122,0.0077826060997778015,0.1664650157620375,4.023104944037656,0.6706098922956186,0.0,0.05632697551816402,0.31552966375839714,0.0,0.09209842827681058,0.14175039233429299,0.0413232465627419,2.318981241199117,0.10280196911162347
33,"Cfg(cluster_seed=0, surrogate='lgbm', surrogate_seed=2, estimator='tree_int', bg_size=50, bg_seed=0)",lgbm,0,0.6888095238095238,1.0,0,0.0006079464018166168,0.00011199423453296507,0.0,0.15344463967788866,0.0011311819666432225,0.0005542037475476237,0.008290661125352313,0.24956453154088154,0.04592434290335461,0.0,0.0029375075630689116,0.014003428797290092,0.0,0.004055149258068432,0.004861593549351675,0.001647281859621755,0.16823693257788921,0.0042431635625078306
33,"Cfg(cluster_seed=0, surrogate='lgbm', surrogate_seed=2, estimator='tree_int', bg_size=50, bg_seed=0)",lgbm,0,0.6888095238095238,1.0,1,0.0003465167788446605,6.41499051260231e-05,0.0,0.08763924087380948,0.0010981759727410859,0.00031639366748051427,0.004739165730864651,0.14305767311517958,0.026238992927319276,0.0,0.0015849388618653275,0.007984175530253813,0.0,0.002416404546539821,0.0027798666132813152,0.0010325149367867309,0.09594670851907945,0.002426771783018616
34,"Cfg(cluster_seed=0, surrogate='lgbm', surrogate_seed=2, estimator='tree_int', bg_size=50, bg_seed=1)",lgbm,0,0.6888095238095238,1.0,0,0.0006079464018166168,0.00011199423453296506,0.0,0.15344463967788866,0.0011311819666432225,0.0005542037475476238,0.008290661125352311,0.24956453154088154,0.04592434290335461,0.0,0.002937507563068912,0.014003428797290092,0.0,0.004055149258068431,0.004861593549351675,0.0016472818596217553,0.16823693257788921,0.0042431635625078306
34,"Cfg(cluster_seed=0, surrogate='lgbm', surrogate_seed=2, estimator='tree_int', bg_size=50, bg_seed=1)",lgbm,0,0.6888095238095238,1.0,1,0.0003465167788446605,6.41499051260231e-05,0.0,0.08763924087380948,0.0010981759727410859,0.0003163936674805143,0.004739165730864651,0.14305767311517958,0.026238992927319276,0.0,0.0015849388618653275,0.007984175530253813,0.0,0.002416404546539821,0.0027798666132813152,0.0010325149367867304,0.09594670851907945,0.002426771783018616
35,"Cfg(cluster_seed=0, surrogate='lgbm', surrogate_seed=2, estimator='tree_int', bg_size=50, bg_seed=2)",lgbm,0,0.6888095238095238,1.0,0,0.0006079464018166168,0.00011199423453296507,0.0,0.15344463967788868,0.0011311819666432223,0.0005542037475476238,0.008290661125352311,0.24956453154088154,0.04592434290335461,0.0,0.002937507563068912,0.014003428797290092,0.0,0.004055149258068432,0.004861593549351675,0.001647281859621755,0.16823693257788921,0.0042431635625078306
35,"Cfg(cluster_seed=0, surrogate='lgbm', surrogate_seed=2, estimator='tree_int', bg_size=50, bg_seed=2)",lgbm,0,0.6888095238095238,1.0,1,0.0003465167788446605,6.41499051260231e-05,0.0,0.08763924087380946,0.0010981759727410857,0.0003163936674805143,0.004739165730864651,0.1430576731151796,0.026238992927319276,0.0,0.0015849388618653277,0.007984175530253811,0.0,0.002416404546539821,0.0027798666132813152,0.0010325149367867307,0.09594670851907942,0.002426771783018616
36,"Cfg(cluster_seed=1, surrogate='dt', surrogate_seed=0, estimator='tree_path', bg_size=50, bg_seed=0)",dt,1,0.7264646464646465,0.5557103064066853,0,0.0,0.4441773504273504,0.0,0.0,0.0,0.0,0.0,0.24257532590865927,0.0,0.0,0.0,0.14887928429595096,0.0,0.0,0.0,0.0,0.0,0.0
36,"Cfg(cluster_seed=1, surrogate='dt', surrogate_seed=0, estimator='tree_path', bg_size=50, bg_seed=0)",dt,1,0.7264646464646465,0.5557103064066853,1,0.0,0.17504100837434156,0.0,0.0,0.0,0.0,0.0,0.034339117672450986,0.0,0.0,0.0,0.03304411637744976,0.0,0.0,0.0,0.0,0.0,0.0
37,"Cfg(cluster_seed=1, surrogate='dt', surrogate_seed=0, estimator='tree_int', bg_size=50, bg_seed=0)",dt,1,0.7264646464646465,0.5557103064066853,0,0.0,0.4356060581225337,0.0,0.0,0.0,0.0,0.0,0.23863636465235188,0.0,0.0,0.0,0.1464646442821531,0.0,0.0,0.0,0.0,0.0,0.0
37,"Cfg(cluster_seed=1, surrogate='dt', surrogate_seed=0, estimator='tree_int', bg_size=50, bg_seed=0)",dt,1,0.7264646464646465,0.5557103064066853,1,0.0,0.13131313161416489,0.0,0.0,0.0,0.0,0.0,0.0707070710081043,0.0,0.0,0.0,0.04040404070507397,0.0,0.0,0.0,0.0,0.0,0.0
38,"Cfg(cluster_seed=1, surrogate='dt', surrogate_seed=0, estimator='tree_int', bg_size=50, bg_seed=1)",dt,1,0.7264646464646465,0.5557103064066853,0,0.0,0.4356060581225337,0.0,0.0,0.0,0.0,0.0,0.23863636465235188,0.0,0.0,0.0,0.1464646442821531,0.0,0.0,0.0,0.0,0.0,0.0
38,"Cfg(cluster_seed=1, surrogate='dt', surrogate_seed=0, estimator='tree_int', bg_size=50, bg_seed=1)",dt,1,0.7264646464646465,0.5557103064066853,1,0.0,0.13131313161416489,0.0,0.0,0.0,0.0,0.0,0.0707070710081043,0.0,0.0,0.0,0.04040404070507397,0.0,0.0,0.0,0.0,0.0,0.0
39,"Cfg(cluster_seed=1, surrogate='dt', surrogate_seed=0, estimator='tree_int', bg_size=50, bg_seed=2)",dt,1,0.7264646464646465,0.5557103064066853,0,0.0,0.4356060581225337,0.0,0.0,0.0,0.0,0.0,0.23863636465235188,0.0,0.0,0.0,0.1464646442821531,0.0,0.0,0.0,0.0,0.0,0.0
39,"Cfg(cluster_seed=1, surrogate='dt', surrogate_seed=0, estimator='tree_int', bg_size=50, bg_seed=2)",dt,1,0.7264646464646465,0.5557103064066853,1,0.0,0.13131313161416489,0.0,0.0,0.0,0.0,0.0,0.0707070710081043,0.0,0.0,0.0,0.04040404070507397,0.0,0.0,0.0,0.0,0.0,0.0
40,"Cfg(cluster_seed=1, surrogate='dt', surrogate_seed=1, estimator='tree_path', bg_size=50, bg_seed=0)",dt,1,0.6384848484848484,0.5557103064066853,0,0.0,0.39372086247086235,0.0,0.0,0.0,0.0,0.0,0.24177943969610638,0.0,0.0,0.0,0.0,0.0,0.0,0.0,0.0,0.0,0.19522684106017443
40,"Cfg(cluster_seed=1, surrogate='dt', surrogate_seed=1, estimator='tree_path', bg_size=50, bg_seed=0)",dt,1,0.6384848484848484,0.5557103064066853,1,0.0,0.17504100837434156,0.0,0.0,0.0,0.0,0.0,0.03304411637744976,0.0,0.0,0.0,0.0,0.0,0.0,0.0,0.0,0.0,0.034339117672450986
41,"Cfg(cluster_seed=1, surrogate='dt', surrogate_seed=1, estimator='tree_int', bg_size=50, bg_seed=0)",dt,1,0.6384848484848484,0.5557103064066853,0,0.0,0.38194444165988395,0.0,0.0,0.0,0.0,0.0,0.23737373519124402,0.0,0.0,0.0,0.0,0.0,0.0,0.0,0.0,0.0,0.1912878799167546
41,"Cfg(cluster_seed=1, surrogate='dt', surrogate_seed=1, estimator='tree_int', bg_size=50, bg_seed=0)",dt,1,0.6384848484848484,0.5557103064066853,1,0.0,0.11616161646264976,0.0,0.0,0.0,0.0,0.0,0.0707070710081043,0.0,0.0,0.0,0.0,0.0,0.0,0.0,0.0,0.0,0.05555555585658913
42,"Cfg(cluster_seed=1, surrogate='dt', surrogate_seed=1, estimator='tree_int', bg_size=50, bg_seed=1)",dt,1,0.6384848484848484,0.5557103064066853,0,0.0,0.38194444165988395,0.0,0.0,0.0,0.0,0.0,0.23737373519124402,0.0,0.0,0.0,0.0,0.0,0.0,0.0,0.0,0.0,0.1912878799167546
42,"Cfg(cluster_seed=1, surrogate='dt', surrogate_seed=1, estimator='tree_int', bg_size=50, bg_seed=1)",dt,1,0.6384848484848484,0.5557103064066853,1,0.0,0.11616161646264976,0.0,0.0,0.0,0.0,0.0,0.0707070710081043,0.0,0.0,0.0,0.0,0.0,0.0,0.0,0.0,0.0,0.05555555585658913
43,"Cfg(cluster_seed=1, surrogate='dt', surrogate_seed=1, estimator='tree_int', bg_size=50, bg_seed=2)",dt,1,0.6384848484848484,0.5557103064066853,0,0.0,0.38194444165988395,0.0,0.0,0.0,0.0,0.0,0.23737373519124402,0.0,0.0,0.0,0.0,0.0,0.0,0.0,0.0,0.0,0.1912878799167546
43,"Cfg(cluster_seed=1, surrogate='dt', surrogate_seed=1, estimator='tree_int', bg_size=50, bg_seed=2)",dt,1,0.6384848484848484,0.5557103064066853,1,0.0,0.11616161646264976,0.0,0.0,0.0,0.0,0.0,0.0707070710081043,0.0,0.0,0.0,0.0,0.0,0.0,0.0,0.0,0.0,0.05555555585658913
44,"Cfg(cluster_seed=1, surrogate='dt', surrogate_seed=2, estimator='tree_path', bg_size=50, bg_seed=0)",dt,1,0.7984848484848485,0.5557103064066853,0,0.0,0.4441773504273504,0.0,0.0,0.0,0.0,0.0,0.24257532590865927,0.0,0.0,0.0,0.0,0.0,0.0,0.0,0.14887928429595096,0.0,0.0
44,"Cfg(cluster_seed=1, surrogate='dt', surrogate_seed=2, estimator='tree_path', bg_size=50, bg_seed=0)",dt,1,0.7984848484848485,0.5557103064066853,1,0.0,0.17504100837434156,0.0,0.0,0.0,0.0,0.0,0.034339117672450986,0.0,0.0,0.0,0.0,0.0,0.0,0.0,0.03304411637744976,0.0,0.0
45,"Cfg(cluster_seed=1, surrogate='dt', surrogate_seed=2, estimator='tree_int', bg_size=50, bg_seed=0)",dt,1,0.7984848484848485,0.5557103064066853,0,0.0,0.4356060581225337,0.0,0.0,0.0,0.0,0.0,0.23863636465235188,0.0,0.0,0.0,0.0,0.0,0.0,0.0,0.1464646442821531,0.0,0.0
45,"Cfg(cluster_seed=1, surrogate='dt', surrogate_seed=2, estimator='tree_int', bg_size=50, bg_seed=0)",dt,1,0.7984848484848485,0.5557103064066853,1,0.0,0.13131313161416489,0.0,0.0,0.0,0.0,0.0,0.0707070710081043,0.0,0.0,0.0,0.0,0.0,0.0,0.0,0.04040404070507397,0.0,0.0
46,"Cfg(cluster_seed=1, surrogate='dt', surrogate_seed=2, estimator='tree_int', bg_size=50, bg_seed=1)",dt,1,0.7984848484848485,0.5557103064066853,0,0.0,0.4356060581225337,0.0,0.0,0.0,0.0,0.0,0.23863636465235188,0.0,0.0,0.0,0.0,0.0,0.0,0.0,0.1464646442821531,0.0,0.0
46,"Cfg(cluster_seed=1, surrogate='dt', surrogate_seed=2, estimator='tree_int', bg_size=50, bg_seed=1)",dt,1,0.7984848484848485,0.5557103064066853,1,0.0,0.13131313161416489,0.0,0.0,0.0,0.0,0.0,0.0707070710081043,0.0,0.0,0.0,0.0,0.0,0.0,0.0,0.04040404070507397,0.0,0.0
47,"Cfg(cluster_seed=1, surrogate='dt', surrogate_seed=2, estimator='tree_int', bg_size=50, bg_seed=2)",dt,1,0.7984848484848485,0.5557103064066853,0,0.0,0.4356060581225337,0.0,0.0,0.0,0.0,0.0,0.23863636465235188,0.0,0.0,0.0,0.0,0.0,0.0,0.0,0.1464646442821531,0.0,0.0
47,"Cfg(cluster_seed=1, surrogate='dt', surrogate_seed=2, estimator='tree_int', bg_size=50, bg_seed=2)",dt,1,0.7984848484848485,0.5557103064066853,1,0.0,0.13131313161416489,0.0,0.0,0.0,0.0,0.0,0.0707070710081043,0.0,0.0,0.0,0.0,0.0,0.0,0.0,0.04040404070507397,0.0,0.0
48,"Cfg(cluster_seed=1, surrogate='rf', surrogate_seed=0, estimator='tree_path', bg_size=50, bg_seed=0)",rf,1,0.8727272727272727,0.5557103064066853,0,0.07274327419514719,0.12067020523577483,0.0,0.0360097618405031,0.014514398154391778,0.005159085593895895,0.03216958822906734,0.10072715652686867,0.06576452191653036,0.024121322536370005,0.020155227658776472,0.037868649341735595,0.004254687444539605,0.00619165761793186,0.016530188656828208,0.015754138178923092,0.06120267326412625,0.02626555115435801
48,"Cfg(cluster_seed=1, surrogate='rf', surrogate_seed=0, estimator='tree_path', bg_size=50, bg_seed=0)",rf,1,0.8727272727272727,0.5557103064066853,1,0.03529783883835812,0.04058853670921839,0.0,0.014164270985233008,0.007931945408515651,0.0031637569250458943,0.01210840127829718,0.03661248530131887,0.02753746236104128,0.009854583380400602,0.01095670438352842,0.017554078285654827,0.0029110127603919813,0.0025394489830133904,0.008901384176249829,0.005171097852527749,0.01935252301795135,0.010648046232243635
49,"Cfg(cluster_seed=1, surrogate='rf', surrogate_seed=0, estimator='tree_int', bg_size=50, bg_seed=0)",rf,1,0.8727272727272727,0.5557103064066853,0,0.07113005222742107,0.12150484301100457,0.0,0.036063763509777004,0.014431818526866142,0.005004208875382603,0.03369528700766916,0.09454335245765944,0.057992425646675234,0.023941498896227025,0.020795455047680825,0.039788300631202714,0.004481060714500597,0.00565235703922526,0.016886574482972115,0.015198864004394802,0.05848064114671257,0.026120371009076764
49,"Cfg(cluster_seed=1, surrogate='rf', surrogate_seed=0, estimator='tree_int', bg_size=50, bg_seed=0)",rf,1,0.8727272727272727,0.5557103064066853,1,0.034323233155195004,0.038254883083740636,0.0,0.010735017098133648,0.005612525387497788,0.002244444498792291,0.010904377367291036,0.03612255979724455,0.026097643729581534,0.009766330202815659,0.010047138290423334,0.016886061017161634,0.003047811521612333,0.0029380472091901488,0.009316835242436466,0.004436027043442608,0.021540741262336575,0.010131178699772465
50,"Cfg(cluster_seed=1, surrogate='rf', surrogate_seed=0, estimator='tree_int', bg_size=50, bg_seed=1)",rf,1,0.8727272727272727,0.5557103064066853,0,0.07113005222742107,0.12150484301100457,0.0,0.036063763509777004,0.014431818526866142,0.005004208875382603,0.03369528700766916,0.09454335245765944,0.057992425646675234,0.023941498896227025,0.020795455047680825,0.039788300631202714,0.004481060714500597,0.00565235703922526,0.016886574482972115,0.015198864004394802,0.05848064114671257,0.026120371009076764
50,"Cfg(cluster_seed=1, surrogate='rf', surrogate_seed=0, estimator='tree_int', bg_size=50, bg_seed=1)",rf,1,0.8727272727272727,0.5557103064066853,1,0.034323233155195004,0.038254883083740636,0.0,0.010735017098133648,0.005612525387497788,0.002244444498792291,0.010904377367291036,0.03612255979724455,0.026097643729581534,0.009766330202815659,0.010047138290423334,0.016886061017161634,0.003047811521612333,0.0029380472091901488,0.009316835242436466,0.004436027043442608,0.021540741262336575,0.010131178699772465
51,"Cfg(cluster_seed=1, surrogate='rf', surrogate_seed=0, estimator='tree_int', bg_size=50, bg_seed=2)",rf,1,0.8727272727272727,0.5557103064066853,0,0.07113005222742107,0.12150484301100457,0.0,0.036063763509777004,0.014431818526866142,0.005004208875382603,0.03369528700766916,0.09454335245765944,0.057992425646675234,0.023941498896227025,0.020795455047680825,0.039788300631202714,0.004481060714500597,0.00565235703922526,0.016886574482972115,0.015198864004394802,0.05848064114671257,0.026120371009076764
51,"Cfg(cluster_seed=1, surrogate='rf', surrogate_seed=0, estimator='tree_int', bg_size=50, bg_seed=2)",rf,1,0.8727272727272727,0.5557103064066853,1,0.034323233155195004,0.038254883083740636,0.0,0.010735017098133648,0.005612525387497788,0.002244444498792291,0.010904377367291036,0.03612255979724455,0.026097643729581534,0.009766330202815659,0.010047138290423334,0.016886061017161634,0.003047811521612333,0.0029380472091901488,0.009316835242436466,0.004436027043442608,0.021540741262336575,0.010131178699772465
52,"Cfg(cluster_seed=1, surrogate='rf', surrogate_seed=1, estimator='tree_path', bg_size=50, bg_seed=0)",rf,1,0.8727272727272727,0.5557103064066853,0,0.07569615697103167,0.09695232592969034,0.0004130379280610504,0.03281860713713445,0.013452715327378564,0.00761086975061363,0.05493420603219511,0.1185234546473985,0.05390582505549356,0.020212324777473603,0.02654448523940859,0.03471593226554709,0.0053078420652232575,0.004087347311735185,0.015173761229920634,0.011462071170556068,0.06479838698135464,0.026772394536700543
52,"Cfg(cluster_seed=1, surrogate='rf', surrogate_seed=1, estimator='tree_path', bg_size=50, bg_seed=0)",rf,1,0.8727272727272727,0.5557103064066853,1,0.03248738239265826,0.03296286356485658,0.0003674688400445416,0.012834361028189073,0.004883091035757195,0.003275316080766223,0.020360765514536017,0.04521986266179414,0.028636263814680242,0.009998329186161137,0.015276791492074606,0.01650648468647274,0.0032929172297842036,0.0015408720893190645,0.00798093990553416,0.004049405367966931,0.022000685763622418,0.00928455734293573
53,"Cfg(cluster_seed=1, surrogate='rf', surrogate_seed=1, estimator='tree_int', bg_size=50, bg_seed=0)",rf,1,0.8727272727272727,0.5557103064066853,0,0.07078493437350544,0.0992413744547362,0.0002104377155333306,0.032111743203131475,0.012878788197695307,0.007053872224677241,0.05607112930782464,0.11546401794255486,0.052208545035241645,0.018294402798567193,0.026082702651778658,0.03491266919555721,0.005027357024091268,0.0037152778677409515,0.014609638400901475,0.010993266259461192,0.06659511945767779,0.025849116787536666
53,"Cfg(cluster_seed=1, surrogate='rf', surrogate_seed=1, estimator='tree_int', bg_size=50, bg_seed=0)",rf,1,0.8727272727272727,0.5557103064066853,1,0.031951515925060396,0.03112020277389974,0.00025791246415765,0.009954545695588672,0.004539394050723676,0.00226868692362173,0.017338720960683666,0.045359260355771494,0.024464310357968012,0.00894713826336418,0.013757912791051874,0.015683838763612915,0.002738720605036977,0.0014050505390729414,0.007700673588551581,0.0034781145623348875,0.02309966385900749,0.009485858815552837
54,"Cfg(cluster_seed=1, surrogate='rf', surrogate_seed=1, estimator='tree_int', bg_size=50, bg_seed=1)",rf,1,0.8727272727272727,0.5557103064066853,0,0.07078493437350544,0.0992413744547362,0.0002104377155333306,0.032111743203131475,0.012878788197695307,0.007053872224677241,0.05607112930782464,0.11546401794255486,0.052208545035241645,0.018294402798567193,0.026082702651778658,0.03491266919555721,0.005027357024091268,0.0037152778677409515,0.014609638400901475,0.010993266259461192,0.06659511945767779,0.025849116787536666
54,"Cfg(cluster_seed=1, surrogate='rf', surrogate_seed=1, estimator='tree_int', bg_size=50, bg_seed=1)",rf,1,0.8727272727272727,0.5557103064066853,1,0.031951515925060396,0.03112020277389974,0.00025791246415765,0.009954545695588672,0.004539394050723676,0.00226868692362173,0.017338720960683666,0.045359260355771494,0.024464310357968012,0.00894713826336418,0.013757912791051874,0.015683838763612915,0.002738720605036977,0.0014050505390729414,0.007700673588551581,0.0034781145623348875,0.02309966385900749,0.009485858815552837
55,"Cfg(cluster_seed=1, surrogate='rf', surrogate_seed=1, estimator='tree_int', bg_size=50, bg_seed=2)",rf,1,0.8727272727272727,0.5557103064066853,0,0.07078493437350544,0.0992413744547362,0.0002104377155333306,0.032111743203131475,0.012878788197695307,0.007053872224677241,0.05607112930782464,0.11546401794255486,0.052208545035241645,0.018294402798567193,0.026082702651778658,0.03491266919555721,0.005027357024091268,0.0037152778677409515,0.014609638400901475,0.010993266259461192,0.06659511945767779,0.025849116787536666
55,"Cfg(cluster_seed=1, surrogate='rf', surrogate_seed=1, estimator='tree_int', bg_size=50, bg_seed=2)",rf,1,0.8727272727272727,0.5557103064066853,1,0.031951515925060396,0.03112020277389974,0.00025791246415765,0.009954545695588672,0.004539394050723676,0.00226868692362173,0.017338720960683666,0.045359260355771494,0.024464310357968012,0.00894713826336418,0.013757912791051874,0.015683838763612915,0.002738720605036977,0.0014050505390729414,0.007700673588551581,0.0034781145623348875,0.02309966385900749,0.009485858815552837
56,"Cfg(cluster_seed=1, surrogate='rf', surrogate_seed=2, estimator='tree_path', bg_size=50, bg_seed=0)",rf,1,0.8727272727272727,0.5557103064066853,0,0.056119953469155597,0.1114126571276075,0.0014135372369238185,0.027951020793924142,0.012328416804490563,0.0066912860159855396,0.041789201362585106,0.10775726173079103,0.07832696903825362,0.02511222185463853,0.020225965418068734,0.037401715429612445,0.003116609186512603,0.004509840332428537,0.013696497754986655,0.013920419742150435,0.0766831778994482,0.028475514791570965
56,"Cfg(cluster_seed=1, surrogate='rf', surrogate_seed=2, estimator='tree_path', bg_size=50, bg_seed=0)",rf,1,0.8727272727272727,0.5557103064066853,1,0.027583140555275477,0.03403128639386781,0.0006817375920090872,0.011256409496331452,0.0048648749828939155,0.0030674617297744944,0.016125260045461054,0.0393179309315548,0.031939256929181974,0.011370540012346029,0.01213774450583608,0.01721588338535316,0.0023761795523194,0.0031530189863410163,0.008424938112928437,0.005189308015661669,0.024044568625191994,0.011512831036947987
57,"Cfg(cluster_seed=1, surrogate='rf', surrogate_seed=2, estimator='tree_int', bg_size=50, bg_seed=0)",rf,1,0.8727272727272727,0.5557103064066853,0,0.056726642787742254,0.11115951448631348,0.0011542508697003184,0.028345960283221568,0.011422559200031119,0.006960227442587811,0.0404976861658118,0.10308396714257965,0.07301452197002205,0.022630471928454368,0.019343434813587617,0.03697601099636152,0.0039078283774539495,0.004856902474509269,0.013510101337239825,0.01394886397412682,0.07545770384736401,0.027573653866332305
57,"Cfg(cluster_seed=1, surrogate='rf', surrogate_seed=2, estimator='tree_int', bg_size=50, bg_seed=0)",rf,1,0.8727272727272727,0.5557103064066853,1,0.027209091568224587,0.03436296379800434,0.0006764309928103377,0.008231650031256406,0.00360269368993062,0.0025114478726843094,0.014570034022838105,0.0407552198420815,0.03178080885036086,0.010414141666313466,0.009999326841313053,0.016783165389559034,0.0024801347401896207,0.0031090909843756393,0.007514478296436597,0.004211111213080585,0.024607744703605553,0.01087676794014194
58,"Cfg(cluster_seed=1, surrogate='rf', surrogate_seed=2, estimator='tree_int', bg_size=50, bg_seed=1)",rf,1,0.8727272727272727,0.5557103064066853,0,0.056726642787742254,0.11115951448631348,0.0011542508697003184,0.028345960283221568,0.011422559200031119,0.006960227442587811,0.0404976861658118,0.10308396714257965,0.07301452197002205,0.022630471928454368,0.019343434813587617,0.03697601099636152,0.0039078283774539495,0.004856902474509269,0.013510101337239825,0.01394886397412682,0.07545770384736401,0.027573653866332305
58,"Cfg(cluster_seed=1, surrogate='rf', surrogate_seed=2, estimator='tree_int', bg_size=50, bg_seed=1)",rf,1,0.8727272727272727,0.5557103064066853,1,0.027209091568224587,0.03436296379800434,0.0006764309928103377,0.008231650031256406,0.00360269368993062,0.0025114478726843094,0.014570034022838105,0.0407552198420815,0.03178080885036086,0.010414141666313466,0.009999326841313053,0.016783165389559034,0.0024801347401896207,0.0031090909843756393,0.007514478296436597,0.004211111213080585,0.024607744703605553,0.01087676794014194
59,"Cfg(cluster_seed=1, surrogate='rf', surrogate_seed=2, estimator='tree_int', bg_size=50, bg_seed=2)",rf,1,0.8727272727272727,0.5557103064066853,0,0.056726642787742254,0.11115951448631348,0.0011542508697003184,0.028345960283221568,0.011422559200031119,0.006960227442587811,0.0404976861658118,0.10308396714257965,0.07301452197002205,0.022630471928454368,0.019343434813587617,0.03697601099636152,0.0039078283774539495,0.004856902474509269,0.013510101337239825,0.01394886397412682,0.07545770384736401,0.027573653866332305
59,"Cfg(cluster_seed=1, surrogate='rf', surrogate_seed=2, estimator='tree_int', bg_size=50, bg_seed=2)",rf,1,0.8727272727272727,0.5557103064066853,1,0.027209091568224587,0.03436296379800434,0.0006764309928103377,0.008231650031256406,0.00360269368993062,0.0025114478726843094,0.014570034022838105,0.0407552198420815,0.03178080885036086,0.010414141666313466,0.009999326841313053,0.016783165389559034,0.0024801347401896207,0.0031090909843756393,0.007514478296436597,0.004211111213080585,0.024607744703605553,0.01087676794014194
60,"Cfg(cluster_seed=1, surrogate='lgbm', surrogate_seed=0, estimator='tree_path', bg_size=50, bg_seed=0)",lgbm,1,0.7329292929292929,0.5557103064066853,0,2.009565536604155,4.5101125313020605,0.0,0.07410416099406637,0.014133017394460717,0.036641088974790556,0.004478686517954241,2.8783478982028994,1.6409106640720266,0.9996338403281311,1.7363191643180562,1.27244558083084,0.023344903017113658,0.00047566895896105667,1.140759317448819,0.07565079199322934,0.9810222497181658,0.14329900178134924
60,"Cfg(cluster_seed=1, surrogate='lgbm', surrogate_seed=0, estimator='tree_path', bg_size=50, bg_seed=0)",lgbm,1,0.7329292929292929,0.5557103064066853,1,1.155366984520956,1.519209735980094,0.0,0.05058047751894529,0.011650107152314036,0.046058201430376026,0.007162956752198678,1.458312397560447,0.8203063948922009,0.5164508485286801,1.073900379720432,0.7648618911245404,0.04205588242429926,0.0020226793251328216,0.8264884531256174,0.040122495714135925,0.49951178543005303,0.050307484048457536
61,"Cfg(cluster_seed=1, surrogate='lgbm', surrogate_seed=0, estimator='tree_int', bg_size=50, bg_seed=0)",lgbm,1,0.7329292929292929,0.5557103064066853,0,0.09803622437219303,0.21408286902511614,0.0,0.003280926297131232,0.0006204410396085957,0.0016162513522670176,0.00021332856659483527,0.13492898913374018,0.0707675453794609,0.043449450470318285,0.07469455447069187,0.05411276532683384,0.0010216812408419286,2.404313573749002e-05,0.04555972426903453,0.003083612057733249,0.04370376669337155,0.005508374936004553
61,"Cfg(cluster_seed=1, surrogate='lgbm', surrogate_seed=0, estimator='tree_int', bg_size=50, bg_seed=0)",lgbm,1,0.7329292929292929,0.5557103064066853,1,0.03173185350278947,0.06850651808803715,0.0,0.0008915744905163371,0.00019920024488557966,0.0005177997045044488,7.675586115815416e-05,0.04317727652279687,0.022557147812764793,0.01390711650199019,0.024002146671374867,0.017299571505997872,0.00033006093506440586,7.84952562357313e-06,0.016854499893156006,0.000842087067085633,0.012825028079931038,0.001762066562548665
62,"Cfg(cluster_seed=1, surrogate='lgbm', surrogate_seed=0, estimator='tree_int', bg_size=50, bg_seed=1)",lgbm,1,0.7329292929292929,0.5557103064066853,0,0.09803622437219303,0.21408286902511614,0.0,0.0032809262971312324,0.0006204410396085956,0.0016162513522670176,0.00021332856659483522,0.1349289891337402,0.0707675453794609,0.04344945047031828,0.07469455447069187,0.05411276532683384,0.0010216812408419286,2.404313573749002e-05,0.04555972426903453,0.0030836120577332495,0.04370376669337155,0.005508374936004553
62,"Cfg(cluster_seed=1, surrogate='lgbm', surrogate_seed=0, estimator='tree_int', bg_size=50, bg_seed=1)",lgbm,1,0.7329292929292929,0.5557103064066853,1,0.03173185350278947,0.06850651808803716,0.0,0.0008915744905163371,0.00019920024488557963,0.0005177997045044488,7.675586115815415e-05,0.043177276522796876,0.022557147812764793,0.01390711650199019,0.024002146671374867,0.017299571505997872,0.0003300609350644059,7.84952562357313e-06,0.01685449989315601,0.000842087067085633,0.012825028079931038,0.001762066562548665
63,"Cfg(cluster_seed=1, surrogate='lgbm', surrogate_seed=0, estimator='tree_int', bg_size=50, bg_seed=2)",lgbm,1,0.7329292929292929,0.5557103064066853,0,0.09803622437219303,0.21408286902511614,0.0,0.003280926297131232,0.0006204410396085956,0.0016162513522670176,0.00021332856659483527,0.1349289891337402,0.07076754537946092,0.04344945047031828,0.07469455447069187,0.05411276532683384,0.0010216812408419288,2.404313573749002e-05,0.04555972426903453,0.0030836120577332486,0.04370376669337155,0.005508374936004553
63,"Cfg(cluster_seed=1, surrogate='lgbm', surrogate_seed=0, estimator='tree_int', bg_size=50, bg_seed=2)",lgbm,1,0.7329292929292929,0.5557103064066853,1,0.03173185350278947,0.06850651808803715,0.0,0.0008915744905163371,0.00019920024488557966,0.0005177997045044488,7.675586115815415e-05,0.04317727652279687,0.022557147812764793,0.01390711650199019,0.024002146671374867,0.017299571505997872,0.00033006093506440586,7.84952562357313e-06,0.01685449989315601,0.000842087067085633,0.012825028079931038,0.001762066562548665
64,"Cfg(cluster_seed=1, surrogate='lgbm', surrogate_seed=1, estimator='tree_path', bg_size=50, bg_seed=0)",lgbm,1,0.7329292929292929,0.5557103064066853,0,2.009565536604155,4.5101125313020605,0.0,0.07410416099406637,0.014133017394460717,0.036641088974790556,0.004478686517954241,2.8783478982028994,1.6409106640720266,0.9996338403281311,1.7363191643180562,1.27244558083084,0.023344903017113658,0.00047566895896105667,1.140759317448819,0.07565079199322934,0.9810222497181658,0.14329900178134924
64,"Cfg(cluster_seed=1, surrogate='lgbm', surrogate_seed=1, estimator='tree_path', bg_size=50, bg_seed=0)",lgbm,1,0.7329292929292929,0.5557103064066853,1,1.155366984520956,1.519209735980094,0.0,0.05058047751894529,0.011650107152314036,0.046058201430376026,0.007162956752198678,1.458312397560447,0.8203063948922009,0.5164508485286801,1.073900379720432,0.7648618911245404,0.04205588242429926,0.0020226793251328216,0.8264884531256174,0.040122495714135925,0.49951178543005303,0.050307484048457536
65,"Cfg(cluster_seed=1, surrogate='lgbm', surrogate_seed=1, estimator='tree_int', bg_size=50, bg_seed=0)",lgbm,1,0.7329292929292929,0.5557103064066853,0,0.09803622437219303,0.21408286902511614,0.0,0.003280926297131232,0.0006204410396085957,0.0016162513522670176,0.00021332856659483527,0.13492898913374018,0.0707675453794609,0.043449450470318285,0.07469455447069187,0.05411276532683384,0.0010216812408419286,2.404313573749002e-05,0.04555972426903453,0.003083612057733249,0.04370376669337155,0.005508374936004553
65,"Cfg(cluster_seed=1, surrogate='lgbm', surrogate_seed=1, estimator='tree_int', bg_size=50, bg_seed=0)",lgbm,1,0.7329292929292929,0.5557103064066853,1,0.03173185350278947,0.06850651808803715,0.0,0.0008915744905163371,0.00019920024488557966,0.0005177997045044488,7.675586115815416e-05,0.04317727652279687,0.022557147812764793,0.01390711650199019,0.024002146671374867,0.017299571505997872,0.00033006093506440586,7.84952562357313e-06,0.016854499893156006,0.000842087067085633,0.012825028079931038,0.001762066562548665
66,"Cfg(cluster_seed=1, surrogate='lgbm', surrogate_seed=1, estimator='tree_int', bg_size=50, bg_seed=1)",lgbm,1,0.7329292929292929,0.5557103064066853,0,0.09803622437219303,0.21408286902511614,0.0,0.0032809262971312324,0.0006204410396085956,0.0016162513522670176,0.00021332856659483522,0.1349289891337402,0.0707675453794609,0.04344945047031828,0.07469455447069187,0.05411276532683384,0.0010216812408419286,2.404313573749002e-05,0.04555972426903453,0.0030836120577332495,0.04370376669337155,0.005508374936004553
66,"Cfg(cluster_seed=1, surrogate='lgbm', surrogate_seed=1, estimator='tree_int', bg_size=50, bg_seed=1)",lgbm,1,0.7329292929292929,0.5557103064066853,1,0.03173185350278947,0.06850651808803716,0.0,0.0008915744905163371,0.00019920024488557963,0.0005177997045044488,7.675586115815415e-05,0.043177276522796876,0.022557147812764793,0.01390711650199019,0.024002146671374867,0.017299571505997872,0.0003300609350644059,7.84952562357313e-06,0.01685449989315601,0.000842087067085633,0.012825028079931038,0.001762066562548665
67,"Cfg(cluster_seed=1, surrogate='lgbm', surrogate_seed=1, estimator='tree_int', bg_size=50, bg_seed=2)",lgbm,1,0.7329292929292929,0.5557103064066853,0,0.09803622437219303,0.21408286902511614,0.0,0.003280926297131232,0.0006204410396085956,0.0016162513522670176,0.00021332856659483527,0.1349289891337402,0.07076754537946092,0.04344945047031828,0.07469455447069187,0.05411276532683384,0.0010216812408419288,2.404313573749002e-05,0.04555972426903453,0.0030836120577332486,0.04370376669337155,0.005508374936004553
67,"Cfg(cluster_seed=1, surrogate='lgbm', surrogate_seed=1, estimator='tree_int', bg_size=50, bg_seed=2)",lgbm,1,0.7329292929292929,0.5557103064066853,1,0.03173185350278947,0.06850651808803715,0.0,0.0008915744905163371,0.00019920024488557966,0.0005177997045044488,7.675586115815415e-05,0.04317727652279687,0.022557147812764793,0.01390711650199019,0.024002146671374867,0.017299571505997872,0.00033006093506440586,7.84952562357313e-06,0.01685449989315601,0.000842087067085633,0.012825028079931038,0.001762066562548665
68,"Cfg(cluster_seed=1, surrogate='lgbm', surrogate_seed=2, estimator='tree_path', bg_size=50, bg_seed=0)",lgbm,1,0.7329292929292929,0.5557103064066853,0,2.009565536604155,4.5101125313020605,0.0,0.07410416099406637,0.014133017394460717,0.036641088974790556,0.004478686517954241,2.8783478982028994,1.6409106640720266,0.9996338403281311,1.7363191643180562,1.27244558083084,0.023344903017113658,0.00047566895896105667,1.140759317448819,0.07565079199322934,0.9810222497181658,0.14329900178134924
68,"Cfg(cluster_seed=1, surrogate='lgbm', surrogate_seed=2, estimator='tree_path', bg_size=50, bg_seed=0)",lgbm,1,0.7329292929292929,0.5557103064066853,1,1.155366984520956,1.519209735980094,0.0,0.05058047751894529,0.011650107152314036,0.046058201430376026,0.007162956752198678,1.458312397560447,0.8203063948922009,0.5164508485286801,1.073900379720432,0.7648618911245404,0.04205588242429926,0.0020226793251328216,0.8264884531256174,0.040122495714135925,0.49951178543005303,0.050307484048457536
69,"Cfg(cluster_seed=1, surrogate='lgbm', surrogate_seed=2, estimator='tree_int', bg_size=50, bg_seed=0)",lgbm,1,0.7329292929292929,0.5557103064066853,0,0.09803622437219303,0.21408286902511614,0.0,0.003280926297131232,0.0006204410396085957,0.0016162513522670176,0.00021332856659483527,0.13492898913374018,0.0707675453794609,0.043449450470318285,0.07469455447069187,0.05411276532683384,0.0010216812408419286,2.404313573749002e-05,0.04555972426903453,0.003083612057733249,0.04370376669337155,0.005508374936004553
69,"Cfg(cluster_seed=1, surrogate='lgbm', surrogate_seed=2, estimator='tree_int', bg_size=50, bg_seed=0)",lgbm,1,0.7329292929292929,0.5557103064066853,1,0.03173185350278947,0.06850651808803715,0.0,0.0008915744905163371,0.00019920024488557966,0.0005177997045044488,7.675586115815416e-05,0.04317727652279687,0.022557147812764793,0.01390711650199019,0.024002146671374867,0.017299571505997872,0.00033006093506440586,7.84952562357313e-06,0.016854499893156006,0.000842087067085633,0.012825028079931038,0.001762066562548665
70,"Cfg(cluster_seed=1, surrogate='lgbm', surrogate_seed=2, estimator='tree_int', bg_size=50, bg_seed=1)",lgbm,1,0.7329292929292929,0.5557103064066853,0,0.09803622437219303,0.21408286902511614,0.0,0.0032809262971312324,0.0006204410396085956,0.0016162513522670176,0.00021332856659483522,0.1349289891337402,0.0707675453794609,0.04344945047031828,0.07469455447069187,0.05411276532683384,0.0010216812408419286,2.404313573749002e-05,0.04555972426903453,0.0030836120577332495,0.04370376669337155,0.005508374936004553
70,"Cfg(cluster_seed=1, surrogate='lgbm', surrogate_seed=2, estimator='tree_int', bg_size=50, bg_seed=1)",lgbm,1,0.7329292929292929,0.5557103064066853,1,0.03173185350278947,0.06850651808803716,0.0,0.0008915744905163371,0.00019920024488557963,0.0005177997045044488,7.675586115815415e-05,0.043177276522796876,0.022557147812764793,0.01390711650199019,0.024002146671374867,0.017299571505997872,0.0003300609350644059,7.84952562357313e-06,0.01685449989315601,0.000842087067085633,0.012825028079931038,0.001762066562548665
71,"Cfg(cluster_seed=1, surrogate='lgbm', surrogate_seed=2, estimator='tree_int', bg_size=50, bg_seed=2)",lgbm,1,0.7329292929292929,0.5557103064066853,0,0.09803622437219303,0.21408286902511614,0.0,0.003280926297131232,0.0006204410396085956,0.0016162513522670176,0.00021332856659483527,0.1349289891337402,0.07076754537946092,0.04344945047031828,0.07469455447069187,0.05411276532683384,0.0010216812408419288,2.404313573749002e-05,0.04555972426903453,0.0030836120577332486,0.04370376669337155,0.005508374936004553
71,"Cfg(cluster_seed=1, surrogate='lgbm', surrogate_seed=2, estimator='tree_int', bg_size=50, bg_seed=2)",lgbm,1,0.7329292929292929,0.5557103064066853,1,0.03173185350278947,0.06850651808803715,0.0,0.0008915744905163371,0.00019920024488557966,0.0005177997045044488,7.675586115815415e-05,0.04317727652279687,0.022557147812764793,0.01390711650199019,0.024002146671374867,0.017299571505997872,0.00033006093506440586,7.84952562357313e-06,0.01685449989315601,0.000842087067085633,0.012825028079931038,0.001762066562548665
72,"Cfg(cluster_seed=2, surrogate='dt', surrogate_seed=0, estimator='tree_path', bg_size=50, bg_seed=0)",dt,2,0.585,1.0,0,0.0,0.0,0.0,0.0,0.0,0.0,0.0,0.13305172941536578,0.37176997245179066,0.0,0.0,0.0,0.0,0.0,0.0,0.0,0.253750382614019,0.0
72,"Cfg(cluster_seed=2, surrogate='dt', surrogate_seed=0, estimator='tree_path', bg_size=50, bg_seed=0)",dt,2,0.585,1.0,1,0.0,0.0,0.0,0.0,0.0,0.0,0.0,0.05171979535615902,0.22449822904368355,0.0,0.0,0.0,0.0,0.0,0.0,0.0,0.10250426341335428,0.0
73,"Cfg(cluster_seed=2, surrogate='dt', surrogate_seed=0, estimator='tree_int', bg_size=50, bg_seed=0)",dt,2,0.585,1.0,0,0.0,0.0,0.0,0.0,0.0,0.0,0.0,0.16203703825371432,0.34680134479445646,0.0,0.0,0.0,0.0,0.0,0.0,0.0,0.24452861676914528,0.0
73,"Cfg(cluster_seed=2, surrogate='dt', surrogate_seed=0, estimator='tree_int', bg_size=50, bg_seed=0)",dt,2,0.585,1.0,1,0.0,0.0,0.0,0.0,0.0,0.0,0.0,0.10557960556527062,0.1678691681845363,0.0,0.0,0.0,0.0,0.0,0.0,0.0,0.1108706121320848,0.0
74,"Cfg(cluster_seed=2, surrogate='dt', surrogate_seed=0, estimator='tree_int', bg_size=50, bg_seed=1)",dt,2,0.585,1.0,0,0.0,0.0,0.0,0.0,0.0,0.0,0.0,0.16203703825371432,0.34680134479445646,0.0,0.0,0.0,0.0,0.0,0.0,0.0,0.24452861676914528,0.0
74,"Cfg(cluster_seed=2, surrogate='dt', surrogate_seed=0, estimator='tree_int', bg_size=50, bg_seed=1)",dt,2,0.585,1.0,1,0.0,0.0,0.0,0.0,0.0,0.0,0.0,0.10557960556527062,0.1678691681845363,0.0,0.0,0.0,0.0,0.0,0.0,0.0,0.1108706121320848,0.0
75,"Cfg(cluster_seed=2, surrogate='dt', surrogate_seed=0, estimator='tree_int', bg_size=50, bg_seed=2)",dt,2,0.585,1.0,0,0.0,0.0,0.0,0.0,0.0,0.0,0.0,0.16203703825371432,0.34680134479445646,0.0,0.0,0.0,0.0,0.0,0.0,0.0,0.24452861676914528,0.0
75,"Cfg(cluster_seed=2, surrogate='dt', surrogate_seed=0, estimator='tree_int', bg_size=50, bg_seed=2)",dt,2,0.585,1.0,1,0.0,0.0,0.0,0.0,0.0,0.0,0.0,0.10557960556527062,0.1678691681845363,0.0,0.0,0.0,0.0,0.0,0.0,0.0,0.1108706121320848,0.0
76,"Cfg(cluster_seed=2, surrogate='dt', surrogate_seed=1, estimator='tree_path', bg_size=50, bg_seed=0)",dt,2,0.6279365079365078,1.0,0,0.0,0.0,0.0,0.0,0.0,0.0,0.0,0.0,0.4023090756045302,0.0,0.09540059687786961,0.043929828588919494,0.0,0.0,0.0,0.0,0.2662553565962657,0.0
76,"Cfg(cluster_seed=2, surrogate='dt', surrogate_seed=1, estimator='tree_path', bg_size=50, bg_seed=0)",dt,2,0.6279365079365078,1.0,1,0.0,0.0,0.0,0.0,0.0,0.0,0.0,0.0,0.22297433206524117,0.0,0.03274913638550004,0.028090865363592652,0.0,0.0,0.0,0.0,0.10324412960776594,0.0
77,"Cfg(cluster_seed=2, surrogate='dt', surrogate_seed=1, estimator='tree_int', bg_size=50, bg_seed=0)",dt,2,0.6279365079365078,1.0,0,0.0,0.0,0.0,0.0,0.0,0.0,0.0,0.0,0.3998316472226922,0.0,0.0740740748517441,0.04882154937344368,0.0,0.0,0.0,0.0,0.2601010091979094,0.0
77,"Cfg(cluster_seed=2, surrogate='dt', surrogate_seed=1, estimator='tree_int', bg_size=50, bg_seed=0)",dt,2,0.6279365079365078,1.0,1,0.0,0.0,0.0,0.0,0.0,0.0,0.0,0.0,0.19817219926165303,0.0,0.03511303461131251,0.028379028622722208,0.0,0.0,0.0,0.0,0.1202501204794791,0.0
78,"Cfg(cluster_seed=2, surrogate='dt', surrogate_seed=1, estimator='tree_int', bg_size=50, bg_seed=1)",dt,2,0.6279365079365078,1.0,0,0.0,0.0,0.0,0.0,0.0,0.0,0.0,0.0,0.3998316472226922,0.0,0.0740740748517441,0.04882154937344368,0.0,0.0,0.0,0.0,0.2601010091979094,0.0
78,"Cfg(cluster_seed=2, surrogate='dt', surrogate_seed=1, estimator='tree_int', bg_size=50, bg_seed=1)",dt,2,0.6279365079365078,1.0,1,0.0,0.0,0.0,0.0,0.0,0.0,0.0,0.0,0.19817219926165303,0.0,0.03511303461131251,0.028379028622722208,0.0,0.0,0.0,0.0,0.1202501204794791,0.0
79,"Cfg(cluster_seed=2, surrogate='dt', surrogate_seed=1, estimator='tree_int', bg_size=50, bg_seed=2)",dt,2,0.6279365079365078,1.0,0,0.0,0.0,0.0,0.0,0.0,0.0,0.0,0.0,0.3998316472226922,0.0,0.0740740748517441,0.04882154937344368,0.0,0.0,0.0,0.0,0.2601010091979094,0.0
79,"Cfg(cluster_seed=2, surrogate='dt', surrogate_seed=1, estimator='tree_int', bg_size=50, bg_seed=2)",dt,2,0.6279365079365078,1.0,1,0.0,0.0,0.0,0.0,0.0,0.0,0.0,0.0,0.19817219926165303,0.0,0.03511303461131251,0.028379028622722208,0.0,0.0,0.0,0.0,0.1202501204794791,0.0
80,"Cfg(cluster_seed=2, surrogate='dt', surrogate_seed=2, estimator='tree_path', bg_size=50, bg_seed=0)",dt,2,0.5442857142857143,1.0,0,0.0,0.0,0.0,0.0,0.0,0.0,0.043929828588919494,0.0,0.42507537496173864,0.0,0.08411271808999082,0.0,0.0,0.0,0.0,0.0,0.2683987603305786,0.0
80,"Cfg(cluster_seed=2, surrogate='dt', surrogate_seed=2, estimator='tree_path', bg_size=50, bg_seed=0)",dt,2,0.5442857142857143,1.0,1,0.0,0.0,0.0,0.0,0.0,0.0,0.028090865363592652,0.0,0.22067252612707164,0.0,0.059538239538239536,0.0,0.0,0.0,0.0,0.0,0.10217893217893215,0.0
81,"Cfg(cluster_seed=2, surrogate='dt', surrogate_seed=2, estimator='tree_int', bg_size=50, bg_seed=0)",dt,2,0.5442857142857143,1.0,0,0.0,0.0,0.0,0.0,0.0,0.0,0.047348485826843915,0.0,0.40972221951292026,0.0,0.11300505217954969,0.0,0.0,0.0,0.0,0.0,0.2645202013428765,0.0
81,"Cfg(cluster_seed=2, surrogate='dt', surrogate_seed=2, estimator='tree_int', bg_size=50, bg_seed=0)",dt,2,0.5442857142857143,1.0,1,0.0,0.0,0.0,0.0,0.0,0.0,0.04365079408084158,0.0,0.19877345195580348,0.0,0.08020682862998779,0.0,0.0,0.0,0.0,0.0,0.12061087075421986,0.0
82,"Cfg(cluster_seed=2, surrogate='dt', surrogate_seed=2, estimator='tree_int', bg_size=50, bg_seed=1)",dt,2,0.5442857142857143,1.0,0,0.0,0.0,0.0,0.0,0.0,0.0,0.047348485826843915,0.0,0.40972221951292026,0.0,0.11300505217954969,0.0,0.0,0.0,0.0,0.0,0.2645202013428765,0.0
82,"Cfg(cluster_seed=2, surrogate='dt', surrogate_seed=2, estimator='tree_int', bg_size=50, bg_seed=1)",dt,2,0.5442857142857143,1.0,1,0.0,0.0,0.0,0.0,0.0,0.0,0.04365079408084158,0.0,0.19877345195580348,0.0,0.08020682862998779,0.0,0.0,0.0,0.0,0.0,0.12061087075421986,0.0
83,"Cfg(cluster_seed=2, surrogate='dt', surrogate_seed=2, estimator='tree_int', bg_size=50, bg_seed=2)",dt,2,0.5442857142857143,1.0,0,0.0,0.0,0.0,0.0,0.0,0.0,0.047348485826843915,0.0,0.40972221951292026,0.0,0.11300505217954969,0.0,0.0,0.0,0.0,0.0,0.2645202013428765,0.0
83,"Cfg(cluster_seed=2, surrogate='dt', surrogate_seed=2, estimator='tree_int', bg_size=50, bg_seed=2)",dt,2,0.5442857142857143,1.0,1,0.0,0.0,0.0,0.0,0.0,0.0,0.04365079408084158,0.0,0.19877345195580348,0.0,0.08020682862998779,0.0,0.0,0.0,0.0,0.0,0.12061087075421986,0.0
84,"Cfg(cluster_seed=2, surrogate='rf', surrogate_seed=0, estimator='tree_path', bg_size=50, bg_seed=0)",rf,2,0.7757142857142856,1.0,0,0.03806507970608207,0.044225475487159306,0.004834065129133637,0.05595323131980604,0.019483334733627802,0.002935719438602833,0.037471774501629494,0.0927754574746343,0.0932451736894367,0.001977019166803524,0.0291291099011257,0.05894492470238094,0.014591279146921285,0.015847585058100213,0.012060532147943746,0.0031570214752212633,0.041415069318986725,0.023575531328432514
84,"Cfg(cluster_seed=2, surrogate='rf', surrogate_seed=0, estimator='tree_path', bg_size=50, bg_seed=0)",rf,2,0.7757142857142856,1.0,1,0.026507057225893534,0.03276123738591273,0.0021720589056035597,0.03454564995788795,0.013478092807656964,0.001776453808450142,0.023289670195528356,0.05759568848056377,0.04823852376079875,0.0012488447563374467,0.01708244652289399,0.044420782419489956,0.011597444734508591,0.01537267883720763,0.00917532575692598,0.0027422607489829515,0.024008539601409223,0.017390600741595905
85,"Cfg(cluster_seed=2, surrogate='rf', surrogate_seed=0, estimator='tree_int', bg_size=50, bg_seed=0)",rf,2,0.7757142857142856,1.0,0,0.03628254857609834,0.044300085252237324,0.004558782378091674,0.054773009183018175,0.020008838869060384,0.0023790685200682756,0.03433571912576397,0.08438594480611929,0.09507365550874085,0.0020709877045568775,0.02668027561792935,0.059946971148012305,0.013889169808798481,0.01740530345058586,0.010817200037758948,0.003341891214450247,0.04014983261996267,0.023284231764821497
85,"Cfg(cluster_seed=2, surrogate='rf', surrogate_seed=0, estimator='tree_int', bg_size=50, bg_seed=0)",rf,2,0.7757142857142856,1.0,1,0.022832532218606365,0.030112314342728926,0.0018928171068122194,0.0321513555995538,0.013355299347388716,0.0020452140947040524,0.02156124791717708,0.056577442448403445,0.05149952024890011,0.00117316020166832,0.018055235325873855,0.03954770017513053,0.010674683599751126,0.014284031129170685,0.009365320092086946,0.0019686548494563193,0.02529212823795312,0.01596889568886785
86,"Cfg(cluster_seed=2, surrogate='rf', surrogate_seed=0, estimator='tree_int', bg_size=50, bg_seed=1)",rf,2,0.7757142857142856,1.0,0,0.03628254857609834,0.044300085252237324,0.004558782378091674,0.054773009183018175,0.020008838869060384,0.0023790685200682756,0.03433571912576397,0.08438594480611929,0.09507365550874085,0.0020709877045568775,0.02668027561792935,0.059946971148012305,0.013889169808798481,0.01740530345058586,0.010817200037758948,0.003341891214450247,0.04014983261996267,0.023284231764821497
86,"Cfg(cluster_seed=2, surrogate='rf', surrogate_seed=0, estimator='tree_int', bg_size=50, bg_seed=1)",rf,2,0.7757142857142856,1.0,1,0.022832532218606365,0.030112314342728926,0.0018928171068122194,0.0321513555995538,0.013355299347388716,0.0020452140947040524,0.02156124791717708,0.056577442448403445,0.05149952024890011,0.00117316020166832,0.018055235325873855,0.03954770017513053,0.010674683599751126,0.014284031129170685,0.009365320092086946,0.0019686548494563193,0.02529212823795312,0.01596889568886785
87,"Cfg(cluster_seed=2, surrogate='rf', surrogate_seed=0, estimator='tree_int', bg_size=50, bg_seed=2)",rf,2,0.7757142857142856,1.0,0,0.03628254857609834,0.044300085252237324,0.004558782378091674,0.054773009183018175,0.020008838869060384,0.0023790685200682756,0.03433571912576397,0.08438594480611929,0.09507365550874085,0.0020709877045568775,0.02668027561792935,0.059946971148012305,0.013889169808798481,0.01740530345058586,0.010817200037758948,0.003341891214450247,0.04014983261996267,0.023284231764821497
87,"Cfg(cluster_seed=2, surrogate='rf', surrogate_seed=0, estimator='tree_int', bg_size=50, bg_seed=2)",rf,2,0.7757142857142856,1.0,1,0.022832532218606365,0.030112314342728926,0.0018928171068122194,0.0321513555995538,0.013355299347388716,0.0020452140947040524,0.02156124791717708,0.056577442448403445,0.05149952024890011,0.00117316020166832,0.018055235325873855,0.03954770017513053,0.010674683599751126,0.014284031129170685,0.009365320092086946,0.0019686548494563193,0.02529212823795312,0.01596889568886785
88,"Cfg(cluster_seed=2, surrogate='rf', surrogate_seed=1, estimator='tree_path', bg_size=50, bg_seed=0)",rf,2,0.7757142857142856,1.0,0,0.03300623201446016,0.03698066402380832,0.006551501120407861,0.05233772722011004,0.016376637045135412,0.0033936435189977705,0.05864144179312288,0.08924922581275713,0.09134627744624246,0.0018584044924472222,0.02932896058322916,0.05895402829822315,0.01763220459590625,0.014666264936374218,0.01339500615316875,0.004616967035199035,0.04884188208050039,0.015847544314394935
88,"Cfg(cluster_seed=2, surrogate='rf', surrogate_seed=1, estimator='tree_path', bg_size=50, bg_seed=0)",rf,2,0.7757142857142856,1.0,1,0.019861676776875354,0.022136413089163004,0.003652512087075086,0.03431000487061066,0.011896487773989259,0.002264607262678974,0.03601410250755546,0.06116869173902156,0.054990269147550404,0.0012111756582979204,0.017862582320519765,0.04268155107559644,0.013535583401489411,0.013024489185955565,0.012460855935572153,0.0026786607063918424,0.02752661538281279,0.011547055746472936
89,"Cfg(cluster_seed=2, surrogate='rf', surrogate_seed=1, estimator='tree_int', bg_size=50, bg_seed=0)",rf,2,0.7757142857142856,1.0,0,0.03110802544585448,0.034397307232523815,0.006691919352784001,0.0481223356250804,0.015029461641626602,0.0037098766330716606,0.05261658376776273,0.08708473835988594,0.0945645365321649,0.0010430696096995638,0.028760522583116205,0.05964506317266366,0.017354096940100063,0.015028339305394586,0.012884399863054055,0.004666245903986191,0.047512627414438284,0.015530303406359797
89,"Cfg(cluster_seed=2, surrogate='rf', surrogate_seed=1, estimator='tree_int', bg_size=50, bg_seed=0)",rf,2,0.7757142857142856,1.0,1,0.017658971087277358,0.020937470442584875,0.0037950938843018646,0.030512747251829148,0.012947731592906112,0.0020492224319747948,0.032966571266347645,0.0596737227866945,0.0514287330100345,0.000602453117041135,0.01706309164293019,0.039405965360155684,0.012273849904487474,0.013369248357828581,0.012277537574830315,0.002550344778590031,0.031021485439409986,0.012023408981214826
90,"Cfg(cluster_seed=2, surrogate='rf', surrogate_seed=1, estimator='tree_int', bg_size=50, bg_seed=1)",rf,2,0.7757142857142856,1.0,0,0.03110802544585448,0.034397307232523815,0.006691919352784001,0.0481223356250804,0.015029461641626602,0.0037098766330716606,0.05261658376776273,0.08708473835988594,0.0945645365321649,0.0010430696096995638,0.028760522583116205,0.05964506317266366,0.017354096940100063,0.015028339305394586,0.012884399863054055,0.004666245903986191,0.047512627414438284,0.015530303406359797
90,"Cfg(cluster_seed=2, surrogate='rf', surrogate_seed=1, estimator='tree_int', bg_size=50, bg_seed=1)",rf,2,0.7757142857142856,1.0,1,0.017658971087277358,0.020937470442584875,0.0037950938843018646,0.030512747251829148,0.012947731592906112,0.0020492224319747948,0.032966571266347645,0.0596737227866945,0.0514287330100345,0.000602453117041135,0.01706309164293019,0.039405965360155684,0.012273849904487474,0.013369248357828581,0.012277537574830315,0.002550344778590031,0.031021485439409986,0.012023408981214826
91,"Cfg(cluster_seed=2, surrogate='rf', surrogate_seed=1, estimator='tree_int', bg_size=50, bg_seed=2)",rf,2,0.7757142857142856,1.0,0,0.03110802544585448,0.034397307232523815,0.006691919352784001,0.0481223356250804,0.015029461641626602,0.0037098766330716606,0.05261658376776273,0.08708473835988594,0.0945645365321649,0.0010430696096995638,0.028760522583116205,0.05964506317266366,0.017354096940100063,0.015028339305394586,0.012884399863054055,0.004666245903986191,0.047512627414438284,0.015530303406359797
91,"Cfg(cluster_seed=2, surrogate='rf', surrogate_seed=1, estimator='tree_int', bg_size=50, bg_seed=2)",rf,2,0.7757142857142856,1.0,1,0.017658971087277358,0.020937470442584875,0.0037950938843018646,0.030512747251829148,0.012947731592906112,0.0020492224319747948,0.032966571266347645,0.0596737227866945,0.0514287330100345,0.000602453117041135,0.01706309164293019,0.039405965360155684,0.012273849904487474,0.013369248357828581,0.012277537574830315,0.002550344778590031,0.031021485439409986,0.012023408981214826
92,"Cfg(cluster_seed=2, surrogate='rf', surrogate_seed=2, estimator='tree_path', bg_size=50, bg_seed=0)",rf,2,0.7757142857142856,1.0,0,0.028950260186639844,0.043468807650780955,0.006299748497039323,0.054415106742695285,0.019618358024447512,0.004493182808960447,0.03738990866559982,0.0797235974365546,0.10177318599878606,0.003498264898547402,0.033092415961373293,0.061303519890973886,0.01840927234406686,0.01650326972232583,0.011621883775557437,0.003968862212402952,0.05524226844945826,0.017717816264957238
92,"Cfg(cluster_seed=2, surrogate='rf', surrogate_seed=2, estimator='tree_path', bg_size=50, bg_seed=0)",rf,2,0.7757142857142856,1.0,1,0.015856432075203427,0.026895728082216963,0.003026994945678677,0.03731973334492107,0.0116616176126507,0.0019563281523846104,0.02653027858287673,0.05517429588985577,0.05346774279626649,0.002126312076657493,0.0206429400717518,0.04311953453400125,0.011368584287268326,0.014644401337142949,0.011787472655667508,0.0025140567363566525,0.030520175890494394,0.014044416481458441
93,"Cfg(cluster_seed=2, surrogate='rf', surrogate_seed=2, estimator='tree_int', bg_size=50, bg_seed=0)",rf,2,0.7757142857142856,1.0,0,0.02661616227035693,0.04108375520713661,0.005866722925066375,0.05173162303562453,0.01823092075688012,0.003820847454923264,0.036387907723661614,0.07651164606795648,0.10097208437839826,0.0033324916689845413,0.03295665062603692,0.06105864345620215,0.01691582532848862,0.01600477030749034,0.012396184363016727,0.0036889731532992846,0.05325617413440011,0.017857744547213904
93,"Cfg(cluster_seed=2, surrogate='rf', surrogate_seed=2, estimator='tree_int', bg_size=50, bg_seed=0)",rf,2,0.7757142857142856,1.0,1,0.014894981924336928,0.02515015292708701,0.002662818727280385,0.031857865129031035,0.012058682350675653,0.002415504307394732,0.024272166691622386,0.054456069936483976,0.0547677582626197,0.002752445153787888,0.02131208966048213,0.04161776596031684,0.012308321607132506,0.014036235707885258,0.011269039875245822,0.002104777989077179,0.029266955975913826,0.012745390720662095
94,"Cfg(cluster_seed=2, surrogate='rf', surrogate_seed=2, estimator='tree_int', bg_size=50, bg_seed=1)",rf,2,0.7757142857142856,1.0,0,0.02661616227035693,0.04108375520713661,0.005866722925066375,0.05173162303562453,0.01823092075688012,0.003820847454923264,0.036387907723661614,0.07651164606795648,0.10097208437839826,0.0033324916689845413,0.03295665062603692,0.06105864345620215,0.01691582532848862,0.01600477030749034,0.012396184363016727,0.0036889731532992846,0.05325617413440011,0.017857744547213904
94,"Cfg(cluster_seed=2, surrogate='rf', surrogate_seed=2, estimator='tree_int', bg_size=50, bg_seed=1)",rf,2,0.7757142857142856,1.0,1,0.014894981924336928,0.02515015292708701,0.002662818727280385,0.031857865129031035,0.012058682350675653,0.002415504307394732,0.024272166691622386,0.054456069936483976,0.0547677582626197,0.002752445153787888,0.02131208966048213,0.04161776596031684,0.012308321607132506,0.014036235707885258,0.011269039875245822,0.002104777989077179,0.029266955975913826,0.012745390720662095
95,"Cfg(cluster_seed=2, surrogate='rf', surrogate_seed=2, estimator='tree_int', bg_size=50, bg_seed=2)",rf,2,0.7757142857142856,1.0,0,0.02661616227035693,0.04108375520713661,0.005866722925066375,0.05173162303562453,0.01823092075688012,0.003820847454923264,0.036387907723661614,0.07651164606795648,0.10097208437839826,0.0033324916689845413,0.03295665062603692,0.06105864345620215,0.01691582532848862,0.01600477030749034,0.012396184363016727,0.0036889731532992846,0.05325617413440011,0.017857744547213904
95,"Cfg(cluster_seed=2, surrogate='rf', surrogate_seed=2, estimator='tree_int', bg_size=50, bg_seed=2)",rf,2,0.7757142857142856,1.0,1,0.014894981924336928,0.02515015292708701,0.002662818727280385,0.031857865129031035,0.012058682350675653,0.002415504307394732,0.024272166691622386,0.054456069936483976,0.0547677582626197,0.002752445153787888,0.02131208966048213,0.04161776596031684,0.012308321607132506,0.014036235707885258,0.011269039875245822,0.002104777989077179,0.029266955975913826,0.012745390720662095
96,"Cfg(cluster_seed=2, surrogate='lgbm', surrogate_seed=0, estimator='tree_path', bg_size=50, bg_seed=0)",lgbm,2,0.6888095238095238,1.0,0,0.02277141779689831,0.002390682531119437,0.0,3.4306136862770185,0.03582959742619312,0.023371838688530253,0.2022496927172526,6.195083230961841,1.0704162552100407,0.0,0.07285080440198642,0.3342155171755496,0.0,0.12354297580979438,0.13357248508423764,0.04473888513908065,3.8293566431648003,0.0960150801368605
96,"Cfg(cluster_seed=2, surrogate='lgbm', surrogate_seed=0, estimator='tree_path', bg_size=50, bg_seed=0)",lgbm,2,0.6888095238095238,1.0,1,0.007558078173844415,0.004507310632835182,0.0,2.3185583191479493,0.06093472117679122,0.0077826060997778015,0.1664650157620375,4.023104944037656,0.6706098922956186,0.0,0.05632697551816402,0.31552966375839714,0.0,0.09209842827681058,0.14175039233429299,0.0413232465627419,2.318981241199117,0.10280196911162347
97,"Cfg(cluster_seed=2, surrogate='lgbm', surrogate_seed=0, estimator='tree_int', bg_size=50, bg_seed=0)",lgbm,2,0.6888095238095238,1.0,0,0.0006079464018166168,0.00011199423453296507,0.0,0.15344463967788866,0.0011311819666432225,0.0005542037475476237,0.008290661125352313,0.24956453154088154,0.04592434290335461,0.0,0.0029375075630689116,0.014003428797290092,0.0,0.004055149258068432,0.004861593549351675,0.001647281859621755,0.16823693257788921,0.0042431635625078306
97,"Cfg(cluster_seed=2, surrogate='lgbm', surrogate_seed=0, estimator='tree_int', bg_size=50, bg_seed=0)",lgbm,2,0.6888095238095238,1.0,1,0.0003465167788446605,6.41499051260231e-05,0.0,0.08763924087380948,0.0010981759727410859,0.00031639366748051427,0.004739165730864651,0.14305767311517958,0.026238992927319276,0.0,0.0015849388618653275,0.007984175530253813,0.0,0.002416404546539821,0.0027798666132813152,0.0010325149367867309,0.09594670851907945,0.002426771783018616
98,"Cfg(cluster_seed=2, surrogate='lgbm', surrogate_seed=0, estimator='tree_int', bg_size=50, bg_seed=1)",lgbm,2,0.6888095238095238,1.0,0,0.0006079464018166168,0.00011199423453296506,0.0,0.15344463967788866,0.0011311819666432225,0.0005542037475476238,0.008290661125352311,0.24956453154088154,0.04592434290335461,0.0,0.002937507563068912,0.014003428797290092,0.0,0.004055149258068431,0.004861593549351675,0.0016472818596217553,0.16823693257788921,0.0042431635625078306
98,"Cfg(cluster_seed=2, surrogate='lgbm', surrogate_seed=0, estimator='tree_int', bg_size=50, bg_seed=1)",lgbm,2,0.6888095238095238,1.0,1,0.0003465167788446605,6.41499051260231e-05,0.0,0.08763924087380948,0.0010981759727410859,0.0003163936674805143,0.004739165730864651,0.14305767311517958,0.026238992927319276,0.0,0.0015849388618653275,0.007984175530253813,0.0,0.002416404546539821,0.0027798666132813152,0.0010325149367867304,0.09594670851907945,0.002426771783018616
99,"Cfg(cluster_seed=2, surrogate='lgbm', surrogate_seed=0, estimator='tree_int', bg_size=50, bg_seed=2)",lgbm,2,0.6888095238095238,1.0,0,0.0006079464018166168,0.00011199423453296507,0.0,0.15344463967788868,0.0011311819666432223,0.0005542037475476238,0.008290661125352311,0.24956453154088154,0.04592434290335461,0.0,0.002937507563068912,0.014003428797290092,0.0,0.004055149258068432,0.004861593549351675,0.001647281859621755,0.16823693257788921,0.0042431635625078306
99,"Cfg(cluster_seed=2, surrogate='lgbm', surrogate_seed=0, estimator='tree_int', bg_size=50, bg_seed=2)",lgbm,2,0.6888095238095238,1.0,1,0.0003465167788446605,6.41499051260231e-05,0.0,0.08763924087380946,0.0010981759727410857,0.0003163936674805143,0.004739165730864651,0.1430576731151796,0.026238992927319276,0.0,0.0015849388618653277,0.007984175530253811,0.0,0.002416404546539821,0.0027798666132813152,0.0010325149367867307,0.09594670851907942,0.002426771783018616
100,"Cfg(cluster_seed=2, surrogate='lgbm', surrogate_seed=1, estimator='tree_path', bg_size=50, bg_seed=0)",lgbm,2,0.6888095238095238,1.0,0,0.02277141779689831,0.002390682531119437,0.0,3.4306136862770185,0.03582959742619312,0.023371838688530253,0.2022496927172526,6.195083230961841,1.0704162552100407,0.0,0.07285080440198642,0.3342155171755496,0.0,0.12354297580979438,0.13357248508423764,0.04473888513908065,3.8293566431648003,0.0960150801368605
100,"Cfg(cluster_seed=2, surrogate='lgbm', surrogate_seed=1, estimator='tree_path', bg_size=50, bg_seed=0)",lgbm,2,0.6888095238095238,1.0,1,0.007558078173844415,0.004507310632835182,0.0,2.3185583191479493,0.06093472117679122,0.0077826060997778015,0.1664650157620375,4.023104944037656,0.6706098922956186,0.0,0.05632697551816402,0.31552966375839714,0.0,0.09209842827681058,0.14175039233429299,0.0413232465627419,2.318981241199117,0.10280196911162347
101,"Cfg(cluster_seed=2, surrogate='lgbm', surrogate_seed=1, estimator='tree_int', bg_size=50, bg_seed=0)",lgbm,2,0.6888095238095238,1.0,0,0.0006079464018166168,0.00011199423453296507,0.0,0.15344463967788866,0.0011311819666432225,0.0005542037475476237,0.008290661125352313,0.24956453154088154,0.04592434290335461,0.0,0.0029375075630689116,0.014003428797290092,0.0,0.004055149258068432,0.004861593549351675,0.001647281859621755,0.16823693257788921,0.0042431635625078306
101,"Cfg(cluster_seed=2, surrogate='lgbm', surrogate_seed=1, estimator='tree_int', bg_size=50, bg_seed=0)",lgbm,2,0.6888095238095238,1.0,1,0.0003465167788446605,6.41499051260231e-05,0.0,0.08763924087380948,0.0010981759727410859,0.00031639366748051427,0.004739165730864651,0.14305767311517958,0.026238992927319276,0.0,0.0015849388618653275,0.007984175530253813,0.0,0.002416404546539821,0.0027798666132813152,0.0010325149367867309,0.09594670851907945,0.002426771783018616
102,"Cfg(cluster_seed=2, surrogate='lgbm', surrogate_seed=1, estimator='tree_int', bg_size=50, bg_seed=1)",lgbm,2,0.6888095238095238,1.0,0,0.0006079464018166168,0.00011199423453296506,0.0,0.15344463967788866,0.0011311819666432225,0.0005542037475476238,0.008290661125352311,0.24956453154088154,0.04592434290335461,0.0,0.002937507563068912,0.014003428797290092,0.0,0.004055149258068431,0.004861593549351675,0.0016472818596217553,0.16823693257788921,0.0042431635625078306
102,"Cfg(cluster_seed=2, surrogate='lgbm', surrogate_seed=1, estimator='tree_int', bg_size=50, bg_seed=1)",lgbm,2,0.6888095238095238,1.0,1,0.0003465167788446605,6.41499051260231e-05,0.0,0.08763924087380948,0.0010981759727410859,0.0003163936674805143,0.004739165730864651,0.14305767311517958,0.026238992927319276,0.0,0.0015849388618653275,0.007984175530253813,0.0,0.002416404546539821,0.0027798666132813152,0.0010325149367867304,0.09594670851907945,0.002426771783018616
103,"Cfg(cluster_seed=2, surrogate='lgbm', surrogate_seed=1, estimator='tree_int', bg_size=50, bg_seed=2)",lgbm,2,0.6888095238095238,1.0,0,0.0006079464018166168,0.00011199423453296507,0.0,0.15344463967788868,0.0011311819666432223,0.0005542037475476238,0.008290661125352311,0.24956453154088154,0.04592434290335461,0.0,0.002937507563068912,0.014003428797290092,0.0,0.004055149258068432,0.004861593549351675,0.001647281859621755,0.16823693257788921,0.0042431635625078306
103,"Cfg(cluster_seed=2, surrogate='lgbm', surrogate_seed=1, estimator='tree_int', bg_size=50, bg_seed=2)",lgbm,2,0.6888095238095238,1.0,1,0.0003465167788446605,6.41499051260231e-05,0.0,0.08763924087380946,0.0010981759727410857,0.0003163936674805143,0.004739165730864651,0.1430576731151796,0.026238992927319276,0.0,0.0015849388618653277,0.007984175530253811,0.0,0.002416404546539821,0.0027798666132813152,0.0010325149367867307,0.09594670851907942,0.002426771783018616
104,"Cfg(cluster_seed=2, surrogate='lgbm', surrogate_seed=2, estimator='tree_path', bg_size=50, bg_seed=0)",lgbm,2,0.6888095238095238,1.0,0,0.02277141779689831,0.002390682531119437,0.0,3.4306136862770185,0.03582959742619312,0.023371838688530253,0.2022496927172526,6.195083230961841,1.0704162552100407,0.0,0.07285080440198642,0.3342155171755496,0.0,0.12354297580979438,0.13357248508423764,0.04473888513908065,3.8293566431648003,0.0960150801368605
104,"Cfg(cluster_seed=2, surrogate='lgbm', surrogate_seed=2, estimator='tree_path', bg_size=50, bg_seed=0)",lgbm,2,0.6888095238095238,1.0,1,0.007558078173844415,0.004507310632835182,0.0,2.3185583191479493,0.06093472117679122,0.0077826060997778015,0.1664650157620375,4.023104944037656,0.6706098922956186,0.0,0.05632697551816402,0.31552966375839714,0.0,0.09209842827681058,0.14175039233429299,0.0413232465627419,2.318981241199117,0.10280196911162347
105,"Cfg(cluster_seed=2, surrogate='lgbm', surrogate_seed=2, estimator='tree_int', bg_size=50, bg_seed=0)",lgbm,2,0.6888095238095238,1.0,0,0.0006079464018166168,0.00011199423453296507,0.0,0.15344463967788866,0.0011311819666432225,0.0005542037475476237,0.008290661125352313,0.24956453154088154,0.04592434290335461,0.0,0.0029375075630689116,0.014003428797290092,0.0,0.004055149258068432,0.004861593549351675,0.001647281859621755,0.16823693257788921,0.0042431635625078306
105,"Cfg(cluster_seed=2, surrogate='lgbm', surrogate_seed=2, estimator='tree_int', bg_size=50, bg_seed=0)",lgbm,2,0.6888095238095238,1.0,1,0.0003465167788446605,6.41499051260231e-05,0.0,0.08763924087380948,0.0010981759727410859,0.00031639366748051427,0.004739165730864651,0.14305767311517958,0.026238992927319276,0.0,0.0015849388618653275,0.007984175530253813,0.0,0.002416404546539821,0.0027798666132813152,0.0010325149367867309,0.09594670851907945,0.002426771783018616
106,"Cfg(cluster_seed=2, surrogate='lgbm', surrogate_seed=2, estimator='tree_int', bg_size=50, bg_seed=1)",lgbm,2,0.6888095238095238,1.0,0,0.0006079464018166168,0.00011199423453296506,0.0,0.15344463967788866,0.0011311819666432225,0.0005542037475476238,0.008290661125352311,0.24956453154088154,0.04592434290335461,0.0,0.002937507563068912,0.014003428797290092,0.0,0.004055149258068431,0.004861593549351675,0.0016472818596217553,0.16823693257788921,0.0042431635625078306
106,"Cfg(cluster_seed=2, surrogate='lgbm', surrogate_seed=2, estimator='tree_int', bg_size=50, bg_seed=1)",lgbm,2,0.6888095238095238,1.0,1,0.0003465167788446605,6.41499051260231e-05,0.0,0.08763924087380948,0.0010981759727410859,0.0003163936674805143,0.004739165730864651,0.14305767311517958,0.026238992927319276,0.0,0.0015849388618653275,0.007984175530253813,0.0,0.002416404546539821,0.0027798666132813152,0.0010325149367867304,0.09594670851907945,0.002426771783018616
107,"Cfg(cluster_seed=2, surrogate='lgbm', surrogate_seed=2, estimator='tree_int', bg_size=50, bg_seed=2)",lgbm,2,0.6888095238095238,1.0,0,0.0006079464018166168,0.00011199423453296507,0.0,0.15344463967788868,0.0011311819666432223,0.0005542037475476238,0.008290661125352311,0.24956453154088154,0.04592434290335461,0.0,0.002937507563068912,0.014003428797290092,0.0,0.004055149258068432,0.004861593549351675,0.001647281859621755,0.16823693257788921,0.0042431635625078306
107,"Cfg(cluster_seed=2, surrogate='lgbm', surrogate_seed=2, estimator='tree_int', bg_size=50, bg_seed=2)",lgbm,2,0.6888095238095238,1.0,1,0.0003465167788446605,6.41499051260231e-05,0.0,0.08763924087380946,0.0010981759727410857,0.0003163936674805143,0.004739165730864651,0.1430576731151796,0.026238992927319276,0.0,0.0015849388618653277,0.007984175530253811,0.0,0.002416404546539821,0.0027798666132813152,0.0010325149367867307,0.09594670851907942,0.002426771783018616
108,"Cfg(cluster_seed=3, surrogate='dt', surrogate_seed=0, estimator='tree_path', bg_size=50, bg_seed=0)",dt,3,0.585,1.0,0,0.0,0.0,0.0,0.0,0.0,0.0,0.0,0.13305172941536578,0.37176997245179066,0.0,0.0,0.0,0.0,0.0,0.0,0.0,0.253750382614019,0.0
108,"Cfg(cluster_seed=3, surrogate='dt', surrogate_seed=0, estimator='tree_path', bg_size=50, bg_seed=0)",dt,3,0.585,1.0,1,0.0,0.0,0.0,0.0,0.0,0.0,0.0,0.05171979535615902,0.22449822904368355,0.0,0.0,0.0,0.0,0.0,0.0,0.0,0.10250426341335428,0.0
109,"Cfg(cluster_seed=3, surrogate='dt', surrogate_seed=0, estimator='tree_int', bg_size=50, bg_seed=0)",dt,3,0.585,1.0,0,0.0,0.0,0.0,0.0,0.0,0.0,0.0,0.16203703825371432,0.34680134479445646,0.0,0.0,0.0,0.0,0.0,0.0,0.0,0.24452861676914528,0.0
109,"Cfg(cluster_seed=3, surrogate='dt', surrogate_seed=0, estimator='tree_int', bg_size=50, bg_seed=0)",dt,3,0.585,1.0,1,0.0,0.0,0.0,0.0,0.0,0.0,0.0,0.10557960556527062,0.1678691681845363,0.0,0.0,0.0,0.0,0.0,0.0,0.0,0.1108706121320848,0.0
110,"Cfg(cluster_seed=3, surrogate='dt', surrogate_seed=0, estimator='tree_int', bg_size=50, bg_seed=1)",dt,3,0.585,1.0,0,0.0,0.0,0.0,0.0,0.0,0.0,0.0,0.16203703825371432,0.34680134479445646,0.0,0.0,0.0,0.0,0.0,0.0,0.0,0.24452861676914528,0.0
110,"Cfg(cluster_seed=3, surrogate='dt', surrogate_seed=0, estimator='tree_int', bg_size=50, bg_seed=1)",dt,3,0.585,1.0,1,0.0,0.0,0.0,0.0,0.0,0.0,0.0,0.10557960556527062,0.1678691681845363,0.0,0.0,0.0,0.0,0.0,0.0,0.0,0.1108706121320848,0.0
111,"Cfg(cluster_seed=3, surrogate='dt', surrogate_seed=0, estimator='tree_int', bg_size=50, bg_seed=2)",dt,3,0.585,1.0,0,0.0,0.0,0.0,0.0,0.0,0.0,0.0,0.16203703825371432,0.34680134479445646,0.0,0.0,0.0,0.0,0.0,0.0,0.0,0.24452861676914528,0.0
111,"Cfg(cluster_seed=3, surrogate='dt', surrogate_seed=0, estimator='tree_int', bg_size=50, bg_seed=2)",dt,3,0.585,1.0,1,0.0,0.0,0.0,0.0,0.0,0.0,0.0,0.10557960556527062,0.1678691681845363,0.0,0.0,0.0,0.0,0.0,0.0,0.0,0.1108706121320848,0.0
112,"Cfg(cluster_seed=3, surrogate='dt', surrogate_seed=1, estimator='tree_path', bg_size=50, bg_seed=0)",dt,3,0.6279365079365078,1.0,0,0.0,0.0,0.0,0.0,0.0,0.0,0.0,0.0,0.4023090756045302,0.0,0.09540059687786961,0.043929828588919494,0.0,0.0,0.0,0.0,0.2662553565962657,0.0
112,"Cfg(cluster_seed=3, surrogate='dt', surrogate_seed=1, estimator='tree_path', bg_size=50, bg_seed=0)",dt,3,0.6279365079365078,1.0,1,0.0,0.0,0.0,0.0,0.0,0.0,0.0,0.0,0.22297433206524117,0.0,0.03274913638550004,0.028090865363592652,0.0,0.0,0.0,0.0,0.10324412960776594,0.0
113,"Cfg(cluster_seed=3, surrogate='dt', surrogate_seed=1, estimator='tree_int', bg_size=50, bg_seed=0)",dt,3,0.6279365079365078,1.0,0,0.0,0.0,0.0,0.0,0.0,0.0,0.0,0.0,0.3998316472226922,0.0,0.0740740748517441,0.04882154937344368,0.0,0.0,0.0,0.0,0.2601010091979094,0.0
113,"Cfg(cluster_seed=3, surrogate='dt', surrogate_seed=1, estimator='tree_int', bg_size=50, bg_seed=0)",dt,3,0.6279365079365078,1.0,1,0.0,0.0,0.0,0.0,0.0,0.0,0.0,0.0,0.19817219926165303,0.0,0.03511303461131251,0.028379028622722208,0.0,0.0,0.0,0.0,0.1202501204794791,0.0
114,"Cfg(cluster_seed=3, surrogate='dt', surrogate_seed=1, estimator='tree_int', bg_size=50, bg_seed=1)",dt,3,0.6279365079365078,1.0,0,0.0,0.0,0.0,0.0,0.0,0.0,0.0,0.0,0.3998316472226922,0.0,0.0740740748517441,0.04882154937344368,0.0,0.0,0.0,0.0,0.2601010091979094,0.0
114,"Cfg(cluster_seed=3, surrogate='dt', surrogate_seed=1, estimator='tree_int', bg_size=50, bg_seed=1)",dt,3,0.6279365079365078,1.0,1,0.0,0.0,0.0,0.0,0.0,0.0,0.0,0.0,0.19817219926165303,0.0,0.03511303461131251,0.028379028622722208,0.0,0.0,0.0,0.0,0.1202501204794791,0.0
115,"Cfg(cluster_seed=3, surrogate='dt', surrogate_seed=1, estimator='tree_int', bg_size=50, bg_seed=2)",dt,3,0.6279365079365078,1.0,0,0.0,0.0,0.0,0.0,0.0,0.0,0.0,0.0,0.3998316472226922,0.0,0.0740740748517441,0.04882154937344368,0.0,0.0,0.0,0.0,0.2601010091979094,0.0
115,"Cfg(cluster_seed=3, surrogate='dt', surrogate_seed=1, estimator='tree_int', bg_size=50, bg_seed=2)",dt,3,0.6279365079365078,1.0,1,0.0,0.0,0.0,0.0,0.0,0.0,0.0,0.0,0.19817219926165303,0.0,0.03511303461131251,0.028379028622722208,0.0,0.0,0.0,0.0,0.1202501204794791,0.0
116,"Cfg(cluster_seed=3, surrogate='dt', surrogate_seed=2, estimator='tree_path', bg_size=50, bg_seed=0)",dt,3,0.5442857142857143,1.0,0,0.0,0.0,0.0,0.0,0.0,0.0,0.043929828588919494,0.0,0.42507537496173864,0.0,0.08411271808999082,0.0,0.0,0.0,0.0,0.0,0.2683987603305786,0.0
116,"Cfg(cluster_seed=3, surrogate='dt', surrogate_seed=2, estimator='tree_path', bg_size=50, bg_seed=0)",dt,3,0.5442857142857143,1.0,1,0.0,0.0,0.0,0.0,0.0,0.0,0.028090865363592652,0.0,0.22067252612707164,0.0,0.059538239538239536,0.0,0.0,0.0,0.0,0.0,0.10217893217893215,0.0
117,"Cfg(cluster_seed=3, surrogate='dt', surrogate_seed=2, estimator='tree_int', bg_size=50, bg_seed=0)",dt,3,0.5442857142857143,1.0,0,0.0,0.0,0.0,0.0,0.0,0.0,0.047348485826843915,0.0,0.40972221951292026,0.0,0.11300505217954969,0.0,0.0,0.0,0.0,0.0,0.2645202013428765,0.0
117,"Cfg(cluster_seed=3, surrogate='dt', surrogate_seed=2, estimator='tree_int', bg_size=50, bg_seed=0)",dt,3,0.5442857142857143,1.0,1,0.0,0.0,0.0,0.0,0.0,0.0,0.04365079408084158,0.0,0.19877345195580348,0.0,0.08020682862998779,0.0,0.0,0.0,0.0,0.0,0.12061087075421986,0.0
118,"Cfg(cluster_seed=3, surrogate='dt', surrogate_seed=2, estimator='tree_int', bg_size=50, bg_seed=1)",dt,3,0.5442857142857143,1.0,0,0.0,0.0,0.0,0.0,0.0,0.0,0.047348485826843915,0.0,0.40972221951292026,0.0,0.11300505217954969,0.0,0.0,0.0,0.0,0.0,0.2645202013428765,0.0
118,"Cfg(cluster_seed=3, surrogate='dt', surrogate_seed=2, estimator='tree_int', bg_size=50, bg_seed=1)",dt,3,0.5442857142857143,1.0,1,0.0,0.0,0.0,0.0,0.0,0.0,0.04365079408084158,0.0,0.19877345195580348,0.0,0.08020682862998779,0.0,0.0,0.0,0.0,0.0,0.12061087075421986,0.0
119,"Cfg(cluster_seed=3, surrogate='dt', surrogate_seed=2, estimator='tree_int', bg_size=50, bg_seed=2)",dt,3,0.5442857142857143,1.0,0,0.0,0.0,0.0,0.0,0.0,0.0,0.047348485826843915,0.0,0.40972221951292026,0.0,0.11300505217954969,0.0,0.0,0.0,0.0,0.0,0.2645202013428765,0.0
119,"Cfg(cluster_seed=3, surrogate='dt', surrogate_seed=2, estimator='tree_int', bg_size=50, bg_seed=2)",dt,3,0.5442857142857143,1.0,1,0.0,0.0,0.0,0.0,0.0,0.0,0.04365079408084158,0.0,0.19877345195580348,0.0,0.08020682862998779,0.0,0.0,0.0,0.0,0.0,0.12061087075421986,0.0
120,"Cfg(cluster_seed=3, surrogate='rf', surrogate_seed=0, estimator='tree_path', bg_size=50, bg_seed=0)",rf,3,0.7757142857142856,1.0,0,0.03806507970608207,0.044225475487159306,0.004834065129133637,0.05595323131980604,0.019483334733627802,0.002935719438602833,0.037471774501629494,0.0927754574746343,0.0932451736894367,0.001977019166803524,0.0291291099011257,0.05894492470238094,0.014591279146921285,0.015847585058100213,0.012060532147943746,0.0031570214752212633,0.041415069318986725,0.023575531328432514
120,"Cfg(cluster_seed=3, surrogate='rf', surrogate_seed=0, estimator='tree_path', bg_size=50, bg_seed=0)",rf,3,0.7757142857142856,1.0,1,0.026507057225893534,0.03276123738591273,0.0021720589056035597,0.03454564995788795,0.013478092807656964,0.001776453808450142,0.023289670195528356,0.05759568848056377,0.04823852376079875,0.0012488447563374467,0.01708244652289399,0.044420782419489956,0.011597444734508591,0.01537267883720763,0.00917532575692598,0.0027422607489829515,0.024008539601409223,0.017390600741595905
121,"Cfg(cluster_seed=3, surrogate='rf', surrogate_seed=0, estimator='tree_int', bg_size=50, bg_seed=0)",rf,3,0.7757142857142856,1.0,0,0.03628254857609834,0.044300085252237324,0.004558782378091674,0.054773009183018175,0.020008838869060384,0.0023790685200682756,0.03433571912576397,0.08438594480611929,0.09507365550874085,0.0020709877045568775,0.02668027561792935,0.059946971148012305,0.013889169808798481,0.01740530345058586,0.010817200037758948,0.003341891214450247,0.04014983261996267,0.023284231764821497
121,"Cfg(cluster_seed=3, surrogate='rf', surrogate_seed=0, estimator='tree_int', bg_size=50, bg_seed=0)",rf,3,0.7757142857142856,1.0,1,0.022832532218606365,0.030112314342728926,0.0018928171068122194,0.0321513555995538,0.013355299347388716,0.0020452140947040524,0.02156124791717708,0.056577442448403445,0.05149952024890011,0.00117316020166832,0.018055235325873855,0.03954770017513053,0.010674683599751126,0.014284031129170685,0.009365320092086946,0.0019686548494563193,0.02529212823795312,0.01596889568886785
122,"Cfg(cluster_seed=3, surrogate='rf', surrogate_seed=0, estimator='tree_int', bg_size=50, bg_seed=1)",rf,3,0.7757142857142856,1.0,0,0.03628254857609834,0.044300085252237324,0.004558782378091674,0.054773009183018175,0.020008838869060384,0.0023790685200682756,0.03433571912576397,0.08438594480611929,0.09507365550874085,0.0020709877045568775,0.02668027561792935,0.059946971148012305,0.013889169808798481,0.01740530345058586,0.010817200037758948,0.003341891214450247,0.04014983261996267,0.023284231764821497
122,"Cfg(cluster_seed=3, surrogate='rf', surrogate_seed=0, estimator='tree_int', bg_size=50, bg_seed=1)",rf,3,0.7757142857142856,1.0,1,0.022832532218606365,0.030112314342728926,0.0018928171068122194,0.0321513555995538,0.013355299347388716,0.0020452140947040524,0.02156124791717708,0.056577442448403445,0.05149952024890011,0.00117316020166832,0.018055235325873855,0.03954770017513053,0.010674683599751126,0.014284031129170685,0.009365320092086946,0.0019686548494563193,0.02529212823795312,0.01596889568886785
123,"Cfg(cluster_seed=3, surrogate='rf', surrogate_seed=0, estimator='tree_int', bg_size=50, bg_seed=2)",rf,3,0.7757142857142856,1.0,0,0.03628254857609834,0.044300085252237324,0.004558782378091674,0.054773009183018175,0.020008838869060384,0.0023790685200682756,0.03433571912576397,0.08438594480611929,0.09507365550874085,0.0020709877045568775,0.02668027561792935,0.059946971148012305,0.013889169808798481,0.01740530345058586,0.010817200037758948,0.003341891214450247,0.04014983261996267,0.023284231764821497
123,"Cfg(cluster_seed=3, surrogate='rf', surrogate_seed=0, estimator='tree_int', bg_size=50, bg_seed=2)",rf,3,0.7757142857142856,1.0,1,0.022832532218606365,0.030112314342728926,0.0018928171068122194,0.0321513555995538,0.013355299347388716,0.0020452140947040524,0.02156124791717708,0.056577442448403445,0.05149952024890011,0.00117316020166832,0.018055235325873855,0.03954770017513053,0.010674683599751126,0.014284031129170685,0.009365320092086946,0.0019686548494563193,0.02529212823795312,0.01596889568886785
124,"Cfg(cluster_seed=3, surrogate='rf', surrogate_seed=1, estimator='tree_path', bg_size=50, bg_seed=0)",rf,3,0.7757142857142856,1.0,0,0.03300623201446016,0.03698066402380832,0.006551501120407861,0.05233772722011004,0.016376637045135412,0.0033936435189977705,0.05864144179312288,0.08924922581275713,0.09134627744624246,0.0018584044924472222,0.02932896058322916,0.05895402829822315,0.01763220459590625,0.014666264936374218,0.01339500615316875,0.004616967035199035,0.04884188208050039,0.015847544314394935
124,"Cfg(cluster_seed=3, surrogate='rf', surrogate_seed=1, estimator='tree_path', bg_size=50, bg_seed=0)",rf,3,0.7757142857142856,1.0,1,0.019861676776875354,0.022136413089163004,0.003652512087075086,0.03431000487061066,0.011896487773989259,0.002264607262678974,0.03601410250755546,0.06116869173902156,0.054990269147550404,0.0012111756582979204,0.017862582320519765,0.04268155107559644,0.013535583401489411,0.013024489185955565,0.012460855935572153,0.0026786607063918424,0.02752661538281279,0.011547055746472936
125,"Cfg(cluster_seed=3, surrogate='rf', surrogate_seed=1, estimator='tree_int', bg_size=50, bg_seed=0)",rf,3,0.7757142857142856,1.0,0,0.03110802544585448,0.034397307232523815,0.006691919352784001,0.0481223356250804,0.015029461641626602,0.0037098766330716606,0.05261658376776273,0.08708473835988594,0.0945645365321649,0.0010430696096995638,0.028760522583116205,0.05964506317266366,0.017354096940100063,0.015028339305394586,0.012884399863054055,0.004666245903986191,0.047512627414438284,0.015530303406359797
125,"Cfg(cluster_seed=3, surrogate='rf', surrogate_seed=1, estimator='tree_int', bg_size=50, bg_seed=0)",rf,3,0.7757142857142856,1.0,1,0.017658971087277358,0.020937470442584875,0.0037950938843018646,0.030512747251829148,0.012947731592906112,0.0020492224319747948,0.032966571266347645,0.0596737227866945,0.0514287330100345,0.000602453117041135,0.01706309164293019,0.039405965360155684,0.012273849904487474,0.013369248357828581,0.012277537574830315,0.002550344778590031,0.031021485439409986,0.012023408981214826
126,"Cfg(cluster_seed=3, surrogate='rf', surrogate_seed=1, estimator='tree_int', bg_size=50, bg_seed=1)",rf,3,0.7757142857142856,1.0,0,0.03110802544585448,0.034397307232523815,0.006691919352784001,0.0481223356250804,0.015029461641626602,0.0037098766330716606,0.05261658376776273,0.08708473835988594,0.0945645365321649,0.0010430696096995638,0.028760522583116205,0.05964506317266366,0.017354096940100063,0.015028339305394586,0.012884399863054055,0.004666245903986191,0.047512627414438284,0.015530303406359797
126,"Cfg(cluster_seed=3, surrogate='rf', surrogate_seed=1, estimator='tree_int', bg_size=50, bg_seed=1)",rf,3,0.7757142857142856,1.0,1,0.017658971087277358,0.020937470442584875,0.0037950938843018646,0.030512747251829148,0.012947731592906112,0.0020492224319747948,0.032966571266347645,0.0596737227866945,0.0514287330100345,0.000602453117041135,0.01706309164293019,0.039405965360155684,0.012273849904487474,0.013369248357828581,0.012277537574830315,0.002550344778590031,0.031021485439409986,0.012023408981214826
127,"Cfg(cluster_seed=3, surrogate='rf', surrogate_seed=1, estimator='tree_int', bg_size=50, bg_seed=2)",rf,3,0.7757142857142856,1.0,0,0.03110802544585448,0.034397307232523815,0.006691919352784001,0.0481223356250804,0.015029461641626602,0.0037098766330716606,0.05261658376776273,0.08708473835988594,0.0945645365321649,0.0010430696096995638,0.028760522583116205,0.05964506317266366,0.017354096940100063,0.015028339305394586,0.012884399863054055,0.004666245903986191,0.047512627414438284,0.015530303406359797
127,"Cfg(cluster_seed=3, surrogate='rf', surrogate_seed=1, estimator='tree_int', bg_size=50, bg_seed=2)",rf,3,0.7757142857142856,1.0,1,0.017658971087277358,0.020937470442584875,0.0037950938843018646,0.030512747251829148,0.012947731592906112,0.0020492224319747948,0.032966571266347645,0.0596737227866945,0.0514287330100345,0.000602453117041135,0.01706309164293019,0.039405965360155684,0.012273849904487474,0.013369248357828581,0.012277537574830315,0.002550344778590031,0.031021485439409986,0.012023408981214826
128,"Cfg(cluster_seed=3, surrogate='rf', surrogate_seed=2, estimator='tree_path', bg_size=50, bg_seed=0)",rf,3,0.7757142857142856,1.0,0,0.028950260186639844,0.043468807650780955,0.006299748497039323,0.054415106742695285,0.019618358024447512,0.004493182808960447,0.03738990866559982,0.0797235974365546,0.10177318599878606,0.003498264898547402,0.033092415961373293,0.061303519890973886,0.01840927234406686,0.01650326972232583,0.011621883775557437,0.003968862212402952,0.05524226844945826,0.017717816264957238
128,"Cfg(cluster_seed=3, surrogate='rf', surrogate_seed=2, estimator='tree_path', bg_size=50, bg_seed=0)",rf,3,0.7757142857142856,1.0,1,0.015856432075203427,0.026895728082216963,0.003026994945678677,0.03731973334492107,0.0116616176126507,0.0019563281523846104,0.02653027858287673,0.05517429588985577,0.05346774279626649,0.002126312076657493,0.0206429400717518,0.04311953453400125,0.011368584287268326,0.014644401337142949,0.011787472655667508,0.0025140567363566525,0.030520175890494394,0.014044416481458441
129,"Cfg(cluster_seed=3, surrogate='rf', surrogate_seed=2, estimator='tree_int', bg_size=50, bg_seed=0)",rf,3,0.7757142857142856,1.0,0,0.02661616227035693,0.04108375520713661,0.005866722925066375,0.05173162303562453,0.01823092075688012,0.003820847454923264,0.036387907723661614,0.07651164606795648,0.10097208437839826,0.0033324916689845413,0.03295665062603692,0.06105864345620215,0.01691582532848862,0.01600477030749034,0.012396184363016727,0.0036889731532992846,0.05325617413440011,0.017857744547213904
129,"Cfg(cluster_seed=3, surrogate='rf', surrogate_seed=2, estimator='tree_int', bg_size=50, bg_seed=0)",rf,3,0.7757142857142856,1.0,1,0.014894981924336928,0.02515015292708701,0.002662818727280385,0.031857865129031035,0.012058682350675653,0.002415504307394732,0.024272166691622386,0.054456069936483976,0.0547677582626197,0.002752445153787888,0.02131208966048213,0.04161776596031684,0.012308321607132506,0.014036235707885258,0.011269039875245822,0.002104777989077179,0.029266955975913826,0.012745390720662095
130,"Cfg(cluster_seed=3, surrogate='rf', surrogate_seed=2, estimator='tree_int', bg_size=50, bg_seed=1)",rf,3,0.7757142857142856,1.0,0,0.02661616227035693,0.04108375520713661,0.005866722925066375,0.05173162303562453,0.01823092075688012,0.003820847454923264,0.036387907723661614,0.07651164606795648,0.10097208437839826,0.0033324916689845413,0.03295665062603692,0.06105864345620215,0.01691582532848862,0.01600477030749034,0.012396184363016727,0.0036889731532992846,0.05325617413440011,0.017857744547213904
130,"Cfg(cluster_seed=3, surrogate='rf', surrogate_seed=2, estimator='tree_int', bg_size=50, bg_seed=1)",rf,3,0.7757142857142856,1.0,1,0.014894981924336928,0.02515015292708701,0.002662818727280385,0.031857865129031035,0.012058682350675653,0.002415504307394732,0.024272166691622386,0.054456069936483976,0.0547677582626197,0.002752445153787888,0.02131208966048213,0.04161776596031684,0.012308321607132506,0.014036235707885258,0.011269039875245822,0.002104777989077179,0.029266955975913826,0.012745390720662095
131,"Cfg(cluster_seed=3, surrogate='rf', surrogate_seed=2, estimator='tree_int', bg_size=50, bg_seed=2)",rf,3,0.7757142857142856,1.0,0,0.02661616227035693,0.04108375520713661,0.005866722925066375,0.05173162303562453,0.01823092075688012,0.003820847454923264,0.036387907723661614,0.07651164606795648,0.10097208437839826,0.0033324916689845413,0.03295665062603692,0.06105864345620215,0.01691582532848862,0.01600477030749034,0.012396184363016727,0.0036889731532992846,0.05325617413440011,0.017857744547213904
131,"Cfg(cluster_seed=3, surrogate='rf', surrogate_seed=2, estimator='tree_int', bg_size=50, bg_seed=2)",rf,3,0.7757142857142856,1.0,1,0.014894981924336928,0.02515015292708701,0.002662818727280385,0.031857865129031035,0.012058682350675653,0.002415504307394732,0.024272166691622386,0.054456069936483976,0.0547677582626197,0.002752445153787888,0.02131208966048213,0.04161776596031684,0.012308321607132506,0.014036235707885258,0.011269039875245822,0.002104777989077179,0.029266955975913826,0.012745390720662095
132,"Cfg(cluster_seed=3, surrogate='lgbm', surrogate_seed=0, estimator='tree_path', bg_size=50, bg_seed=0)",lgbm,3,0.6888095238095238,1.0,0,0.02277141779689831,0.002390682531119437,0.0,3.4306136862770185,0.03582959742619312,0.023371838688530253,0.2022496927172526,6.195083230961841,1.0704162552100407,0.0,0.07285080440198642,0.3342155171755496,0.0,0.12354297580979438,0.13357248508423764,0.04473888513908065,3.8293566431648003,0.0960150801368605
132,"Cfg(cluster_seed=3, surrogate='lgbm', surrogate_seed=0, estimator='tree_path', bg_size=50, bg_seed=0)",lgbm,3,0.6888095238095238,1.0,1,0.007558078173844415,0.004507310632835182,0.0,2.3185583191479493,0.06093472117679122,0.0077826060997778015,0.1664650157620375,4.023104944037656,0.6706098922956186,0.0,0.05632697551816402,0.31552966375839714,0.0,0.09209842827681058,0.14175039233429299,0.0413232465627419,2.318981241199117,0.10280196911162347
133,"Cfg(cluster_seed=3, surrogate='lgbm', surrogate_seed=0, estimator='tree_int', bg_size=50, bg_seed=0)",lgbm,3,0.6888095238095238,1.0,0,0.0006079464018166168,0.00011199423453296507,0.0,0.15344463967788866,0.0011311819666432225,0.0005542037475476237,0.008290661125352313,0.24956453154088154,0.04592434290335461,0.0,0.0029375075630689116,0.014003428797290092,0.0,0.004055149258068432,0.004861593549351675,0.001647281859621755,0.16823693257788921,0.0042431635625078306
133,"Cfg(cluster_seed=3, surrogate='lgbm', surrogate_seed=0, estimator='tree_int', bg_size=50, bg_seed=0)",lgbm,3,0.6888095238095238,1.0,1,0.0003465167788446605,6.41499051260231e-05,0.0,0.08763924087380948,0.0010981759727410859,0.00031639366748051427,0.004739165730864651,0.14305767311517958,0.026238992927319276,0.0,0.0015849388618653275,0.007984175530253813,0.0,0.002416404546539821,0.0027798666132813152,0.0010325149367867309,0.09594670851907945,0.002426771783018616
134,"Cfg(cluster_seed=3, surrogate='lgbm', surrogate_seed=0, estimator='tree_int', bg_size=50, bg_seed=1)",lgbm,3,0.6888095238095238,1.0,0,0.0006079464018166168,0.00011199423453296506,0.0,0.15344463967788866,0.0011311819666432225,0.0005542037475476238,0.008290661125352311,0.24956453154088154,0.04592434290335461,0.0,0.002937507563068912,0.014003428797290092,0.0,0.004055149258068431,0.004861593549351675,0.0016472818596217553,0.16823693257788921,0.0042431635625078306
134,"Cfg(cluster_seed=3, surrogate='lgbm', surrogate_seed=0, estimator='tree_int', bg_size=50, bg_seed=1)",lgbm,3,0.6888095238095238,1.0,1,0.0003465167788446605,6.41499051260231e-05,0.0,0.08763924087380948,0.0010981759727410859,0.0003163936674805143,0.004739165730864651,0.14305767311517958,0.026238992927319276,0.0,0.0015849388618653275,0.007984175530253813,0.0,0.002416404546539821,0.0027798666132813152,0.0010325149367867304,0.09594670851907945,0.002426771783018616
135,"Cfg(cluster_seed=3, surrogate='lgbm', surrogate_seed=0, estimator='tree_int', bg_size=50, bg_seed=2)",lgbm,3,0.6888095238095238,1.0,0,0.0006079464018166168,0.00011199423453296507,0.0,0.15344463967788868,0.0011311819666432223,0.0005542037475476238,0.008290661125352311,0.24956453154088154,0.04592434290335461,0.0,0.002937507563068912,0.014003428797290092,0.0,0.004055149258068432,0.004861593549351675,0.001647281859621755,0.16823693257788921,0.0042431635625078306
135,"Cfg(cluster_seed=3, surrogate='lgbm', surrogate_seed=0, estimator='tree_int', bg_size=50, bg_seed=2)",lgbm,3,0.6888095238095238,1.0,1,0.0003465167788446605,6.41499051260231e-05,0.0,0.08763924087380946,0.0010981759727410857,0.0003163936674805143,0.004739165730864651,0.1430576731151796,0.026238992927319276,0.0,0.0015849388618653277,0.007984175530253811,0.0,0.002416404546539821,0.0027798666132813152,0.0010325149367867307,0.09594670851907942,0.002426771783018616
136,"Cfg(cluster_seed=3, surrogate='lgbm', surrogate_seed=1, estimator='tree_path', bg_size=50, bg_seed=0)",lgbm,3,0.6888095238095238,1.0,0,0.02277141779689831,0.002390682531119437,0.0,3.4306136862770185,0.03582959742619312,0.023371838688530253,0.2022496927172526,6.195083230961841,1.0704162552100407,0.0,0.07285080440198642,0.3342155171755496,0.0,0.12354297580979438,0.13357248508423764,0.04473888513908065,3.8293566431648003,0.0960150801368605
136,"Cfg(cluster_seed=3, surrogate='lgbm', surrogate_seed=1, estimator='tree_path', bg_size=50, bg_seed=0)",lgbm,3,0.6888095238095238,1.0,1,0.007558078173844415,0.004507310632835182,0.0,2.3185583191479493,0.06093472117679122,0.0077826060997778015,0.1664650157620375,4.023104944037656,0.6706098922956186,0.0,0.05632697551816402,0.31552966375839714,0.0,0.09209842827681058,0.14175039233429299,0.0413232465627419,2.318981241199117,0.10280196911162347
137,"Cfg(cluster_seed=3, surrogate='lgbm', surrogate_seed=1, estimator='tree_int', bg_size=50, bg_seed=0)",lgbm,3,0.6888095238095238,1.0,0,0.0006079464018166168,0.00011199423453296507,0.0,0.15344463967788866,0.0011311819666432225,0.0005542037475476237,0.008290661125352313,0.24956453154088154,0.04592434290335461,0.0,0.0029375075630689116,0.014003428797290092,0.0,0.004055149258068432,0.004861593549351675,0.001647281859621755,0.16823693257788921,0.0042431635625078306
137,"Cfg(cluster_seed=3, surrogate='lgbm', surrogate_seed=1, estimator='tree_int', bg_size=50, bg_seed=0)",lgbm,3,0.6888095238095238,1.0,1,0.0003465167788446605,6.41499051260231e-05,0.0,0.08763924087380948,0.0010981759727410859,0.00031639366748051427,0.004739165730864651,0.14305767311517958,0.026238992927319276,0.0,0.0015849388618653275,0.007984175530253813,0.0,0.002416404546539821,0.0027798666132813152,0.0010325149367867309,0.09594670851907945,0.002426771783018616
138,"Cfg(cluster_seed=3, surrogate='lgbm', surrogate_seed=1, estimator='tree_int', bg_size=50, bg_seed=1)",lgbm,3,0.6888095238095238,1.0,0,0.0006079464018166168,0.00011199423453296506,0.0,0.15344463967788866,0.0011311819666432225,0.0005542037475476238,0.008290661125352311,0.24956453154088154,0.04592434290335461,0.0,0.002937507563068912,0.014003428797290092,0.0,0.004055149258068431,0.004861593549351675,0.0016472818596217553,0.16823693257788921,0.0042431635625078306
138,"Cfg(cluster_seed=3, surrogate='lgbm', surrogate_seed=1, estimator='tree_int', bg_size=50, bg_seed=1)",lgbm,3,0.6888095238095238,1.0,1,0.0003465167788446605,6.41499051260231e-05,0.0,0.08763924087380948,0.0010981759727410859,0.0003163936674805143,0.004739165730864651,0.14305767311517958,0.026238992927319276,0.0,0.0015849388618653275,0.007984175530253813,0.0,0.002416404546539821,0.0027798666132813152,0.0010325149367867304,0.09594670851907945,0.002426771783018616
139,"Cfg(cluster_seed=3, surrogate='lgbm', surrogate_seed=1, estimator='tree_int', bg_size=50, bg_seed=2)",lgbm,3,0.6888095238095238,1.0,0,0.0006079464018166168,0.00011199423453296507,0.0,0.15344463967788868,0.0011311819666432223,0.0005542037475476238,0.008290661125352311,0.24956453154088154,0.04592434290335461,0.0,0.002937507563068912,0.014003428797290092,0.0,0.004055149258068432,0.004861593549351675,0.001647281859621755,0.16823693257788921,0.0042431635625078306
139,"Cfg(cluster_seed=3, surrogate='lgbm', surrogate_seed=1, estimator='tree_int', bg_size=50, bg_seed=2)",lgbm,3,0.6888095238095238,1.0,1,0.0003465167788446605,6.41499051260231e-05,0.0,0.08763924087380946,0.0010981759727410857,0.0003163936674805143,0.004739165730864651,0.1430576731151796,0.026238992927319276,0.0,0.0015849388618653277,0.007984175530253811,0.0,0.002416404546539821,0.0027798666132813152,0.0010325149367867307,0.09594670851907942,0.002426771783018616
140,"Cfg(cluster_seed=3, surrogate='lgbm', surrogate_seed=2, estimator='tree_path', bg_size=50, bg_seed=0)",lgbm,3,0.6888095238095238,1.0,0,0.02277141779689831,0.002390682531119437,0.0,3.4306136862770185,0.03582959742619312,0.023371838688530253,0.2022496927172526,6.195083230961841,1.0704162552100407,0.0,0.07285080440198642,0.3342155171755496,0.0,0.12354297580979438,0.13357248508423764,0.04473888513908065,3.8293566431648003,0.0960150801368605
140,"Cfg(cluster_seed=3, surrogate='lgbm', surrogate_seed=2, estimator='tree_path', bg_size=50, bg_seed=0)",lgbm,3,0.6888095238095238,1.0,1,0.007558078173844415,0.004507310632835182,0.0,2.3185583191479493,0.06093472117679122,0.0077826060997778015,0.1664650157620375,4.023104944037656,0.6706098922956186,0.0,0.05632697551816402,0.31552966375839714,0.0,0.09209842827681058,0.14175039233429299,0.0413232465627419,2.318981241199117,0.10280196911162347
141,"Cfg(cluster_seed=3, surrogate='lgbm', surrogate_seed=2, estimator='tree_int', bg_size=50, bg_seed=0)",lgbm,3,0.6888095238095238,1.0,0,0.0006079464018166168,0.00011199423453296507,0.0,0.15344463967788866,0.0011311819666432225,0.0005542037475476237,0.008290661125352313,0.24956453154088154,0.04592434290335461,0.0,0.0029375075630689116,0.014003428797290092,0.0,0.004055149258068432,0.004861593549351675,0.001647281859621755,0.16823693257788921,0.0042431635625078306
141,"Cfg(cluster_seed=3, surrogate='lgbm', surrogate_seed=2, estimator='tree_int', bg_size=50, bg_seed=0)",lgbm,3,0.6888095238095238,1.0,1,0.0003465167788446605,6.41499051260231e-05,0.0,0.08763924087380948,0.0010981759727410859,0.00031639366748051427,0.004739165730864651,0.14305767311517958,0.026238992927319276,0.0,0.0015849388618653275,0.007984175530253813,0.0,0.002416404546539821,0.0027798666132813152,0.0010325149367867309,0.09594670851907945,0.002426771783018616
142,"Cfg(cluster_seed=3, surrogate='lgbm', surrogate_seed=2, estimator='tree_int', bg_size=50, bg_seed=1)",lgbm,3,0.6888095238095238,1.0,0,0.0006079464018166168,0.00011199423453296506,0.0,0.15344463967788866,0.0011311819666432225,0.0005542037475476238,0.008290661125352311,0.24956453154088154,0.04592434290335461,0.0,0.002937507563068912,0.014003428797290092,0.0,0.004055149258068431,0.004861593549351675,0.0016472818596217553,0.16823693257788921,0.0042431635625078306
142,"Cfg(cluster_seed=3, surrogate='lgbm', surrogate_seed=2, estimator='tree_int', bg_size=50, bg_seed=1)",lgbm,3,0.6888095238095238,1.0,1,0.0003465167788446605,6.41499051260231e-05,0.0,0.08763924087380948,0.0010981759727410859,0.0003163936674805143,0.004739165730864651,0.14305767311517958,0.026238992927319276,0.0,0.0015849388618653275,0.007984175530253813,0.0,0.002416404546539821,0.0027798666132813152,0.0010325149367867304,0.09594670851907945,0.002426771783018616
143,"Cfg(cluster_seed=3, surrogate='lgbm', surrogate_seed=2, estimator='tree_int', bg_size=50, bg_seed=2)",lgbm,3,0.6888095238095238,1.0,0,0.0006079464018166168,0.00011199423453296507,0.0,0.15344463967788868,0.0011311819666432223,0.0005542037475476238,0.008290661125352311,0.24956453154088154,0.04592434290335461,0.0,0.002937507563068912,0.014003428797290092,0.0,0.004055149258068432,0.004861593549351675,0.001647281859621755,0.16823693257788921,0.0042431635625078306
143,"Cfg(cluster_seed=3, surrogate='lgbm', surrogate_seed=2, estimator='tree_int', bg_size=50, bg_seed=2)",lgbm,3,0.6888095238095238,1.0,1,0.0003465167788446605,6.41499051260231e-05,0.0,0.08763924087380946,0.0010981759727410857,0.0003163936674805143,0.004739165730864651,0.1430576731151796,0.026238992927319276,0.0,0.0015849388618653277,0.007984175530253811,0.0,0.002416404546539821,0.0027798666132813152,0.0010325149367867307,0.09594670851907942,0.002426771783018616
144,"Cfg(cluster_seed=4, surrogate='dt', surrogate_seed=0, estimator='tree_path', bg_size=50, bg_seed=0)",dt,4,0.7623809523809524,0.8787043418332184,0,0.0,0.0,0.0,0.0,0.0,0.0,0.0,0.11507381507381509,0.34906759906759915,0.0,0.0,0.0,0.0,0.0,0.0,0.0,0.18690753690753686,0.05011655011655015
144,"Cfg(cluster_seed=4, surrogate='dt', surrogate_seed=0, estimator='tree_path', bg_size=50, bg_seed=0)",dt,4,0.7623809523809524,0.8787043418332184,1,0.0,0.0,0.0,0.0,0.0,0.0,0.0,0.05585858585858585,0.2574747474747475,0.0,0.0,0.0,0.0,0.0,0.0,0.0,0.07116161616161622,0.07196969696969695
145,"Cfg(cluster_seed=4, surrogate='dt', surrogate_seed=0, estimator='tree_int', bg_size=50, bg_seed=0)",dt,4,0.7623809523809524,0.8787043418332184,0,0.0,0.0,0.0,0.0,0.0,0.0,0.0,0.15073815186123746,0.294094792195967,0.0,0.0,0.0,0.0,0.0,0.0,0.0,0.1756021731939071,0.07342657342657344
145,"Cfg(cluster_seed=4, surrogate='dt', surrogate_seed=0, estimator='tree_int', bg_size=50, bg_seed=0)",dt,4,0.7623809523809524,0.8787043418332184,1,0.0,0.0,0.0,0.0,0.0,0.0,0.0,0.11010101008595838,0.189141414472551,0.0,0.0,0.0,0.0,0.0,0.0,0.0,0.09141414273868906,0.07045454545454545
146,"Cfg(cluster_seed=4, surrogate='dt', surrogate_seed=0, estimator='tree_int', bg_size=50, bg_seed=1)",dt,4,0.7623809523809524,0.8787043418332184,0,0.0,0.0,0.0,0.0,0.0,0.0,0.0,0.15073815186123746,0.294094792195967,0.0,0.0,0.0,0.0,0.0,0.0,0.0,0.1756021731939071,0.07342657342657344
146,"Cfg(cluster_seed=4, surrogate='dt', surrogate_seed=0, estimator='tree_int', bg_size=50, bg_seed=1)",dt,4,0.7623809523809524,0.8787043418332184,1,0.0,0.0,0.0,0.0,0.0,0.0,0.0,0.11010101008595838,0.189141414472551,0.0,0.0,0.0,0.0,0.0,0.0,0.0,0.09141414273868906,0.07045454545454545
147,"Cfg(cluster_seed=4, surrogate='dt', surrogate_seed=0, estimator='tree_int', bg_size=50, bg_seed=2)",dt,4,0.7623809523809524,0.8787043418332184,0,0.0,0.0,0.0,0.0,0.0,0.0,0.0,0.15073815186123746,0.294094792195967,0.0,0.0,0.0,0.0,0.0,0.0,0.0,0.1756021731939071,0.07342657342657344
147,"Cfg(cluster_seed=4, surrogate='dt', surrogate_seed=0, estimator='tree_int', bg_size=50, bg_seed=2)",dt,4,0.7623809523809524,0.8787043418332184,1,0.0,0.0,0.0,0.0,0.0,0.0,0.0,0.11010101008595838,0.189141414472551,0.0,0.0,0.0,0.0,0.0,0.0,0.0,0.09141414273868906,0.07045454545454545
148,"Cfg(cluster_seed=4, surrogate='dt', surrogate_seed=1, estimator='tree_path', bg_size=50, bg_seed=0)",dt,4,0.7034920634920635,0.8787043418332184,0,0.0,0.0,0.0,0.0,0.0,0.0,0.0,0.0,0.3815170940170941,0.0,0.08283799533799534,0.06760878010878012,0.0,0.0,0.0,0.0,0.19771756021756015,0.0
148,"Cfg(cluster_seed=4, surrogate='dt', surrogate_seed=1, estimator='tree_path', bg_size=50, bg_seed=0)",dt,4,0.7034920634920635,0.8787043418332184,1,0.0,0.0,0.0,0.0,0.0,0.0,0.0,0.0,0.26869318181818186,0.0,0.033869949494949474,0.07567550505050502,0.0,0.0,0.0,0.0,0.07179924242424247,0.0
149,"Cfg(cluster_seed=4, surrogate='dt', surrogate_seed=1, estimator='tree_int', bg_size=50, bg_seed=0)",dt,4,0.7034920634920635,0.8787043418332184,0,0.0,0.0,0.0,0.0,0.0,0.0,0.0,0.0,0.36655011418816097,0.0,0.06507381583218808,0.08954933973459098,0.0,0.0,0.0,0.0,0.19250194183040611,0.0
149,"Cfg(cluster_seed=4, surrogate='dt', surrogate_seed=1, estimator='tree_int', bg_size=50, bg_seed=0)",dt,4,0.7034920634920635,0.8787043418332184,1,0.0,0.0,0.0,0.0,0.0,0.0,0.0,0.0,0.23270202134594778,0.0,0.035227272230567354,0.07436868710951372,0.0,0.0,0.0,0.0,0.10138888909961234,0.0
150,"Cfg(cluster_seed=4, surrogate='dt', surrogate_seed=1, estimator='tree_int', bg_size=50, bg_seed=1)",dt,4,0.7034920634920635,0.8787043418332184,0,0.0,0.0,0.0,0.0,0.0,0.0,0.0,0.0,0.36655011418816097,0.0,0.06507381583218808,0.08954933973459098,0.0,0.0,0.0,0.0,0.19250194183040611,0.0
150,"Cfg(cluster_seed=4, surrogate='dt', surrogate_seed=1, estimator='tree_int', bg_size=50, bg_seed=1)",dt,4,0.7034920634920635,0.8787043418332184,1,0.0,0.0,0.0,0.0,0.0,0.0,0.0,0.0,0.23270202134594778,0.0,0.035227272230567354,0.07436868710951372,0.0,0.0,0.0,0.0,0.10138888909961234,0.0
151,"Cfg(cluster_seed=4, surrogate='dt', surrogate_seed=1, estimator='tree_int', bg_size=50, bg_seed=2)",dt,4,0.7034920634920635,0.8787043418332184,0,0.0,0.0,0.0,0.0,0.0,0.0,0.0,0.0,0.36655011418816097,0.0,0.06507381583218808,0.08954933973459098,0.0,0.0,0.0,0.0,0.19250194183040611,0.0
151,"Cfg(cluster_seed=4, surrogate='dt', surrogate_seed=1, estimator='tree_int', bg_size=50, bg_seed=2)",dt,4,0.7034920634920635,0.8787043418332184,1,0.0,0.0,0.0,0.0,0.0,0.0,0.0,0.0,0.23270202134594778,0.0,0.035227272230567354,0.07436868710951372,0.0,0.0,0.0,0.0,0.10138888909961234,0.0
152,"Cfg(cluster_seed=4, surrogate='dt', surrogate_seed=2, estimator='tree_path', bg_size=50, bg_seed=0)",dt,4,0.6279365079365079,0.8787043418332184,0,0.0,0.0,0.0,0.0,0.0,0.0,0.03932595182595182,0.0,0.3998154623154624,0.0,0.07471833721833722,0.05011655011655015,0.0,0.0,0.0,0.0,0.19892191142191137,0.0
152,"Cfg(cluster_seed=4, surrogate='dt', surrogate_seed=2, estimator='tree_path', bg_size=50, bg_seed=0)",dt,4,0.6279365079365079,0.8787043418332184,1,0.0,0.0,0.0,0.0,0.0,0.0,0.02870580808080809,0.0,0.2652462121212122,0.0,0.061938131313131285,0.06515151515151514,0.0,0.0,0.0,0.0,0.07097853535353539,0.0
153,"Cfg(cluster_seed=4, surrogate='dt', surrogate_seed=2, estimator='tree_int', bg_size=50, bg_seed=0)",dt,4,0.6279365079365079,0.8787043418332184,0,0.0,0.0,0.0,0.0,0.0,0.0,0.042540793409158575,0.0,0.37237761994619756,0.0,0.10159285305749564,0.061771561771561775,0.0,0.0,0.0,0.0,0.1944444440044723,0.0
153,"Cfg(cluster_seed=4, surrogate='dt', surrogate_seed=2, estimator='tree_int', bg_size=50, bg_seed=0)",dt,4,0.6279365079365079,0.8787043418332184,1,0.0,0.0,0.0,0.0,0.0,0.0,0.043813131772207484,0.0,0.23295454870570786,0.0,0.07967171556118766,0.06439393939393938,0.0,0.0,0.0,0.0,0.10164141429193088,0.0
154,"Cfg(cluster_seed=4, surrogate='dt', surrogate_seed=2, estimator='tree_int', bg_size=50, bg_seed=1)",dt,4,0.6279365079365079,0.8787043418332184,0,0.0,0.0,0.0,0.0,0.0,0.0,0.042540793409158575,0.0,0.37237761994619756,0.0,0.10159285305749564,0.061771561771561775,0.0,0.0,0.0,0.0,0.1944444440044723,0.0
154,"Cfg(cluster_seed=4, surrogate='dt', surrogate_seed=2, estimator='tree_int', bg_size=50, bg_seed=1)",dt,4,0.6279365079365079,0.8787043418332184,1,0.0,0.0,0.0,0.0,0.0,0.0,0.043813131772207484,0.0,0.23295454870570786,0.0,0.07967171556118766,0.06439393939393938,0.0,0.0,0.0,0.0,0.10164141429193088,0.0
155,"Cfg(cluster_seed=4, surrogate='dt', surrogate_seed=2, estimator='tree_int', bg_size=50, bg_seed=2)",dt,4,0.6279365079365079,0.8787043418332184,0,0.0,0.0,0.0,0.0,0.0,0.0,0.042540793409158575,0.0,0.37237761994619756,0.0,0.10159285305749564,0.061771561771561775,0.0,0.0,0.0,0.0,0.1944444440044723,0.0
155,"Cfg(cluster_seed=4, surrogate='dt', surrogate_seed=2, estimator='tree_int', bg_size=50, bg_seed=2)",dt,4,0.6279365079365079,0.8787043418332184,1,0.0,0.0,0.0,0.0,0.0,0.0,0.043813131772207484,0.0,0.23295454870570786,0.0,0.07967171556118766,0.06439393939393938,0.0,0.0,0.0,0.0,0.10164141429193088,0.0
156,"Cfg(cluster_seed=4, surrogate='rf', surrogate_seed=0, estimator='tree_path', bg_size=50, bg_seed=0)",rf,4,0.8007142857142856,0.8787043418332184,0,0.044321097768411505,0.03509569659875995,0.0035879057930784555,0.08275904212321053,0.012700687515617407,0.004467407084259966,0.026850787402284484,0.08672047161569739,0.09356490579923923,0.0009661256952923618,0.02320183570369155,0.04135599131259685,0.016068613915388406,0.012476134962867797,0.017984500727853917,0.006643413362195345,0.03024901418904122,0.036616226694460574
156,"Cfg(cluster_seed=4, surrogate='rf', surrogate_seed=0, estimator='tree_path', bg_size=50, bg_seed=0)",rf,4,0.8007142857142856,0.8787043418332184,1,0.03069232771510088,0.023910200771980472,0.002023114949711276,0.05320977088451535,0.010913923773559714,0.002899566659058623,0.017801749942175198,0.06364377925033912,0.05691423183498665,0.0006332063576855244,0.01546439991250334,0.0328735208915877,0.012528015921752836,0.01152774297080079,0.01507138378204618,0.005670203798922595,0.022251269266279648,0.028683042184736107
157,"Cfg(cluster_seed=4, surrogate='rf', surrogate_seed=0, estimator='tree_int', bg_size=50, bg_seed=0)",rf,4,0.8007142857142856,0.8787043418332184,0,0.04126728926377565,0.03446956830547519,0.0034943020789686484,0.0800072539463153,0.013225460045787535,0.0037244238147440436,0.02463196123009092,0.08049974294915571,0.09529901810895677,0.000981999505696588,0.02149922351521388,0.0412272737276825,0.015487568362013303,0.013410386235313702,0.018298627741934432,0.006720020882416264,0.02970512892691622,0.035937840811933214
157,"Cfg(cluster_seed=4, surrogate='rf', surrogate_seed=0, estimator='tree_int', bg_size=50, bg_seed=0)",rf,4,0.8007142857142856,0.8787043418332184,1,0.02801557306893025,0.02156683553663298,0.001733417550426428,0.049897139259458836,0.00967239080637228,0.0035755893124697832,0.01652020242093413,0.06242129781484519,0.0616611967825465,0.0006110269509284107,0.015416582863977193,0.029466919908890936,0.011915909379075114,0.011879882442471252,0.01428013502613105,0.004584343543904128,0.021723990426328256,0.02784646533008058
158,"Cfg(cluster_seed=4, surrogate='rf', surrogate_seed=0, estimator='tree_int', bg_size=50, bg_seed=1)",rf,4,0.8007142857142856,0.8787043418332184,0,0.04126728926377565,0.03446956830547519,0.0034943020789686484,0.0800072539463153,0.013225460045787535,0.0037244238147440436,0.02463196123009092,0.08049974294915571,0.09529901810895677,0.000981999505696588,0.02149922351521388,0.0412272737276825,0.015487568362013303,0.013410386235313702,0.018298627741934432,0.006720020882416264,0.02970512892691622,0.035937840811933214
158,"Cfg(cluster_seed=4, surrogate='rf', surrogate_seed=0, estimator='tree_int', bg_size=50, bg_seed=1)",rf,4,0.8007142857142856,0.8787043418332184,1,0.02801557306893025,0.02156683553663298,0.001733417550426428,0.049897139259458836,0.00967239080637228,0.0035755893124697832,0.01652020242093413,0.06242129781484519,0.0616611967825465,0.0006110269509284107,0.015416582863977193,0.029466919908890936,0.011915909379075114,0.011879882442471252,0.01428013502613105,0.004584343543904128,0.021723990426328256,0.02784646533008058
159,"Cfg(cluster_seed=4, surrogate='rf', surrogate_seed=0, estimator='tree_int', bg_size=50, bg_seed=2)",rf,4,0.8007142857142856,0.8787043418332184,0,0.04126728926377565,0.03446956830547519,0.0034943020789686484,0.0800072539463153,0.013225460045787535,0.0037244238147440436,0.02463196123009092,0.08049974294915571,0.09529901810895677,0.000981999505696588,0.02149922351521388,0.0412272737276825,0.015487568362013303,0.013410386235313702,0.018298627741934432,0.006720020882416264,0.02970512892691622,0.035937840811933214
159,"Cfg(cluster_seed=4, surrogate='rf', surrogate_seed=0, estimator='tree_int', bg_size=50, bg_seed=2)",rf,4,0.8007142857142856,0.8787043418332184,1,0.02801557306893025,0.02156683553663298,0.001733417550426428,0.049897139259458836,0.00967239080637228,0.0035755893124697832,0.01652020242093413,0.06242129781484519,0.0616611967825465,0.0006110269509284107,0.015416582863977193,0.029466919908890936,0.011915909379075114,0.011879882442471252,0.01428013502613105,0.004584343543904128,0.021723990426328256,0.02784646533008058
160,"Cfg(cluster_seed=4, surrogate='rf', surrogate_seed=1, estimator='tree_path', bg_size=50, bg_seed=0)",rf,4,0.8007142857142856,0.8787043418332184,0,0.03301988251110722,0.022049500088758476,0.004609625316814054,0.08093898350424435,0.013416683353423449,0.005127804258100943,0.03785195582186022,0.08969252306668674,0.09877676725421422,0.0006528917187905258,0.025937230448001943,0.038278165070678175,0.010037185636713936,0.010258892596771936,0.020713321470274385,0.008577815928507053,0.038070879592542566,0.03162158017220078
160,"Cfg(cluster_seed=4, surrogate='rf', surrogate_seed=1, estimator='tree_path', bg_size=50, bg_seed=0)",rf,4,0.8007142857142856,0.8787043418332184,1,0.024493567570986106,0.015198321022516092,0.0026737235493240205,0.050325819765022525,0.010727854478283956,0.003478816792127275,0.026815665020955882,0.06997043686105828,0.06568219600800475,0.0007552689155764023,0.01642015997638928,0.0319831166586577,0.009133711199209648,0.009928550039050622,0.02135643883748531,0.007548952192942504,0.025797769938589055,0.02326186650592594
161,"Cfg(cluster_seed=4, surrogate='rf', surrogate_seed=1, estimator='tree_int', bg_size=50, bg_seed=0)",rf,4,0.8007142857142856,0.8787043418332184,0,0.03126897252195174,0.020773116273817435,0.004632219743300533,0.07709285346317615,0.011879694671695726,0.005048821671190997,0.03496801432422666,0.08566563274811233,0.0990634574656622,0.0005633255775088753,0.024001943084274557,0.03887516280943783,0.010165112910983272,0.01059207484476965,0.021069412580972138,0.008271950472019816,0.038461409891805756,0.03140145116352686
161,"Cfg(cluster_seed=4, surrogate='rf', surrogate_seed=1, estimator='tree_int', bg_size=50, bg_seed=0)",rf,4,0.8007142857142856,0.8787043418332184,1,0.022734091458992092,0.013773232653726483,0.0025210438292671104,0.04790075873518644,0.010322811698830321,0.00366136372491989,0.02533341812800658,0.06758131477399729,0.06474831806845031,0.0006262626408980313,0.014753283185277586,0.02986919263835951,0.008711027146482867,0.009689562521860793,0.020059091391665403,0.007809764498564288,0.028343350854464166,0.02531498377758191
162,"Cfg(cluster_seed=4, surrogate='rf', surrogate_seed=1, estimator='tree_int', bg_size=50, bg_seed=1)",rf,4,0.8007142857142856,0.8787043418332184,0,0.03126897252195174,0.020773116273817435,0.004632219743300533,0.07709285346317615,0.011879694671695726,0.005048821671190997,0.03496801432422666,0.08566563274811233,0.0990634574656622,0.0005633255775088753,0.024001943084274557,0.03887516280943783,0.010165112910983272,0.01059207484476965,0.021069412580972138,0.008271950472019816,0.038461409891805756,0.03140145116352686
162,"Cfg(cluster_seed=4, surrogate='rf', surrogate_seed=1, estimator='tree_int', bg_size=50, bg_seed=1)",rf,4,0.8007142857142856,0.8787043418332184,1,0.022734091458992092,0.013773232653726483,0.0025210438292671104,0.04790075873518644,0.010322811698830321,0.00366136372491989,0.02533341812800658,0.06758131477399729,0.06474831806845031,0.0006262626408980313,0.014753283185277586,0.02986919263835951,0.008711027146482867,0.009689562521860793,0.020059091391665403,0.007809764498564288,0.028343350854464166,0.02531498377758191
163,"Cfg(cluster_seed=4, surrogate='rf', surrogate_seed=1, estimator='tree_int', bg_size=50, bg_seed=2)",rf,4,0.8007142857142856,0.8787043418332184,0,0.03126897252195174,0.020773116273817435,0.004632219743300533,0.07709285346317615,0.011879694671695726,0.005048821671190997,0.03496801432422666,0.08566563274811233,0.0990634574656622,0.0005633255775088753,0.024001943084274557,0.03887516280943783,0.010165112910983272,0.01059207484476965,0.021069412580972138,0.008271950472019816,0.038461409891805756,0.03140145116352686
163,"Cfg(cluster_seed=4, surrogate='rf', surrogate_seed=1, estimator='tree_int', bg_size=50, bg_seed=2)",rf,4,0.8007142857142856,0.8787043418332184,1,0.022734091458992092,0.013773232653726483,0.0025210438292671104,0.04790075873518644,0.010322811698830321,0.00366136372491989,0.02533341812800658,0.06758131477399729,0.06474831806845031,0.0006262626408980313,0.014753283185277586,0.02986919263835951,0.008711027146482867,0.009689562521860793,0.020059091391665403,0.007809764498564288,0.028343350854464166,0.02531498377758191
164,"Cfg(cluster_seed=4, surrogate='rf', surrogate_seed=2, estimator='tree_path', bg_size=50, bg_seed=0)",rf,4,0.8451587301587301,0.8787043418332184,0,0.02858138535667565,0.02859120718352318,0.0042032437620001546,0.0764073168548715,0.01641781680874492,0.006127615882747093,0.031157072290374337,0.08456558487474328,0.1050575643153501,0.001392330732951628,0.022993371357464747,0.045694450578433916,0.016564725671180742,0.013438062601484583,0.01677962547449672,0.00782250752677648,0.0378244959856983,0.0313787826592622
164,"Cfg(cluster_seed=4, surrogate='rf', surrogate_seed=2, estimator='tree_path', bg_size=50, bg_seed=0)",rf,4,0.8451587301587301,0.8787043418332184,1,0.019934498305511462,0.018595337662308697,0.0021950535995575566,0.05308281912844075,0.011524588529049593,0.003926480126711343,0.026327547767511245,0.06183369221551047,0.06675775333545164,0.0010119450466551752,0.014797196844930253,0.03751236329115508,0.011109083735327355,0.012477535976169962,0.01637775201829717,0.005373906629548108,0.027807095227869956,0.024218985827479358
165,"Cfg(cluster_seed=4, surrogate='rf', surrogate_seed=2, estimator='tree_int', bg_size=50, bg_seed=0)",rf,4,0.8451587301587301,0.8787043418332184,0,0.026359233994222526,0.02619722933293534,0.003908573002348239,0.07548355531669412,0.016012302899704962,0.005807821948271481,0.030556980789578542,0.07657809043181017,0.10562794871007812,0.001492489028900063,0.022825693372670413,0.043955582522041986,0.015328801201192701,0.012915048227743964,0.018432789879385923,0.007919710110368247,0.0378596227774345,0.029683631902924487
165,"Cfg(cluster_seed=4, surrogate='rf', surrogate_seed=2, estimator='tree_int', bg_size=50, bg_seed=0)",rf,4,0.8451587301587301,0.8787043418332184,1,0.018807744565878463,0.016299916220966475,0.001856397351454661,0.04815370487706263,0.011571464927207368,0.004460101118258371,0.023375842309906143,0.06201700486267466,0.06769823397840039,0.0008893097847855339,0.016185353925825575,0.03420799746231888,0.011852609715468572,0.012274411071584012,0.015269697339042043,0.005539730774189318,0.02506431037170731,0.023489815383447528
166,"Cfg(cluster_seed=4, surrogate='rf', surrogate_seed=2, estimator='tree_int', bg_size=50, bg_seed=1)",rf,4,0.8451587301587301,0.8787043418332184,0,0.026359233994222526,0.02619722933293534,0.003908573002348239,0.07548355531669412,0.016012302899704962,0.005807821948271481,0.030556980789578542,0.07657809043181017,0.10562794871007812,0.001492489028900063,0.022825693372670413,0.043955582522041986,0.015328801201192701,0.012915048227743964,0.018432789879385923,0.007919710110368247,0.0378596227774345,0.029683631902924487
166,"Cfg(cluster_seed=4, surrogate='rf', surrogate_seed=2, estimator='tree_int', bg_size=50, bg_seed=1)",rf,4,0.8451587301587301,0.8787043418332184,1,0.018807744565878463,0.016299916220966475,0.001856397351454661,0.04815370487706263,0.011571464927207368,0.004460101118258371,0.023375842309906143,0.06201700486267466,0.06769823397840039,0.0008893097847855339,0.016185353925825575,0.03420799746231888,0.011852609715468572,0.012274411071584012,0.015269697339042043,0.005539730774189318,0.02506431037170731,0.023489815383447528
167,"Cfg(cluster_seed=4, surrogate='rf', surrogate_seed=2, estimator='tree_int', bg_size=50, bg_seed=2)",rf,4,0.8451587301587301,0.8787043418332184,0,0.026359233994222526,0.02619722933293534,0.003908573002348239,0.07548355531669412,0.016012302899704962,0.005807821948271481,0.030556980789578542,0.07657809043181017,0.10562794871007812,0.001492489028900063,0.022825693372670413,0.043955582522041986,0.015328801201192701,0.012915048227743964,0.018432789879385923,0.007919710110368247,0.0378596227774345,0.029683631902924487
167,"Cfg(cluster_seed=4, surrogate='rf', surrogate_seed=2, estimator='tree_int', bg_size=50, bg_seed=2)",rf,4,0.8451587301587301,0.8787043418332184,1,0.018807744565878463,0.016299916220966475,0.001856397351454661,0.04815370487706263,0.011571464927207368,0.004460101118258371,0.023375842309906143,0.06201700486267466,0.06769823397840039,0.0008893097847855339,0.016185353925825575,0.03420799746231888,0.011852609715468572,0.012274411071584012,0.015269697339042043,0.005539730774189318,0.02506431037170731,0.023489815383447528
168,"Cfg(cluster_seed=4, surrogate='lgbm', surrogate_seed=0, estimator='tree_path', bg_size=50, bg_seed=0)",lgbm,4,0.8108730158730157,0.8787043418332184,0,9.67801925475632e-07,7.472654973438553e-18,0.0,3.288162724515057,0.026818175621934465,0.0,0.11287162018739155,6.529056942123793,0.6877233090585377,0.0,0.0,0.10947149425448638,0.0,0.02556409482876605,0.218664852064731,0.19265156505906827,0.007392637393216723,3.760057050852079
168,"Cfg(cluster_seed=4, surrogate='lgbm', surrogate_seed=0, estimator='tree_path', bg_size=50, bg_seed=0)",lgbm,4,0.8108730158730157,0.8787043418332184,1,2.7180839875083455e-06,5.915407053080912e-17,0.0,2.534011440151521,0.02609873932199817,0.0,0.09397098361876134,4.760394379568791,0.44107048264214993,0.0,0.0,0.0801228070526739,0.0,0.013187324004759518,0.21370898622753143,0.20565012390912338,0.0026220490238938457,2.4908183308890903
169,"Cfg(cluster_seed=4, surrogate='lgbm', surrogate_seed=0, estimator='tree_int', bg_size=50, bg_seed=0)",lgbm,4,0.8108730158730157,0.8787043418332184,0,4.527723818136471e-08,0.0,0.0,0.14379538255665053,0.0010525113576421176,0.0,0.0043440088055201964,0.26590700153851893,0.029172789964410025,0.0,0.0,0.003919674216546266,0.0,0.0007188801949931483,0.007713324810186765,0.007878818590980384,0.0001850237280797208,0.1635414150517366
169,"Cfg(cluster_seed=4, surrogate='lgbm', surrogate_seed=0, estimator='tree_int', bg_size=50, bg_seed=0)",lgbm,4,0.8108730158730157,0.8787043418332184,1,2.9519495785169975e-08,0.0,0.0,0.09397180448576917,0.0006843629366687929,0.0,0.0027918784676801483,0.17325675029586982,0.01953518825084405,0.0,0.0,0.0025462664985665467,0.0,0.0004668856420837949,0.005228065572519236,0.005122628519169271,0.00012010002037848143,0.10624235403384205
170,"Cfg(cluster_seed=4, surrogate='lgbm', surrogate_seed=0, estimator='tree_int', bg_size=50, bg_seed=1)",lgbm,4,0.8108730158730157,0.8787043418332184,0,4.52772381813647e-08,0.0,0.0,0.14379538255665053,0.0010525113576421174,0.0,0.004344008805520197,0.2659070015385189,0.02917278996441003,0.0,0.0,0.003919674216546265,0.0,0.0007188801949931483,0.007713324810186765,0.007878818590980384,0.0001850237280797208,0.1635414150517366
170,"Cfg(cluster_seed=4, surrogate='lgbm', surrogate_seed=0, estimator='tree_int', bg_size=50, bg_seed=1)",lgbm,4,0.8108730158730157,0.8787043418332184,1,2.951949578516997e-08,0.0,0.0,0.09397180448576917,0.0006843629366687929,0.0,0.0027918784676801483,0.17325675029586982,0.01953518825084405,0.0,0.0,0.0025462664985665467,0.0,0.00046688564208379493,0.005228065572519236,0.00512262851916927,0.00012010002037848143,0.10624235403384208
171,"Cfg(cluster_seed=4, surrogate='lgbm', surrogate_seed=0, estimator='tree_int', bg_size=50, bg_seed=2)",lgbm,4,0.8108730158730157,0.8787043418332184,0,4.52772381813647e-08,0.0,0.0,0.1437953825566505,0.0010525113576421176,0.0,0.004344008805520197,0.2659070015385189,0.029172789964410032,0.0,0.0,0.003919674216546266,0.0,0.0007188801949931483,0.007713324810186766,0.007878818590980387,0.0001850237280797207,0.1635414150517366
171,"Cfg(cluster_seed=4, surrogate='lgbm', surrogate_seed=0, estimator='tree_int', bg_size=50, bg_seed=2)",lgbm,4,0.8108730158730157,0.8787043418332184,1,2.9519495785169975e-08,0.0,0.0,0.09397180448576918,0.0006843629366687928,0.0,0.0027918784676801483,0.17325675029586984,0.01953518825084405,0.0,0.0,0.0025462664985665467,0.0,0.00046688564208379493,0.005228065572519236,0.005122628519169271,0.00012010002037848143,0.10624235403384205
172,"Cfg(cluster_seed=4, surrogate='lgbm', surrogate_seed=1, estimator='tree_path', bg_size=50, bg_seed=0)",lgbm,4,0.8108730158730157,0.8787043418332184,0,9.67801925475632e-07,7.472654973438553e-18,0.0,3.288162724515057,0.026818175621934465,0.0,0.11287162018739155,6.529056942123793,0.6877233090585377,0.0,0.0,0.10947149425448638,0.0,0.02556409482876605,0.218664852064731,0.19265156505906827,0.007392637393216723,3.760057050852079
172,"Cfg(cluster_seed=4, surrogate='lgbm', surrogate_seed=1, estimator='tree_path', bg_size=50, bg_seed=0)",lgbm,4,0.8108730158730157,0.8787043418332184,1,2.7180839875083455e-06,5.915407053080912e-17,0.0,2.534011440151521,0.02609873932199817,0.0,0.09397098361876134,4.760394379568791,0.44107048264214993,0.0,0.0,0.0801228070526739,0.0,0.013187324004759518,0.21370898622753143,0.20565012390912338,0.0026220490238938457,2.4908183308890903
173,"Cfg(cluster_seed=4, surrogate='lgbm', surrogate_seed=1, estimator='tree_int', bg_size=50, bg_seed=0)",lgbm,4,0.8108730158730157,0.8787043418332184,0,4.527723818136471e-08,0.0,0.0,0.14379538255665053,0.0010525113576421176,0.0,0.0043440088055201964,0.26590700153851893,0.029172789964410025,0.0,0.0,0.003919674216546266,0.0,0.0007188801949931483,0.007713324810186765,0.007878818590980384,0.0001850237280797208,0.1635414150517366
173,"Cfg(cluster_seed=4, surrogate='lgbm', surrogate_seed=1, estimator='tree_int', bg_size=50, bg_seed=0)",lgbm,4,0.8108730158730157,0.8787043418332184,1,2.9519495785169975e-08,0.0,0.0,0.09397180448576917,0.0006843629366687929,0.0,0.0027918784676801483,0.17325675029586982,0.01953518825084405,0.0,0.0,0.0025462664985665467,0.0,0.0004668856420837949,0.005228065572519236,0.005122628519169271,0.00012010002037848143,0.10624235403384205
174,"Cfg(cluster_seed=4, surrogate='lgbm', surrogate_seed=1, estimator='tree_int', bg_size=50, bg_seed=1)",lgbm,4,0.8108730158730157,0.8787043418332184,0,4.52772381813647e-08,0.0,0.0,0.14379538255665053,0.0010525113576421174,0.0,0.004344008805520197,0.2659070015385189,0.02917278996441003,0.0,0.0,0.003919674216546265,0.0,0.0007188801949931483,0.007713324810186765,0.007878818590980384,0.0001850237280797208,0.1635414150517366
174,"Cfg(cluster_seed=4, surrogate='lgbm', surrogate_seed=1, estimator='tree_int', bg_size=50, bg_seed=1)",lgbm,4,0.8108730158730157,0.8787043418332184,1,2.951949578516997e-08,0.0,0.0,0.09397180448576917,0.0006843629366687929,0.0,0.0027918784676801483,0.17325675029586982,0.01953518825084405,0.0,0.0,0.0025462664985665467,0.0,0.00046688564208379493,0.005228065572519236,0.00512262851916927,0.00012010002037848143,0.10624235403384208
175,"Cfg(cluster_seed=4, surrogate='lgbm', surrogate_seed=1, estimator='tree_int', bg_size=50, bg_seed=2)",lgbm,4,0.8108730158730157,0.8787043418332184,0,4.52772381813647e-08,0.0,0.0,0.1437953825566505,0.0010525113576421176,0.0,0.004344008805520197,0.2659070015385189,0.029172789964410032,0.0,0.0,0.003919674216546266,0.0,0.0007188801949931483,0.007713324810186766,0.007878818590980387,0.0001850237280797207,0.1635414150517366
175,"Cfg(cluster_seed=4, surrogate='lgbm', surrogate_seed=1, estimator='tree_int', bg_size=50, bg_seed=2)",lgbm,4,0.8108730158730157,0.8787043418332184,1,2.9519495785169975e-08,0.0,0.0,0.09397180448576918,0.0006843629366687928,0.0,0.0027918784676801483,0.17325675029586984,0.01953518825084405,0.0,0.0,0.0025462664985665467,0.0,0.00046688564208379493,0.005228065572519236,0.005122628519169271,0.00012010002037848143,0.10624235403384205
176,"Cfg(cluster_seed=4, surrogate='lgbm', surrogate_seed=2, estimator='tree_path', bg_size=50, bg_seed=0)",lgbm,4,0.8108730158730157,0.8787043418332184,0,9.67801925475632e-07,7.472654973438553e-18,0.0,3.288162724515057,0.026818175621934465,0.0,0.11287162018739155,6.529056942123793,0.6877233090585377,0.0,0.0,0.10947149425448638,0.0,0.02556409482876605,0.218664852064731,0.19265156505906827,0.007392637393216723,3.760057050852079
176,"Cfg(cluster_seed=4, surrogate='lgbm', surrogate_seed=2, estimator='tree_path', bg_size=50, bg_seed=0)",lgbm,4,0.8108730158730157,0.8787043418332184,1,2.7180839875083455e-06,5.915407053080912e-17,0.0,2.534011440151521,0.02609873932199817,0.0,0.09397098361876134,4.760394379568791,0.44107048264214993,0.0,0.0,0.0801228070526739,0.0,0.013187324004759518,0.21370898622753143,0.20565012390912338,0.0026220490238938457,2.4908183308890903
177,"Cfg(cluster_seed=4, surrogate='lgbm', surrogate_seed=2, estimator='tree_int', bg_size=50, bg_seed=0)",lgbm,4,0.8108730158730157,0.8787043418332184,0,4.527723818136471e-08,0.0,0.0,0.14379538255665053,0.0010525113576421176,0.0,0.0043440088055201964,0.26590700153851893,0.029172789964410025,0.0,0.0,0.003919674216546266,0.0,0.0007188801949931483,0.007713324810186765,0.007878818590980384,0.0001850237280797208,0.1635414150517366
177,"Cfg(cluster_seed=4, surrogate='lgbm', surrogate_seed=2, estimator='tree_int', bg_size=50, bg_seed=0)",lgbm,4,0.8108730158730157,0.8787043418332184,1,2.9519495785169975e-08,0.0,0.0,0.09397180448576917,0.0006843629366687929,0.0,0.0027918784676801483,0.17325675029586982,0.01953518825084405,0.0,0.0,0.0025462664985665467,0.0,0.0004668856420837949,0.005228065572519236,0.005122628519169271,0.00012010002037848143,0.10624235403384205
178,"Cfg(cluster_seed=4, surrogate='lgbm', surrogate_seed=2, estimator='tree_int', bg_size=50, bg_seed=1)",lgbm,4,0.8108730158730157,0.8787043418332184,0,4.52772381813647e-08,0.0,0.0,0.14379538255665053,0.0010525113576421174,0.0,0.004344008805520197,0.2659070015385189,0.02917278996441003,0.0,0.0,0.003919674216546265,0.0,0.0007188801949931483,0.007713324810186765,0.007878818590980384,0.0001850237280797208,0.1635414150517366
178,"Cfg(cluster_seed=4, surrogate='lgbm', surrogate_seed=2, estimator='tree_int', bg_size=50, bg_seed=1)",lgbm,4,0.8108730158730157,0.8787043418332184,1,2.951949578516997e-08,0.0,0.0,0.09397180448576917,0.0006843629366687929,0.0,0.0027918784676801483,0.17325675029586982,0.01953518825084405,0.0,0.0,0.0025462664985665467,0.0,0.00046688564208379493,0.005228065572519236,0.00512262851916927,0.00012010002037848143,0.10624235403384208
179,"Cfg(cluster_seed=4, surrogate='lgbm', surrogate_seed=2, estimator='tree_int', bg_size=50, bg_seed=2)",lgbm,4,0.8108730158730157,0.8787043418332184,0,4.52772381813647e-08,0.0,0.0,0.1437953825566505,0.0010525113576421176,0.0,0.004344008805520197,0.2659070015385189,0.029172789964410032,0.0,0.0,0.003919674216546266,0.0,0.0007188801949931483,0.007713324810186766,0.007878818590980387,0.0001850237280797207,0.1635414150517366
179,"Cfg(cluster_seed=4, surrogate='lgbm', surrogate_seed=2, estimator='tree_int', bg_size=50, bg_seed=2)",lgbm,4,0.8108730158730157,0.8787043418332184,1,2.9519495785169975e-08,0.0,0.0,0.09397180448576918,0.0006843629366687928,0.0,0.0027918784676801483,0.17325675029586984,0.01953518825084405,0.0,0.0,0.0025462664985665467,0.0,0.00046688564208379493,0.005228065572519236,0.005122628519169271,0.00012010002037848143,0.10624235403384205
