run,cfg,surrogate,cluster_seed,fidelity,ari_to_ref,cluster,alcohol,malic_acid,ash,alcalinity_of_ash,magnesium,total_phenols,flavanoids,nonflavanoid_phenols,proanthocyanins,color_intensity,hue,od280/od315_of_diluted_wines,proline
0,"Cfg(cluster_seed=0, surrogate='dt', surrogate_seed=0, estimator='tree_path', bg_size=50, bg_seed=0)",dt,0,0.9317549085764452,1.0,0,0.0,0.0,0.02535192328755005,0.0,0.0,0.0,0.06487137512627494,0.008264140712491562,0.0,0.13761646592705973,0.06598603630838122,0.17910545925077784,0.2133828765604866
0,"Cfg(cluster_seed=0, surrogate='dt', surrogate_seed=0, estimator='tree_path', bg_size=50, bg_seed=0)",dt,0,0.9317549085764452,1.0,1,0.0,0.0,0.0021991350579887237,0.0,0.0,0.0,0.2802099290465126,0.0,0.0,0.032685268211501195,0.06109998739797182,0.2910095876446162,0.12107443442270176
0,"Cfg(cluster_seed=0, surrogate='dt', surrogate_seed=0, estimator='tree_path', bg_size=50, bg_seed=0)",dt,0,0.9317549085764452,1.0,2,0.0,0.0,0.029955217708868248,0.0,0.0,0.0,0.07934857387332837,0.00727447039224332,0.0,0.0,0.0,0.012610135966357414,0.5467761991926999
1,"Cfg(cluster_seed=0, surrogate='dt', surrogate_seed=0, estimator='tree_int', bg_size=50, bg_seed=0)",dt,0,0.9317549085764452,1.0,0,0.0,0.0,0.029216623397973866,0.0,0.0,0.0,0.17055614675008315,0.014743589832232555,0.0,0.051333334276309414,0.0386666674201305,0.08417064672020771,0.21276127888606144
1,"Cfg(cluster_seed=0, surrogate='dt', surrogate_seed=0, estimator='tree_int', bg_size=50, bg_seed=0)",dt,0,0.9317549085764452,1.0,1,0.0,0.0,0.0035294118582033644,0.0,0.0,0.0,0.1921568650766914,0.0,0.0,0.09816993233619949,0.14816993734123668,0.2634640558210075,0.09588235496305952
1,"Cfg(cluster_seed=0, surrogate='dt', surrogate_seed=0, estimator='tree_int', bg_size=50, bg_seed=0)",dt,0,0.9317549085764452,1.0,2,0.0,0.0,0.03903040479748478,0.0,0.0,0.0,0.23837041156666874,0.00973118303283569,0.0,0.0,0.0,0.005957545401648649,0.38962458340391065
2,"Cfg(cluster_seed=0, surrogate='dt', surrogate_seed=0, estimator='tree_int', bg_size=50, bg_seed=1)",dt,0,0.9317549085764452,1.0,0,0.0,0.0,0.030069850419576365,0.0,0.0,0.0,0.14091335261785068,0.006820512911448112,0.0,0.0604358984117325,0.04910256497905804,0.11319894025417467,0.19723961681586036
2,"Cfg(cluster_seed=0, surrogate='dt', surrogate_seed=0, estimator='tree_int', bg_size=50, bg_seed=1)",dt,0,0.9317549085764452,1.0,1,0.0,0.0,0.002581699417502272,0.0,0.0,0.0,0.19519608068407748,0.0,0.0,0.06944444270402785,0.12911764940794787,0.29751634212101224,0.09640523045670757
2,"Cfg(cluster_seed=0, surrogate='dt', surrogate_seed=0, estimator='tree_int', bg_size=50, bg_seed=1)",dt,0,0.9317549085764452,1.0,2,0.0,0.0,0.03772710486765826,0.0,0.0,0.0,0.2201334816451758,0.0008602150649793687,0.0,0.0,0.0,0.006889135998583619,0.42990174698252864
3,"Cfg(cluster_seed=0, surrogate='dt', surrogate_seed=0, estimator='tree_int', bg_size=50, bg_seed=2)",dt,0,0.9317549085764452,1.0,0,0.0,0.0,0.011755526570173407,0.0,0.0,0.0,0.15083952431953881,0.014128205216847938,0.0,0.06382051388575481,0.05951282150928791,0.13502431529072617,0.2040075214184247
3,"Cfg(cluster_seed=0, surrogate='dt', surrogate_seed=0, estimator='tree_int', bg_size=50, bg_seed=2)",dt,0,0.9317549085764452,1.0,1,0.0,0.0,0.0017973856686377058,0.0,0.0,0.0,0.18022876030966337,0.0,0.0,0.0794117627073737,0.13019608089444676,0.2466339900972796,0.09199346632349724
3,"Cfg(cluster_seed=0, surrogate='dt', surrogate_seed=0, estimator='tree_int', bg_size=50, bg_seed=2)",dt,0,0.9317549085764452,1.0,2,0.0,0.0,0.03016221775643286,0.0,0.0,0.0,0.2677187615858329,0.008924731400705162,0.0,0.0,0.0,0.007392473052285858,0.3898414930124433
4,"Cfg(cluster_seed=0, surrogate='dt', surrogate_seed=1, estimator='tree_path', bg_size=50, bg_seed=0)",dt,0,0.9192016593565293,1.0,0,0.0,0.041682952996469604,0.016842664732985235,0.0,0.0,0.010320827700313022,0.06014868365306459,0.0,0.0,0.13107122609530306,0.0,0.19703085522399102,0.22245253806697834
4,"Cfg(cluster_seed=0, surrogate='dt', surrogate_seed=1, estimator='tree_path', bg_size=50, bg_seed=0)",dt,0,0.9192016593565293,1.0,1,0.0,0.03515147604125222,0.0021991350579887237,0.0,0.0,0.0,0.2834595434990352,0.0,0.0,0.06415352016570039,0.0,0.2841935799827646,0.10937260204372212
4,"Cfg(cluster_seed=0, surrogate='dt', surrogate_seed=1, estimator='tree_path', bg_size=50, bg_seed=0)",dt,0,0.9192016593565293,1.0,2,0.0,0.0,0.02989200815421427,0.0,0.0,0.007310642333923919,0.07934857387332837,0.0,0.0,0.0,0.0,0.012592232682091259,0.5468394087473538
5,"Cfg(cluster_seed=0, surrogate='dt', surrogate_seed=1, estimator='tree_int', bg_size=50, bg_seed=0)",dt,0,0.9192016593565293,1.0,0,0.0,0.018307692688245045,0.01819805573958616,0.0,0.0,0.012846153919513416,0.14583819842797052,0.0,0.0,0.10805128280016094,0.0,0.06991423797148924,0.22373563577578612
5,"Cfg(cluster_seed=0, surrogate='dt', surrogate_seed=1, estimator='tree_int', bg_size=50, bg_seed=0)",dt,0,0.9192016593565293,1.0,1,0.0,0.06058823629337194,0.0035294118582033644,0.0,0.0,0.0,0.23176470800357707,0.0,0.0,0.20124182938360713,0.0,0.22921568663681274,0.06633986962192197
5,"Cfg(cluster_seed=0, surrogate='dt', surrogate_seed=1, estimator='tree_int', bg_size=50, bg_seed=0)",dt,0,0.9192016593565293,1.0,2,0.0,0.0,0.03327771642665948,0.0,0.0,0.014946236865174382,0.23837041156666874,0.0,0.0,0.0,0.0,0.005151093889688777,0.3909686694125978
6,"Cfg(cluster_seed=0, surrogate='dt', surrogate_seed=1, estimator='tree_int', bg_size=50, bg_seed=1)",dt,0,0.9192016593565293,1.0,0,0.0,0.023794872196821044,0.020351901632088887,0.0,0.0,0.010692307802347034,0.12460566065403136,0.0,0.0,0.11230769311923233,0.0,0.1029938142712301,0.21082935921045456
6,"Cfg(cluster_seed=0, surrogate='dt', surrogate_seed=1, estimator='tree_int', bg_size=50, bg_seed=1)",dt,0,0.9192016593565293,1.0,1,0.0,0.07254902070059498,0.002581699417502272,0.0,0.0,0.0,0.22088235504779147,0.0,0.0,0.14418300442251486,0.0,0.2863071925850474,0.060294117536030555
6,"Cfg(cluster_seed=0, surrogate='dt', surrogate_seed=1, estimator='tree_int', bg_size=50, bg_seed=1)",dt,0,0.9192016593565293,1.0,2,0.0,0.0,0.031167964930495867,0.0,0.0,0.007688172166385959,0.2201334816451758,0.0,0.0,0.0,0.0,0.005222469469712633,0.43151465028524433
7,"Cfg(cluster_seed=0, surrogate='dt', surrogate_seed=1, estimator='tree_int', bg_size=50, bg_seed=2)",dt,0,0.9192016593565293,1.0,0,0.0,0.028461538851261122,0.00605172425050002,0.0,0.0,0.007538461602651158,0.1348395246634117,0.0,0.0,0.1270769239664079,0.0,0.11933201092481617,0.21569982766188112
7,"Cfg(cluster_seed=0, surrogate='dt', surrogate_seed=1, estimator='tree_int', bg_size=50, bg_seed=2)",dt,0,0.9192016593565293,1.0,1,0.0,0.06529411873981057,0.0017973856686377058,0.0,0.0,0.0,0.2042156883226891,0.0,0.0,0.15967320121970816,0.0,0.23029411945857234,0.0631045755159621
7,"Cfg(cluster_seed=0, surrogate='dt', surrogate_seed=1, estimator='tree_int', bg_size=50, bg_seed=2)",dt,0,0.9192016593565293,1.0,2,0.0,0.0,0.02527530624350952,0.0,0.0,0.01365591427010874,0.2677187615858329,0.0,0.0,0.0,0.0,0.006424731203324855,0.3910780521458192
8,"Cfg(cluster_seed=0, surrogate='dt', surrogate_seed=2, estimator='tree_path', bg_size=50, bg_seed=0)",dt,0,0.9149872998995805,1.0,0,0.0,0.0,0.021366724159183115,0.0,0.0,0.0,0.06147177846825129,0.0,0.0,0.1720195204919457,0.0,0.19849489768114711,0.2173389905830067
8,"Cfg(cluster_seed=0, surrogate='dt', surrogate_seed=2, estimator='tree_path', bg_size=50, bg_seed=0)",dt,0,0.9149872998995805,1.0,1,0.0,0.0,0.0021991350579887237,0.0,0.0,0.0,0.28995877240408036,0.0,0.0,0.09473350468899698,0.0,0.2841935799827646,0.09373039010276595
8,"Cfg(cluster_seed=0, surrogate='dt', surrogate_seed=2, estimator='tree_path', bg_size=50, bg_seed=0)",dt,0,0.9149872998995805,1.0,2,0.0,0.0,0.030670121659809063,0.0,0.0,0.0,0.07934857387332837,0.0,0.0,0.0,0.0,0.01914554762512033,0.5465044149682504
9,"Cfg(cluster_seed=0, surrogate='dt', surrogate_seed=2, estimator='tree_int', bg_size=50, bg_seed=0)",dt,0,0.9149872998995805,1.0,0,0.0,0.0,0.02442175164589515,0.0,0.0,0.0,0.10870999349539097,0.0,0.0,0.14051282198154003,0.0,0.0697860328646806,0.23888947883019068
9,"Cfg(cluster_seed=0, surrogate='dt', surrogate_seed=2, estimator='tree_int', bg_size=50, bg_seed=0)",dt,0,0.9149872998995805,1.0,1,0.0,0.0,0.0035294118582033644,0.0,0.0,0.0,0.30784313861645934,0.0,0.0,0.22705882312620385,0.0,0.22921568663681274,0.0336601329141972
9,"Cfg(cluster_seed=0, surrogate='dt', surrogate_seed=2, estimator='tree_int', bg_size=50, bg_seed=0)",dt,0,0.9149872998995805,1.0,2,0.0,0.0,0.03774008211529541,0.0,0.0,0.0,0.23837041156666874,0.0,0.0,0.0,0.0,0.01607804977875806,0.3902697447134605
10,"Cfg(cluster_seed=0, surrogate='dt', surrogate_seed=2, estimator='tree_int', bg_size=50, bg_seed=1)",dt,0,0.9149872998995805,1.0,0,0.0,0.0,0.02571087607512108,0.0,0.0,0.0,0.07906719936315831,0.0,0.0,0.15374359138195326,0.0,0.11004509635155028,0.22936781719556212
10,"Cfg(cluster_seed=0, surrogate='dt', surrogate_seed=2, estimator='tree_int', bg_size=50, bg_seed=1)",dt,0,0.9149872998995805,1.0,1,0.0,0.0,0.002581699417502272,0.0,0.0,0.0,0.31107843259093804,0.0,0.0,0.16967320071715938,0.0,0.2863071925850474,0.03232026333318034
10,"Cfg(cluster_seed=0, surrogate='dt', surrogate_seed=2, estimator='tree_int', bg_size=50, bg_seed=1)",dt,0,0.9149872998995805,1.0,2,0.0,0.0,0.03536151338969503,0.0,0.0,0.0,0.2201334816451758,0.0,0.0,0.0,0.0,0.00982573226094247,0.4306544351673899
11,"Cfg(cluster_seed=0, surrogate='dt', surrogate_seed=2, estimator='tree_int', bg_size=50, bg_seed=2)",dt,0,0.9149872998995805,1.0,0,0.0,0.0,0.00900486328968635,0.0,0.0,0.0,0.08919849925774792,0.0,0.0,0.1754358991705454,0.0,0.11687047251829737,0.23467418297895998
11,"Cfg(cluster_seed=0, surrogate='dt', surrogate_seed=2, estimator='tree_int', bg_size=50, bg_seed=2)",dt,0,0.9149872998995805,1.0,1,0.0,0.0,0.0017973856686377058,0.0,0.0,0.0,0.29480392270520617,0.0,0.0,0.17712418180470357,0.0,0.23029411945857234,0.03349673380454381
11,"Cfg(cluster_seed=0, surrogate='dt', surrogate_seed=2, estimator='tree_int', bg_size=50, bg_seed=2)",dt,0,0.9149872998995805,1.0,2,0.0,0.0,0.029389136482270484,0.0,0.0,0.0,0.2677187615858329,0.0,0.0,0.0,0.0,0.016209677500770448,0.3902178370856466
12,"Cfg(cluster_seed=0, surrogate='rf', surrogate_seed=0, estimator='tree_path', bg_size=50, bg_seed=0)",rf,0,0.9835340702854314,1.0,0,0.10133158775544765,0.028656774623873133,0.008968742995300911,0.00831571857619086,0.030478507897990077,0.012266332647422535,0.05319189829331768,0.0031503895780252604,0.008276508496097313,0.152933572887701,0.04255732259913173,0.06179392417680022,0.13026322611629426
12,"Cfg(cluster_seed=0, surrogate='rf', surrogate_seed=0, estimator='tree_path', bg_size=50, bg_seed=0)",rf,0,0.9835340702854314,1.0,1,0.029481754527302135,0.02457822533765529,0.0030926453356847363,0.008855691163466984,0.002604270921152812,0.057445046882687346,0.14793229476773959,0.01210805582177406,0.01931628105622048,0.09569517320069676,0.08250981388652119,0.17548258667210265,0.050258831852293226
12,"Cfg(cluster_seed=0, surrogate='rf', surrogate_seed=0, estimator='tree_path', bg_size=50, bg_seed=0)",rf,0,0.9835340702854314,1.0,2,0.07628563534803799,0.009113979230698165,0.005479760066930607,0.012587197350766952,0.025371310781264148,0.05455018070953123,0.09745860121668627,0.006245146424220293,0.00739760802649659,0.06456614378899271,0.022331112341572184,0.07009838095436864,0.19847312303129222
13,"Cfg(cluster_seed=0, surrogate='rf', surrogate_seed=0, estimator='tree_int', bg_size=50, bg_seed=0)",rf,0,0.9835340702854314,1.0,0,0.090929369721893,0.024225893134976594,0.00831682315744603,0.005813304167787674,0.0268475855047134,0.013934891692989579,0.05158347868993028,0.0037909060775732197,0.0057053920747018256,0.1358551535169603,0.026718877327498593,0.04755482166737783,0.12022957800452928
13,"Cfg(cluster_seed=0, surrogate='rf', surrogate_seed=0, estimator='tree_int', bg_size=50, bg_seed=0)",rf,0,0.9835340702854314,1.0,1,0.027911852528609327,0.0216932467100788,0.0022899658204187288,0.007860261629554288,0.0028266449485375897,0.04747998556626294,0.16354338711531238,0.009366722917041567,0.01887787470713317,0.11449643290106622,0.10569725431782061,0.19628932624322937,0.029513530121055054
13,"Cfg(cluster_seed=0, surrogate='rf', surrogate_seed=0, estimator='tree_int', bg_size=50, bg_seed=0)",rf,0,0.9835340702854314,1.0,2,0.07152402889297056,0.010406124162274804,0.004576323718642778,0.01090778572105269,0.033927166728629554,0.049588795382794836,0.09289515330907305,0.006586935643999528,0.007442544983679262,0.06151412593182966,0.01768949096836995,0.056994422781492415,0.21518453149374234
14,"Cfg(cluster_seed=0, surrogate='rf', surrogate_seed=0, estimator='tree_int', bg_size=50, bg_seed=1)",rf,0,0.9835340702854314,1.0,0,0.09369120129505888,0.02441560498333106,0.008428703501825046,0.007094735208936283,0.029212154544612325,0.013143138326211981,0.04403046996685308,0.003492950023384764,0.00530419060036925,0.1488089682440779,0.03436195932220793,0.05073784737987893,0.11407762181489278
14,"Cfg(cluster_seed=0, surrogate='rf', surrogate_seed=0, estimator='tree_int', bg_size=50, bg_seed=1)",rf,0,0.9835340702854314,1.0,1,0.023297112301133543,0.02118906368922634,0.002946732098684794,0.009225057804134993,0.0023753377504694717,0.04958305440976642,0.18341972435301274,0.011288814465692224,0.018732944732211196,0.09506202533181447,0.08851280635467038,0.19812264095342294,0.029422929433408983
14,"Cfg(cluster_seed=0, surrogate='rf', surrogate_seed=0, estimator='tree_int', bg_size=50, bg_seed=1)",rf,0,0.9835340702854314,1.0,2,0.07347876524118024,0.009104449783668731,0.00628487983026477,0.010750637741452186,0.03695901523579866,0.04838396688628917,0.08429507117205387,0.004666899755595237,0.006947020137314769,0.05438984005213922,0.02293092478491505,0.06153271782911863,0.22301772166012068
15,"Cfg(cluster_seed=0, surrogate='rf', surrogate_seed=0, estimator='tree_int', bg_size=50, bg_seed=2)",rf,0,0.9835340702854314,1.0,0,0.08961765784853866,0.02410891143902419,0.008409331096430276,0.00666602458023352,0.026747751552159357,0.01167950702675443,0.05207374975097461,0.003906556871464438,0.005710681454103904,0.15308075589609846,0.03701147830461223,0.05548059229941842,0.11628513102357776
15,"Cfg(cluster_seed=0, surrogate='rf', surrogate_seed=0, estimator='tree_int', bg_size=50, bg_seed=2)",rf,0,0.9835340702854314,1.0,1,0.024520971653743312,0.020161055574517733,0.0026211703104276896,0.008591413220505379,0.0021817865477493665,0.04730901762026725,0.1558363187625233,0.009959838399110025,0.016336349593606716,0.09479402968993837,0.08702477330860098,0.18431522700206943,0.028692353631854264
15,"Cfg(cluster_seed=0, surrogate='rf', surrogate_seed=0, estimator='tree_int', bg_size=50, bg_seed=2)",rf,0,0.9835340702854314,1.0,2,0.07348430031218618,0.012266536393351174,0.0061245828438193485,0.010485438039375424,0.031957509737065626,0.05075245130850815,0.10566642601516628,0.006882294076738972,0.008218190165155851,0.05371842424713373,0.026806913099834705,0.0699877384989316,0.21524849463193196
16,"Cfg(cluster_seed=0, surrogate='rf', surrogate_seed=1, estimator='tree_path', bg_size=50, bg_seed=0)",rf,0,0.9782007369520981,1.0,0,0.10235267462520145,0.026378171567287466,0.009421437199002363,0.0081998115551784,0.03468761616488815,0.011439577106589527,0.05515870097083982,0.0027792640860119637,0.007682399608240071,0.1427657256257692,0.04206002073751444,0.06693903670524688,0.13152837762755648
16,"Cfg(cluster_seed=0, surrogate='rf', surrogate_seed=1, estimator='tree_path', bg_size=50, bg_seed=0)",rf,0,0.9782007369520981,1.0,1,0.025013764881164108,0.025322891907094473,0.003449994401415741,0.007312116460091056,0.003123786106432634,0.04346750896852802,0.16589288270324712,0.008142764540376483,0.020735245057448903,0.08924737552823855,0.0819324214596711,0.17934424623581902,0.051055631653273835
16,"Cfg(cluster_seed=0, surrogate='rf', surrogate_seed=1, estimator='tree_path', bg_size=50, bg_seed=0)",rf,0,0.9782007369520981,1.0,2,0.0751433254402188,0.01015377261553409,0.005073439705814812,0.010106019863999656,0.02725543815071887,0.03869798981760741,0.10514107987906228,0.004550058240230223,0.009576464847102211,0.057750019325842415,0.025111964206660845,0.07503833089880978,0.2010960206294667
17,"Cfg(cluster_seed=0, surrogate='rf', surrogate_seed=1, estimator='tree_int', bg_size=50, bg_seed=0)",rf,0,0.9782007369520981,1.0,0,0.08919939899237941,0.02202454022510211,0.008982820734641376,0.005583370102636626,0.03068182247095347,0.012098054022956954,0.054260169874527496,0.0036446228021036068,0.0055376484936792755,0.13531193248154605,0.026061187452994294,0.051211383440339264,0.11516021035492978
17,"Cfg(cluster_seed=0, surrogate='rf', surrogate_seed=1, estimator='tree_int', bg_size=50, bg_seed=0)",rf,0,0.9782007369520981,1.0,1,0.025655076873332364,0.023582985318829675,0.0026466044830101283,0.0066530938409599845,0.0028198911384770668,0.03956588331545479,0.16653218266927391,0.0063413509192326405,0.017327102803164067,0.11000747854907908,0.10216054707823502,0.20632542983971208,0.035155556392239634
17,"Cfg(cluster_seed=0, surrogate='rf', surrogate_seed=1, estimator='tree_int', bg_size=50, bg_seed=0)",rf,0,0.9782007369520981,1.0,2,0.075239574290214,0.011471400690856937,0.0043730851020401095,0.009794383234102208,0.036414657843985974,0.03570462964957246,0.10259755241819751,0.0042597850422351905,0.008290376549513541,0.05824682168978759,0.01705811102931611,0.06195363441106654,0.21288728364077664
18,"Cfg(cluster_seed=0, surrogate='rf', surrogate_seed=1, estimator='tree_int', bg_size=50, bg_seed=1)",rf,0,0.9782007369520981,1.0,0,0.09241211946061396,0.022389365631867025,0.008853961146670022,0.006606674154866666,0.03236846964357671,0.011277992953893356,0.04519808173179627,0.002960100195912395,0.004639316357600575,0.14777907319383382,0.034005351263789084,0.05622189392757046,0.1102253482101906
18,"Cfg(cluster_seed=0, surrogate='rf', surrogate_seed=1, estimator='tree_int', bg_size=50, bg_seed=1)",rf,0,0.9782007369520981,1.0,1,0.02017945582051099,0.023606558302234782,0.0036533209724139487,0.007610849854907286,0.002763233808566606,0.04047288613841875,0.18459476324076787,0.007754880365842551,0.01800488993789722,0.09454764312695012,0.08723687415481882,0.20632148648472387,0.033483682714451755
18,"Cfg(cluster_seed=0, surrogate='rf', surrogate_seed=1, estimator='tree_int', bg_size=50, bg_seed=1)",rf,0,0.9782007369520981,1.0,2,0.07650688358911505,0.010466080647304133,0.006210604353048349,0.009688305409292823,0.039840702470404894,0.034885200558068576,0.09126239341388073,0.002929833656987958,0.008057632052828747,0.05033245387384782,0.021817798799002634,0.06797428995870798,0.22247412467454264
19,"Cfg(cluster_seed=0, surrogate='rf', surrogate_seed=1, estimator='tree_int', bg_size=50, bg_seed=2)",rf,0,0.9782007369520981,1.0,0,0.08742053691284339,0.022550503607964713,0.009028483740101087,0.0064066570567352195,0.02994168325287486,0.010764115044792837,0.05370679744379149,0.004019470186094204,0.005387333476445815,0.15157530528732666,0.03631020358466105,0.061003872058466246,0.1098580002209055
19,"Cfg(cluster_seed=0, surrogate='rf', surrogate_seed=1, estimator='tree_int', bg_size=50, bg_seed=2)",rf,0,0.9782007369520981,1.0,1,0.02261675436069103,0.021518388318363568,0.0030712792537102066,0.007382614555130665,0.0022301152149585128,0.03707545686487505,0.15750354254432822,0.006520109093370252,0.01535251514117037,0.09220084880149479,0.08603354077864246,0.1927730983538512,0.03464102479634925
19,"Cfg(cluster_seed=0, surrogate='rf', surrogate_seed=1, estimator='tree_int', bg_size=50, bg_seed=2)",rf,0,0.9782007369520981,1.0,2,0.07693989946401768,0.01277764496020785,0.005559544425899906,0.00937362285304604,0.03429888205337956,0.03733839568154978,0.11611818510471725,0.004422555147725246,0.00931021272269948,0.05082781997645078,0.025201290941289298,0.07701703977506823,0.21243150790800783
20,"Cfg(cluster_seed=0, surrogate='rf', surrogate_seed=2, estimator='tree_path', bg_size=50, bg_seed=0)",rf,0,0.9835340702854314,1.0,0,0.10909054261208614,0.027729717346561007,0.007958670219826387,0.009793042093087359,0.03489544209312005,0.01432999959913809,0.04883180090206054,0.005349883776583432,0.009564237467926116,0.15212268119442765,0.04475533675387515,0.0603996121364857,0.12060472914721829
20,"Cfg(cluster_seed=0, surrogate='rf', surrogate_seed=2, estimator='tree_path', bg_size=50, bg_seed=0)",rf,0,0.9835340702854314,1.0,1,0.030160644987922595,0.02127576865243158,0.0023843324317533135,0.008226808630754189,0.003115607638385749,0.05821872000935002,0.1354861529664142,0.011484189853920516,0.023015182494032272,0.0882348616963095,0.09106756125131937,0.19115528207830199,0.041412008254998287
20,"Cfg(cluster_seed=0, surrogate='rf', surrogate_seed=2, estimator='tree_path', bg_size=50, bg_seed=0)",rf,0,0.9835340702854314,1.0,2,0.08359107910059621,0.01186782963446548,0.005251822952424918,0.013134307351552885,0.02307852762539096,0.05780667400860825,0.08777782353263051,0.005399397700470845,0.008832464912571896,0.06209979390816495,0.028175229652739987,0.08678537094823617,0.1749424065264206
21,"Cfg(cluster_seed=0, surrogate='rf', surrogate_seed=2, estimator='tree_int', bg_size=50, bg_seed=0)",rf,0,0.9835340702854314,1.0,0,0.09420075440788284,0.024321333926045692,0.007342102744101652,0.005937042882746588,0.03152871870979791,0.015874256808955503,0.043700377162868294,0.005821128349119903,0.007560359158678557,0.14106752483818966,0.03055812040433878,0.04529536863442404,0.10738017353302655
21,"Cfg(cluster_seed=0, surrogate='rf', surrogate_seed=2, estimator='tree_int', bg_size=50, bg_seed=0)",rf,0,0.9835340702854314,1.0,1,0.029356309453151864,0.0213936513129624,0.002085446674227212,0.008677202201796911,0.003809978304899927,0.04796449229053513,0.14069920043064413,0.009570065589996016,0.023360697735556372,0.11372330497432295,0.11224709889112712,0.2061758157783084,0.028120906368986818
21,"Cfg(cluster_seed=0, surrogate='rf', surrogate_seed=2, estimator='tree_int', bg_size=50, bg_seed=0)",rf,0,0.9835340702854314,1.0,2,0.07459192705906917,0.013212283993817702,0.004365448136593313,0.011354219408982433,0.03599591998443489,0.0505284651192027,0.08589574196965492,0.005059856756584674,0.009485412417486636,0.06481480954728706,0.016513579515728537,0.06716191407392127,0.201141128750258
22,"Cfg(cluster_seed=0, surrogate='rf', surrogate_seed=2, estimator='tree_int', bg_size=50, bg_seed=1)",rf,0,0.9835340702854314,1.0,0,0.09548469583390509,0.023949607418160532,0.007383138153657243,0.007479094201309355,0.03299379566941822,0.01397018106255788,0.03796255772274274,0.00500071807258064,0.00684811982264868,0.15402134688623928,0.03868127567609413,0.04990385713460888,0.10346651531727266
22,"Cfg(cluster_seed=0, surrogate='rf', surrogate_seed=2, estimator='tree_int', bg_size=50, bg_seed=1)",rf,0,0.9835340702854314,1.0,1,0.024297134104978316,0.02102262733993805,0.002654117712284228,0.009562256690347994,0.0031049673952271836,0.0499913083997272,0.15844704088842265,0.011282309640208077,0.023506449373882937,0.09583441564695697,0.09577896899794794,0.20724995212094158,0.027945674492745872
22,"Cfg(cluster_seed=0, surrogate='rf', surrogate_seed=2, estimator='tree_int', bg_size=50, bg_seed=1)",rf,0,0.9835340702854314,1.0,2,0.07635009146587463,0.012053620375339845,0.005815896200759697,0.011651075537909842,0.038386252861894336,0.04966198788117898,0.07648775915132233,0.0035178316282643562,0.008921720647809822,0.056089834956548026,0.02184238148929697,0.0738257698503965,0.20945688423788414
23,"Cfg(cluster_seed=0, surrogate='rf', surrogate_seed=2, estimator='tree_int', bg_size=50, bg_seed=2)",rf,0,0.9835340702854314,1.0,0,0.09227672261309297,0.02407959032745566,0.007387523989815518,0.007331470265142761,0.03058665031231402,0.013731968600468603,0.04446246508539369,0.005944940319495241,0.007390068557413403,0.15749128835056378,0.04111870431009894,0.05341164476367033,0.10349907941487169
23,"Cfg(cluster_seed=0, surrogate='rf', surrogate_seed=2, estimator='tree_int', bg_size=50, bg_seed=2)",rf,0,0.9835340702854314,1.0,1,0.026239051364880684,0.019757856064905214,0.0021392593124319854,0.009680993078423033,0.0027716900760780994,0.04606975524277825,0.13450860270949003,0.009722287816511393,0.02068577392774922,0.09432710779809846,0.09462273181893312,0.19297282136486088,0.02800823596305575
23,"Cfg(cluster_seed=0, surrogate='rf', surrogate_seed=2, estimator='tree_int', bg_size=50, bg_seed=2)",rf,0,0.9835340702854314,1.0,2,0.07562494807720802,0.015921254880161165,0.005473763572888622,0.01077965975267768,0.03298019026162012,0.05153368532430193,0.0964170555891507,0.005157258190827691,0.010607491297560046,0.05780173463739629,0.024303487537276416,0.08521809474980992,0.20252148466971948
24,"Cfg(cluster_seed=0, surrogate='lgbm', surrogate_seed=0, estimator='tree_path', bg_size=50, bg_seed=0)",lgbm,0,0.9660637789760596,1.0,0,1.8590078900572564,1.244202065503501,0.26035372675859314,0.08158390849352438,0.3390221697546253,0.003983349106300904,0.05874586773686695,0.03516387551002127,0.04936113411672131,5.222538591174531,0.2742133990023685,0.054146362370870824,0.8815992485029895
24,"Cfg(cluster_seed=0, surrogate='lgbm', surrogate_seed=0, estimator='tree_path', bg_size=50, bg_seed=0)",lgbm,0,0.9660637789760596,1.0,1,0.012125307821896603,0.022439628616450963,0.014700711685091348,0.006898340664452257,0.026334309735722587,0.03620003869283337,3.5060648118599804,0.09316622257380958,0.21375439669243076,0.6550924727399431,0.8775985936803147,4.2874105458597205,0.0035128913262391214
24,"Cfg(cluster_seed=0, surrogate='lgbm', surrogate_seed=0, estimator='tree_path', bg_size=50, bg_seed=0)",lgbm,0,0.9660637789760596,1.0,2,0.0020082375283439454,0.018975600506988852,0.08065510377431663,0.1331165667690374,0.47465742111704506,0.259162069295503,3.610541144258679,0.09226400818109057,0.0011171289209639505,0.054241645728970875,0.00597710795834593,0.06722180218976873,4.319892137560594
25,"Cfg(cluster_seed=0, surrogate='lgbm', surrogate_seed=0, estimator='tree_int', bg_size=50, bg_seed=0)",lgbm,0,0.9660637789760596,1.0,0,0.10383357933900507,0.07008109610966345,0.015440828539042032,0.005801676005739845,0.016750845910761463,0.00018476238129134956,0.006668794587856906,0.0016261070709842364,0.0023717387293268953,0.2766798851279296,0.015503839769087755,0.0022308114316170213,0.06737622371960826
25,"Cfg(cluster_seed=0, surrogate='lgbm', surrogate_seed=0, estimator='tree_int', bg_size=50, bg_seed=0)",lgbm,0,0.9660637789760596,1.0,1,0.0012885795309311762,0.0016264146020473502,0.0013807031254464246,0.0007650361227009328,0.0011364748543692808,0.003493236963875167,0.2575594989806388,0.006791076727122136,0.022791546754756156,0.12766618583462347,0.11392264744539185,0.24231738716575388,0.00048283974220414926
25,"Cfg(cluster_seed=0, surrogate='lgbm', surrogate_seed=0, estimator='tree_int', bg_size=50, bg_seed=0)",lgbm,0,0.9660637789760596,1.0,2,0.0002570632515784652,0.0016880807139772155,0.006230212347721984,0.01698050203758161,0.03758191245079713,0.017469500640812704,0.2695044385901863,0.009657584447527578,0.00015020410562960906,0.0045723542986711,0.00046663631361001554,0.004175198673302763,0.31458840112702596
26,"Cfg(cluster_seed=0, surrogate='lgbm', surrogate_seed=0, estimator='tree_int', bg_size=50, bg_seed=1)",lgbm,0,0.9660637789760596,1.0,0,0.11021581913863894,0.07157084444332718,0.016635161271912422,0.008917772056659678,0.018254882187125974,0.00018648481560928158,0.0030899951482078816,0.0016202270522394124,0.0020800902421299018,0.2972703785199922,0.016463697019462608,0.002374523446530247,0.06388168938693879
26,"Cfg(cluster_seed=0, surrogate='lgbm', surrogate_seed=0, estimator='tree_int', bg_size=50, bg_seed=1)",lgbm,0,0.9660637789760596,1.0,1,0.0008596277309154523,0.0016159220088834652,0.0026821886308901043,0.0009560458618479697,0.0010870522163964665,0.0037094914828511355,0.26539186472264864,0.007435763869339026,0.02101024711983861,0.1059460154954397,0.09472654160562924,0.2569040498433544,0.0004581875164845285
26,"Cfg(cluster_seed=0, surrogate='lgbm', surrogate_seed=0, estimator='tree_int', bg_size=50, bg_seed=1)",lgbm,0,0.9660637789760596,1.0,2,0.0002131735412018965,0.0016067276122440541,0.0056502962181175535,0.018981490914734,0.038480882186931846,0.018436313990561733,0.2278732532653369,0.01138057179978395,0.00017407716905114612,0.004783395957188874,0.00042471969140629707,0.0043836135085793424,0.3550672914345823
27,"Cfg(cluster_seed=0, surrogate='lgbm', surrogate_seed=0, estimator='tree_int', bg_size=50, bg_seed=2)",lgbm,0,0.9660637789760596,1.0,0,0.10172818558905289,0.074177706292651,0.01577270223450386,0.007834108219429732,0.018204823453592492,0.00018399082099174695,0.007666591326214078,0.001864921121501492,0.0022333290668175056,0.3042139688758302,0.01742962762292571,0.002417473553308101,0.0685999726549437
27,"Cfg(cluster_seed=0, surrogate='lgbm', surrogate_seed=0, estimator='tree_int', bg_size=50, bg_seed=2)",lgbm,0,0.9660637789760596,1.0,1,0.0009995858424911416,0.0014077542767179608,0.0022092921270024904,0.0008918054760579025,0.000956959044392646,0.0034014645455354695,0.24184332531773214,0.006656358216803454,0.018546242350673675,0.1064061852843182,0.09065942909594778,0.2284629019161117,0.00045210883541773147
27,"Cfg(cluster_seed=0, surrogate='lgbm', surrogate_seed=0, estimator='tree_int', bg_size=50, bg_seed=2)",lgbm,0,0.9660637789760596,1.0,2,0.0002039197221029681,0.0016211279531351231,0.0062571020326797405,0.019051978526073765,0.03855115790649722,0.01937925254234083,0.28345461073758416,0.010798100302087795,0.00017420811580958916,0.0042322142100528785,0.0004217674238160874,0.004397570980695521,0.33537362446717134
28,"Cfg(cluster_seed=0, surrogate='lgbm', surrogate_seed=1, estimator='tree_path', bg_size=50, bg_seed=0)",lgbm,0,0.9660637789760596,1.0,0,1.8590078900572564,1.244202065503501,0.26035372675859314,0.08158390849352438,0.3390221697546253,0.003983349106300904,0.05874586773686695,0.03516387551002127,0.04936113411672131,5.222538591174531,0.2742133990023685,0.054146362370870824,0.8815992485029895
28,"Cfg(cluster_seed=0, surrogate='lgbm', surrogate_seed=1, estimator='tree_path', bg_size=50, bg_seed=0)",lgbm,0,0.9660637789760596,1.0,1,0.012125307821896603,0.022439628616450963,0.014700711685091348,0.006898340664452257,0.026334309735722587,0.03620003869283337,3.5060648118599804,0.09316622257380958,0.21375439669243076,0.6550924727399431,0.8775985936803147,4.2874105458597205,0.0035128913262391214
28,"Cfg(cluster_seed=0, surrogate='lgbm', surrogate_seed=1, estimator='tree_path', bg_size=50, bg_seed=0)",lgbm,0,0.9660637789760596,1.0,2,0.0020082375283439454,0.018975600506988852,0.08065510377431663,0.1331165667690374,0.47465742111704506,0.259162069295503,3.610541144258679,0.09226400818109057,0.0011171289209639505,0.054241645728970875,0.00597710795834593,0.06722180218976873,4.319892137560594
29,"Cfg(cluster_seed=0, surrogate='lgbm', surrogate_seed=1, estimator='tree_int', bg_size=50, bg_seed=0)",lgbm,0,0.9660637789760596,1.0,0,0.10383357933900507,0.07008109610966345,0.015440828539042032,0.005801676005739845,0.016750845910761463,0.00018476238129134956,0.006668794587856906,0.0016261070709842364,0.0023717387293268953,0.2766798851279296,0.015503839769087755,0.0022308114316170213,0.06737622371960826
29,"Cfg(cluster_seed=0, surrogate='lgbm', surrogate_seed=1, estimator='tree_int', bg_size=50, bg_seed=0)",lgbm,0,0.9660637789760596,1.0,1,0.0012885795309311762,0.0016264146020473502,0.0013807031254464246,0.0007650361227009328,0.0011364748543692808,0.003493236963875167,0.2575594989806388,0.006791076727122136,0.022791546754756156,0.12766618583462347,0.11392264744539185,0.24231738716575388,0.00048283974220414926
29,"Cfg(cluster_seed=0, surrogate='lgbm', surrogate_seed=1, estimator='tree_int', bg_size=50, bg_seed=0)",lgbm,0,0.9660637789760596,1.0,2,0.0002570632515784652,0.0016880807139772155,0.006230212347721984,0.01698050203758161,0.03758191245079713,0.017469500640812704,0.2695044385901863,0.009657584447527578,0.00015020410562960906,0.0045723542986711,0.00046663631361001554,0.004175198673302763,0.31458840112702596
30,"Cfg(cluster_seed=0, surrogate='lgbm', surrogate_seed=1, estimator='tree_int', bg_size=50, bg_seed=1)",lgbm,0,0.9660637789760596,1.0,0,0.11021581913863894,0.07157084444332718,0.016635161271912422,0.008917772056659678,0.018254882187125974,0.00018648481560928158,0.0030899951482078816,0.0016202270522394124,0.0020800902421299018,0.2972703785199922,0.016463697019462608,0.002374523446530247,0.06388168938693879
30,"Cfg(cluster_seed=0, surrogate='lgbm', surrogate_seed=1, estimator='tree_int', bg_size=50, bg_seed=1)",lgbm,0,0.9660637789760596,1.0,1,0.0008596277309154523,0.0016159220088834652,0.0026821886308901043,0.0009560458618479697,0.0010870522163964665,0.0037094914828511355,0.26539186472264864,0.007435763869339026,0.02101024711983861,0.1059460154954397,0.09472654160562924,0.2569040498433544,0.0004581875164845285
30,"Cfg(cluster_seed=0, surrogate='lgbm', surrogate_seed=1, estimator='tree_int', bg_size=50, bg_seed=1)",lgbm,0,0.9660637789760596,1.0,2,0.0002131735412018965,0.0016067276122440541,0.0056502962181175535,0.018981490914734,0.038480882186931846,0.018436313990561733,0.2278732532653369,0.01138057179978395,0.00017407716905114612,0.004783395957188874,0.00042471969140629707,0.0043836135085793424,0.3550672914345823
31,"Cfg(cluster_seed=0, surrogate='lgbm', surrogate_seed=1, estimator='tree_int', bg_size=50, bg_seed=2)",lgbm,0,0.9660637789760596,1.0,0,0.10172818558905289,0.074177706292651,0.01577270223450386,0.007834108219429732,0.018204823453592492,0.00018399082099174695,0.007666591326214078,0.001864921121501492,0.0022333290668175056,0.3042139688758302,0.01742962762292571,0.002417473553308101,0.0685999726549437
31,"Cfg(cluster_seed=0, surrogate='lgbm', surrogate_seed=1, estimator='tree_int', bg_size=50, bg_seed=2)",lgbm,0,0.9660637789760596,1.0,1,0.0009995858424911416,0.0014077542767179608,0.0022092921270024904,0.0008918054760579025,0.000956959044392646,0.0034014645455354695,0.24184332531773214,0.006656358216803454,0.018546242350673675,0.1064061852843182,0.09065942909594778,0.2284629019161117,0.00045210883541773147
31,"Cfg(cluster_seed=0, surrogate='lgbm', surrogate_seed=1, estimator='tree_int', bg_size=50, bg_seed=2)",lgbm,0,0.9660637789760596,1.0,2,0.0002039197221029681,0.0016211279531351231,0.0062571020326797405,0.019051978526073765,0.03855115790649722,0.01937925254234083,0.28345461073758416,0.010798100302087795,0.00017420811580958916,0.0042322142100528785,0.0004217674238160874,0.004397570980695521,0.33537362446717134
32,"Cfg(cluster_seed=0, surrogate='lgbm', surrogate_seed=2, estimator='tree_path', bg_size=50, bg_seed=0)",lgbm,0,0.9660637789760596,1.0,0,1.8590078900572564,1.244202065503501,0.26035372675859314,0.08158390849352438,0.3390221697546253,0.003983349106300904,0.05874586773686695,0.03516387551002127,0.04936113411672131,5.222538591174531,0.2742133990023685,0.054146362370870824,0.8815992485029895
32,"Cfg(cluster_seed=0, surrogate='lgbm', surrogate_seed=2, estimator='tree_path', bg_size=50, bg_seed=0)",lgbm,0,0.9660637789760596,1.0,1,0.012125307821896603,0.022439628616450963,0.014700711685091348,0.006898340664452257,0.026334309735722587,0.03620003869283337,3.5060648118599804,0.09316622257380958,0.21375439669243076,0.6550924727399431,0.8775985936803147,4.2874105458597205,0.0035128913262391214
32,"Cfg(cluster_seed=0, surrogate='lgbm', surrogate_seed=2, estimator='tree_path', bg_size=50, bg_seed=0)",lgbm,0,0.9660637789760596,1.0,2,0.0020082375283439454,0.018975600506988852,0.08065510377431663,0.1331165667690374,0.47465742111704506,0.259162069295503,3.610541144258679,0.09226400818109057,0.0011171289209639505,0.054241645728970875,0.00597710795834593,0.06722180218976873,4.319892137560594
33,"Cfg(cluster_seed=0, surrogate='lgbm', surrogate_seed=2, estimator='tree_int', bg_size=50, bg_seed=0)",lgbm,0,0.9660637789760596,1.0,0,0.10383357933900507,0.07008109610966345,0.015440828539042032,0.005801676005739845,0.016750845910761463,0.00018476238129134956,0.006668794587856906,0.0016261070709842364,0.0023717387293268953,0.2766798851279296,0.015503839769087755,0.0022308114316170213,0.06737622371960826
33,"Cfg(cluster_seed=0, surrogate='lgbm', surrogate_seed=2, estimator='tree_int', bg_size=50, bg_seed=0)",lgbm,0,0.9660637789760596,1.0,1,0.0012885795309311762,0.0016264146020473502,0.0013807031254464246,0.0007650361227009328,0.0011364748543692808,0.003493236963875167,0.2575594989806388,0.006791076727122136,0.022791546754756156,0.12766618583462347,0.11392264744539185,0.24231738716575388,0.00048283974220414926
33,"Cfg(cluster_seed=0, surrogate='lgbm', surrogate_seed=2, estimator='tree_int', bg_size=50, bg_seed=0)",lgbm,0,0.9660637789760596,1.0,2,0.0002570632515784652,0.0016880807139772155,0.006230212347721984,0.01698050203758161,0.03758191245079713,0.017469500640812704,0.2695044385901863,0.009657584447527578,0.00015020410562960906,0.0045723542986711,0.00046663631361001554,0.004175198673302763,0.31458840112702596
34,"Cfg(cluster_seed=0, surrogate='lgbm', surrogate_seed=2, estimator='tree_int', bg_size=50, bg_seed=1)",lgbm,0,0.9660637789760596,1.0,0,0.11021581913863894,0.07157084444332718,0.016635161271912422,0.008917772056659678,0.018254882187125974,0.00018648481560928158,0.0030899951482078816,0.0016202270522394124,0.0020800902421299018,0.2972703785199922,0.016463697019462608,0.002374523446530247,0.06388168938693879
34,"Cfg(cluster_seed=0, surrogate='lgbm', surrogate_seed=2, estimator='tree_int', bg_size=50, bg_seed=1)",lgbm,0,0.9660637789760596,1.0,1,0.0008596277309154523,0.0016159220088834652,0.0026821886308901043,0.0009560458618479697,0.0010870522163964665,0.0037094914828511355,0.26539186472264864,0.007435763869339026,0.02101024711983861,0.1059460154954397,0.09472654160562924,0.2569040498433544,0.0004581875164845285
34,"Cfg(cluster_seed=0, surrogate='lgbm', surrogate_seed=2, estimator='tree_int', bg_size=50, bg_seed=1)",lgbm,0,0.9660637789760596,1.0,2,0.0002131735412018965,0.0016067276122440541,0.0056502962181175535,0.018981490914734,0.038480882186931846,0.018436313990561733,0.2278732532653369,0.01138057179978395,0.00017407716905114612,0.004783395957188874,0.00042471969140629707,0.0043836135085793424,0.3550672914345823
35,"Cfg(cluster_seed=0, surrogate='lgbm', surrogate_seed=2, estimator='tree_int', bg_size=50, bg_seed=2)",lgbm,0,0.9660637789760596,1.0,0,0.10172818558905289,0.074177706292651,0.01577270223450386,0.007834108219429732,0.018204823453592492,0.00018399082099174695,0.007666591326214078,0.001864921121501492,0.0022333290668175056,0.3042139688758302,0.01742962762292571,0.002417473553308101,0.0685999726549437
35,"Cfg(cluster_seed=0, surrogate='lgbm', surrogate_seed=2, estimator='tree_int', bg_size=50, bg_seed=2)",lgbm,0,0.9660637789760596,1.0,1,0.0009995858424911416,0.0014077542767179608,0.0022092921270024904,0.0008918054760579025,0.000956959044392646,0.0034014645455354695,0.24184332531773214,0.006656358216803454,0.018546242350673675,0.1064061852843182,0.09065942909594778,0.2284629019161117,0.00045210883541773147
35,"Cfg(cluster_seed=0, surrogate='lgbm', surrogate_seed=2, estimator='tree_int', bg_size=50, bg_seed=2)",lgbm,0,0.9660637789760596,1.0,2,0.0002039197221029681,0.0016211279531351231,0.0062571020326797405,0.019051978526073765,0.03855115790649722,0.01937925254234083,0.28345461073758416,0.010798100302087795,0.00017420811580958916,0.0042322142100528785,0.0004217674238160874,0.004397570980695521,0.33537362446717134
36,"Cfg(cluster_seed=1, surrogate='dt', surrogate_seed=0, estimator='tree_path', bg_size=50, bg_seed=0)",dt,1,0.9385398627137759,0.9819982839183516,0,0.030272476685482743,0.0,0.0,0.0,0.0,0.0,0.13001987094943943,0.0,0.0,0.13580545460895907,0.019981015851133557,0.18340291013869395,0.19208075692419663
36,"Cfg(cluster_seed=1, surrogate='dt', surrogate_seed=0, estimator='tree_path', bg_size=50, bg_seed=0)",dt,1,0.9385398627137759,0.9819982839183516,1,0.0,0.0,0.0,0.0,0.0,0.0,0.2874205132314197,0.0,0.0,0.032685268211501195,0.025590789903256465,0.28934729985746616,0.13974148697979746
36,"Cfg(cluster_seed=1, surrogate='dt', surrogate_seed=0, estimator='tree_path', bg_size=50, bg_seed=0)",dt,1,0.9385398627137759,0.9819982839183516,2,0.07314558515625914,0.0,0.0,0.0,0.0,0.0,0.08079135768793227,0.0,0.0,0.0,0.0,0.020192397744805204,0.4845798204463817
37,"Cfg(cluster_seed=1, surrogate='dt', surrogate_seed=0, estimator='tree_int', bg_size=50, bg_seed=0)",dt,1,0.9385398627137759,0.9819982839183516,0,0.08707070188088858,0.0,0.0,0.0,0.0,0.0,0.1750404042908638,0.0,0.0,0.050858586787274424,0.033535354223215234,0.0727878778202064,0.1638383879535127
37,"Cfg(cluster_seed=1, surrogate='dt', surrogate_seed=0, estimator='tree_int', bg_size=50, bg_seed=0)",dt,1,0.9385398627137759,0.9819982839183516,1,0.0,0.0,0.0,0.0,0.0,0.0,0.2930718964162996,0.0,0.0,0.09816993233619949,0.06764706024644418,0.26045752027455504,0.07522876226434519
37,"Cfg(cluster_seed=1, surrogate='dt', surrogate_seed=0, estimator='tree_int', bg_size=50, bg_seed=0)",dt,1,0.9385398627137759,0.9819982839183516,2,0.07462295218325049,0.0,0.0,0.0,0.0,0.0,0.24816393474819248,0.0,0.0,0.0,0.0,0.020502732901788168,0.3185245965934191
38,"Cfg(cluster_seed=1, surrogate='dt', surrogate_seed=0, estimator='tree_int', bg_size=50, bg_seed=1)",dt,1,0.9385398627137759,0.9819982839183516,0,0.08528282319957549,0.0,0.0,0.0,0.0,0.0,0.1517676771048342,0.0,0.0,0.059722223184777073,0.03436868759041487,0.1051565638049081,0.16700505448110164
38,"Cfg(cluster_seed=1, surrogate='dt', surrogate_seed=0, estimator='tree_int', bg_size=50, bg_seed=1)",dt,1,0.9385398627137759,0.9819982839183516,1,0.0,0.0,0.0,0.0,0.0,0.0,0.29882353037011394,0.0,0.0,0.06944444270402785,0.0475490206772206,0.29532679986719984,0.08356209587817098
38,"Cfg(cluster_seed=1, surrogate='dt', surrogate_seed=0, estimator='tree_int', bg_size=50, bg_seed=1)",dt,1,0.9385398627137759,0.9819982839183516,2,0.07143169536942341,0.0,0.0,0.0,0.0,0.0,0.22698360675182525,0.0,0.0,0.0,0.0,0.01779235036402454,0.35231694565444704
39,"Cfg(cluster_seed=1, surrogate='dt', surrogate_seed=0, estimator='tree_int', bg_size=50, bg_seed=2)",dt,1,0.9385398627137759,0.9819982839183516,0,0.09827272141521624,0.0,0.0,0.0,0.0,0.0,0.16751515200643852,0.0,0.0,0.06300505155415247,0.0377020210118005,0.10960101002319303,0.15063131782141603
39,"Cfg(cluster_seed=1, surrogate='dt', surrogate_seed=0, estimator='tree_int', bg_size=50, bg_seed=2)",dt,1,0.9385398627137759,0.9819982839183516,1,0.0,0.0,0.0,0.0,0.0,0.0,0.2809150336244525,0.0,0.0,0.0794117627073737,0.054313726743646706,0.24509804247056727,0.07856209576129919
39,"Cfg(cluster_seed=1, surrogate='dt', surrogate_seed=0, estimator='tree_int', bg_size=50, bg_seed=2)",dt,1,0.9385398627137759,0.9819982839183516,2,0.06930054769530651,0.0,0.0,0.0,0.0,0.0,0.27616393465365535,0.0,0.0,0.0,0.0,0.034349727639165106,0.31004372172668354
40,"Cfg(cluster_seed=1, surrogate='dt', surrogate_seed=1, estimator='tree_path', bg_size=50, bg_seed=0)",dt,1,0.9449841177484725,0.9819982839183516,0,0.030272476685482743,0.0,0.0,0.0,0.0,0.0,0.0639606049036808,0.0,0.0,0.12936366668308874,0.04520812900089262,0.19977291197886682,0.21227134412124446
40,"Cfg(cluster_seed=1, surrogate='dt', surrogate_seed=1, estimator='tree_path', bg_size=50, bg_seed=0)",dt,1,0.9449841177484725,0.9819982839183516,1,0.0,0.0,0.0,0.0,0.0,0.0,0.28362789170418967,0.0,0.0,0.06415352016570039,0.037437221800229965,0.28253129219561446,0.11776517055486567
40,"Cfg(cluster_seed=1, surrogate='dt', surrogate_seed=1, estimator='tree_path', bg_size=50, bg_seed=0)",dt,1,0.9449841177484725,0.9819982839183516,2,0.07314558515625914,0.0,0.0,0.0,0.0,0.0,0.08079135768793227,0.0,0.0,0.0,0.0,0.020192397744805204,0.4845798204463817
41,"Cfg(cluster_seed=1, surrogate='dt', surrogate_seed=1, estimator='tree_int', bg_size=50, bg_seed=0)",dt,1,0.9449841177484725,0.9819982839183516,0,0.08707070188088858,0.0,0.0,0.0,0.0,0.0,0.16786868722149806,0.0,0.0,0.10671717245470394,0.004545454599640586,0.06030302978826284,0.15464646826187775
41,"Cfg(cluster_seed=1, surrogate='dt', surrogate_seed=1, estimator='tree_int', bg_size=50, bg_seed=0)",dt,1,0.9449841177484725,0.9819982839183516,1,0.0,0.0,0.0,0.0,0.0,0.0,0.1990849695895232,0.0,0.0,0.20124182938360713,0.08052287709479243,0.22620915107867312,0.09084967333312122
41,"Cfg(cluster_seed=1, surrogate='dt', surrogate_seed=1, estimator='tree_int', bg_size=50, bg_seed=0)",dt,1,0.9449841177484725,0.9819982839183516,2,0.07462295218325049,0.0,0.0,0.0,0.0,0.0,0.24816393474819248,0.0,0.0,0.0,0.0,0.020502732901788168,0.3185245965934191
42,"Cfg(cluster_seed=1, surrogate='dt', surrogate_seed=1, estimator='tree_int', bg_size=50, bg_seed=1)",dt,1,0.9449841177484725,0.9819982839183516,0,0.08528282319957549,0.0,0.0,0.0,0.0,0.0,0.13888888928474802,0.0,0.0,0.11080808160882995,0.014090909235405192,0.09428282798239684,0.16329293232975578
42,"Cfg(cluster_seed=1, surrogate='dt', surrogate_seed=1, estimator='tree_int', bg_size=50, bg_seed=1)",dt,1,0.9449841177484725,0.9819982839183516,1,0.0,0.0,0.0,0.0,0.0,0.0,0.19941176694397839,0.0,0.0,0.14418300442251486,0.08235294245621734,0.28411765033123537,0.07869281052958725
42,"Cfg(cluster_seed=1, surrogate='dt', surrogate_seed=1, estimator='tree_int', bg_size=50, bg_seed=1)",dt,1,0.9449841177484725,0.9819982839183516,2,0.07143169536942341,0.0,0.0,0.0,0.0,0.0,0.22698360675182525,0.0,0.0,0.0,0.0,0.01779235036402454,0.35231694565444704
43,"Cfg(cluster_seed=1, surrogate='dt', surrogate_seed=1, estimator='tree_int', bg_size=50, bg_seed=2)",dt,1,0.9449841177484725,0.9819982839183516,0,0.09827272141521624,0.0,0.0,0.0,0.0,0.0,0.14665656618096612,0.0,0.0,0.1253030311790381,0.021111111288720914,0.09288888902826749,0.14378788262154116
43,"Cfg(cluster_seed=1, surrogate='dt', surrogate_seed=1, estimator='tree_int', bg_size=50, bg_seed=2)",dt,1,0.9449841177484725,0.9819982839183516,1,0.0,0.0,0.0,0.0,0.0,0.0,0.18366013282654328,0.0,0.0,0.15967320121970816,0.07745098160178059,0.22875817182017305,0.08143790897785441
43,"Cfg(cluster_seed=1, surrogate='dt', surrogate_seed=1, estimator='tree_int', bg_size=50, bg_seed=2)",dt,1,0.9449841177484725,0.9819982839183516,2,0.06930054769530651,0.0,0.0,0.0,0.0,0.0,0.27616393465365535,0.0,0.0,0.0,0.0,0.034349727639165106,0.31004372172668354
44,"Cfg(cluster_seed=1, surrogate='dt', surrogate_seed=2, estimator='tree_path', bg_size=50, bg_seed=0)",dt,1,0.9325949519412788,0.9819982839183516,0,0.030272476685482743,0.0,0.0,0.0,0.0,0.0,0.13001987094943943,0.0,0.0,0.12936366668308874,0.0,0.19977291197886682,0.18740371554637955
44,"Cfg(cluster_seed=1, surrogate='dt', surrogate_seed=2, estimator='tree_path', bg_size=50, bg_seed=0)",dt,1,0.9325949519412788,0.9819982839183516,1,0.0,0.0,0.0,0.0,0.0,0.0,0.2874205132314197,0.0,0.0,0.06415352016570039,0.0,0.28253129219561446,0.13586076057129592
44,"Cfg(cluster_seed=1, surrogate='dt', surrogate_seed=2, estimator='tree_path', bg_size=50, bg_seed=0)",dt,1,0.9325949519412788,0.9819982839183516,2,0.07314558515625914,0.0,0.0,0.0,0.0,0.0,0.08079135768793227,0.0,0.0,0.0,0.0,0.020192397744805204,0.4845798204463817
45,"Cfg(cluster_seed=1, surrogate='dt', surrogate_seed=2, estimator='tree_int', bg_size=50, bg_seed=0)",dt,1,0.9325949519412788,0.9819982839183516,0,0.08707070188088858,0.0,0.0,0.0,0.0,0.0,0.1750404042908638,0.0,0.0,0.10671717245470394,0.0,0.06030302978826284,0.1540404078725613
45,"Cfg(cluster_seed=1, surrogate='dt', surrogate_seed=2, estimator='tree_int', bg_size=50, bg_seed=0)",dt,1,0.9325949519412788,0.9819982839183516,1,0.0,0.0,0.0,0.0,0.0,0.0,0.2930718964162996,0.0,0.0,0.20124182938360713,0.0,0.22620915107867312,0.07385621161437501
45,"Cfg(cluster_seed=1, surrogate='dt', surrogate_seed=2, estimator='tree_int', bg_size=50, bg_seed=0)",dt,1,0.9325949519412788,0.9819982839183516,2,0.07462295218325049,0.0,0.0,0.0,0.0,0.0,0.24816393474819248,0.0,0.0,0.0,0.0,0.020502732901788168,0.3185245965934191
46,"Cfg(cluster_seed=1, surrogate='dt', surrogate_seed=2, estimator='tree_int', bg_size=50, bg_seed=1)",dt,1,0.9325949519412788,0.9819982839183516,0,0.08528282319957549,0.0,0.0,0.0,0.0,0.0,0.1517676771048342,0.0,0.0,0.11080808160882995,0.0,0.09428282798239684,0.1620000032493562
46,"Cfg(cluster_seed=1, surrogate='dt', surrogate_seed=2, estimator='tree_int', bg_size=50, bg_seed=1)",dt,1,0.9325949519412788,0.9819982839183516,1,0.0,0.0,0.0,0.0,0.0,0.0,0.29882353037011394,0.0,0.0,0.14418300442251486,0.0,0.28411765033123537,0.07209150576708356
46,"Cfg(cluster_seed=1, surrogate='dt', surrogate_seed=2, estimator='tree_int', bg_size=50, bg_seed=1)",dt,1,0.9325949519412788,0.9819982839183516,2,0.07143169536942341,0.0,0.0,0.0,0.0,0.0,0.22698360675182525,0.0,0.0,0.0,0.0,0.01779235036402454,0.35231694565444704
47,"Cfg(cluster_seed=1, surrogate='dt', surrogate_seed=2, estimator='tree_int', bg_size=50, bg_seed=2)",dt,1,0.9325949519412788,0.9819982839183516,0,0.09827272141521624,0.0,0.0,0.0,0.0,0.0,0.16751515200643852,0.0,0.0,0.1253030311790381,0.0,0.09288888902826749,0.14442424659476133
47,"Cfg(cluster_seed=1, surrogate='dt', surrogate_seed=2, estimator='tree_int', bg_size=50, bg_seed=2)",dt,1,0.9325949519412788,0.9819982839183516,1,0.0,0.0,0.0,0.0,0.0,0.0,0.2809150336244525,0.0,0.0,0.15967320121970816,0.0,0.22875817182017305,0.07274510061624001
47,"Cfg(cluster_seed=1, surrogate='dt', surrogate_seed=2, estimator='tree_int', bg_size=50, bg_seed=2)",dt,1,0.9325949519412788,0.9819982839183516,2,0.06930054769530651,0.0,0.0,0.0,0.0,0.0,0.27616393465365535,0.0,0.0,0.0,0.0,0.034349727639165106,0.31004372172668354
48,"Cfg(cluster_seed=1, surrogate='rf', surrogate_seed=0, estimator='tree_path', bg_size=50, bg_seed=0)",rf,1,0.9836949701144972,0.9819982839183516,0,0.11255402521418034,0.027297250273623667,0.007854196551278196,0.009241919408134156,0.024652319830672995,0.00965638883323162,0.05042728058652212,0.0030595437910622093,0.008175476081036732,0.1388144182709099,0.041392875672441785,0.06090874694274449,0.1450268859130222
48,"Cfg(cluster_seed=1, surrogate='rf', surrogate_seed=0, estimator='tree_path', bg_size=50, bg_seed=0)",rf,1,0.9836949701144972,0.9819982839183516,1,0.03005164629120524,0.0243764095066542,0.0032390937377661413,0.009528428371631533,0.002629175723640719,0.05397208819811774,0.14907450096150335,0.013505425872571145,0.02173640598135095,0.0922590677768585,0.08038390306995997,0.17701302460415502,0.051781182168003356
48,"Cfg(cluster_seed=1, surrogate='rf', surrogate_seed=0, estimator='tree_path', bg_size=50, bg_seed=0)",rf,1,0.9836949701144972,0.9819982839183516,2,0.0870586217648081,0.006845573765794345,0.005002533185157059,0.016298035740364387,0.01989970670672162,0.04777052168570395,0.09087086891817897,0.008869800991753388,0.008041932309804009,0.05674812085431305,0.021107501348146068,0.06832041911408601,0.21572698163144008
49,"Cfg(cluster_seed=1, surrogate='rf', surrogate_seed=0, estimator='tree_int', bg_size=50, bg_seed=0)",rf,1,0.9836949701144972,0.9819982839183516,0,0.1050819529985275,0.02233490674710386,0.007884225782044901,0.007004971308745578,0.021341770598731023,0.011777313938099807,0.04977159094218498,0.0038699279459857875,0.006614187275121035,0.11653483931729691,0.026356147828107974,0.04746268032668564,0.13515812256555584
49,"Cfg(cluster_seed=1, surrogate='rf', surrogate_seed=0, estimator='tree_int', bg_size=50, bg_seed=0)",rf,1,0.9836949701144972,0.9819982839183516,1,0.028933551894402693,0.023340414505504413,0.0025183318383207335,0.008334749656668482,0.0032257299245090926,0.04594238206586904,0.1632905548685199,0.0103135856815817,0.020312362758582,0.11201974439388199,0.10079067468748762,0.19421172270240672,0.03287529491976516
49,"Cfg(cluster_seed=1, surrogate='rf', surrogate_seed=0, estimator='tree_int', bg_size=50, bg_seed=0)",rf,1,0.9836949701144972,0.9819982839183516,2,0.08461472754765086,0.008056180265681537,0.0036413844270043864,0.015065428407344638,0.026062803137083684,0.03966755496926289,0.08070192755413,0.008602940622477632,0.008496378035062483,0.04722370658432932,0.015005334748334981,0.05687817467837004,0.2459650774544332
50,"Cfg(cluster_seed=1, surrogate='rf', surrogate_seed=0, estimator='tree_int', bg_size=50, bg_seed=1)",rf,1,0.9836949701144972,0.9819982839183516,0,0.10839764331243881,0.022289994523563308,0.007778319093124466,0.008218723139437892,0.02317966266089736,0.01069560275977534,0.04319671704591477,0.003292906525008827,0.005699159594821389,0.12650459425776772,0.03421619732032977,0.051930043340663264,0.1289631296366067
50,"Cfg(cluster_seed=1, surrogate='rf', surrogate_seed=0, estimator='tree_int', bg_size=50, bg_seed=1)",rf,1,0.9836949701144972,0.9819982839183516,1,0.02410207963514361,0.022667887259626252,0.0033005229552573456,0.00976555268062072,0.0028085621584871072,0.04845392585912372,0.18280721889709484,0.012587899460905806,0.020103797552588974,0.09256690545472676,0.08497274091458702,0.19570011366023912,0.03213443277649382
50,"Cfg(cluster_seed=1, surrogate='rf', surrogate_seed=0, estimator='tree_int', bg_size=50, bg_seed=1)",rf,1,0.9836949701144972,0.9819982839183516,2,0.08561109498857432,0.007066846385237486,0.00516120231759994,0.014912404719230596,0.027814689725098294,0.03836690960412837,0.07173153700410784,0.006356898411973876,0.008080767826575568,0.04135530155214108,0.019633250550035824,0.061248531281088356,0.2566799515533093
51,"Cfg(cluster_seed=1, surrogate='rf', surrogate_seed=0, estimator='tree_int', bg_size=50, bg_seed=2)",rf,1,0.9836949701144972,0.9819982839183516,0,0.10343426656324563,0.022681972648884264,0.008034437425830578,0.00821611852451414,0.021377213116890434,0.009802364398549826,0.052260919995156155,0.00410217903334893,0.006404437389335339,0.1309967781090778,0.036495871493962384,0.05570752418829326,0.13051227589588524
51,"Cfg(cluster_seed=1, surrogate='rf', surrogate_seed=0, estimator='tree_int', bg_size=50, bg_seed=2)",rf,1,0.9836949701144972,0.9819982839183516,1,0.02564158169803775,0.021848528384420494,0.0028113228197288857,0.00926224112093241,0.0024037909082550205,0.04537204591997578,0.155856645555046,0.010892953886039893,0.017504083825110955,0.09208967232951717,0.0837752525386339,0.1820135057952169,0.0317039659121228
51,"Cfg(cluster_seed=1, surrogate='rf', surrogate_seed=0, estimator='tree_int', bg_size=50, bg_seed=2)",rf,1,0.9836949701144972,0.9819982839183516,2,0.08651267970459378,0.009736790506638674,0.004984371708591517,0.014105665174367284,0.02391442290533498,0.04092710352347225,0.09218688618612893,0.008649871407823875,0.009366090522901794,0.041371931784841616,0.023009889978275168,0.07051409876104786,0.2470756889857136
52,"Cfg(cluster_seed=1, surrogate='rf', surrogate_seed=1, estimator='tree_path', bg_size=50, bg_seed=0)",rf,1,0.9886544057405995,0.9819982839183516,0,0.11490288999712986,0.027235265517595003,0.00831946993744111,0.00860809290835555,0.028754999762068623,0.010587412950662595,0.054784543012843426,0.0027734338218358373,0.00772122369727627,0.12810488113841123,0.0413229799241304,0.0681740924139961,0.13906956442910828
52,"Cfg(cluster_seed=1, surrogate='rf', surrogate_seed=1, estimator='tree_path', bg_size=50, bg_seed=0)",rf,1,0.9886544057405995,0.9819982839183516,1,0.02839556267350386,0.027816292470692595,0.0030974931745873235,0.007218107863383896,0.002677852112380442,0.044631569904097494,0.17074182162646082,0.00871159832476558,0.022929481694176215,0.07925632904796846,0.08760012546201157,0.17171794449337038,0.048992102171126393
52,"Cfg(cluster_seed=1, surrogate='rf', surrogate_seed=1, estimator='tree_path', bg_size=50, bg_seed=0)",rf,1,0.9886544057405995,0.9819982839183516,2,0.08325189760190445,0.010211107715055708,0.0043153527485564475,0.01080879817601593,0.02316936433869274,0.03928946939411956,0.10260494087808844,0.005852745597348253,0.01069213593158884,0.04703653636786976,0.027603242759959266,0.0666516779624317,0.21534221928649386
53,"Cfg(cluster_seed=1, surrogate='rf', surrogate_seed=1, estimator='tree_int', bg_size=50, bg_seed=0)",rf,1,0.9886544057405995,0.9819982839183516,0,0.10383544021956226,0.022937799979575197,0.008491019928646206,0.006082207941107105,0.02539363697431823,0.012572713162010614,0.05425230779472094,0.004069747577944907,0.006170659125121099,0.11212769872509383,0.02615766058254767,0.05326206720774556,0.12695887273850864
53,"Cfg(cluster_seed=1, surrogate='rf', surrogate_seed=1, estimator='tree_int', bg_size=50, bg_seed=0)",rf,1,0.9886544057405995,0.9819982839183516,1,0.027616841625296696,0.025012288175748125,0.0026045783386821402,0.006424444598310133,0.0022589107311511065,0.03952769159352494,0.16799490599813707,0.006289934794590853,0.02078673251669434,0.10120852408412286,0.10551161469943313,0.2037259526651835,0.033536602119428986
53,"Cfg(cluster_seed=1, surrogate='rf', surrogate_seed=1, estimator='tree_int', bg_size=50, bg_seed=0)",rf,1,0.9886544057405995,0.9819982839183516,2,0.08735087905723227,0.011527460595878766,0.0031987796760103125,0.011088626333488512,0.02889029216142486,0.036549006887863306,0.09375627863737583,0.005454353497264148,0.009962131397714688,0.045666920181472226,0.018899771482061088,0.05278148711866082,0.23299130670219614
54,"Cfg(cluster_seed=1, surrogate='rf', surrogate_seed=1, estimator='tree_int', bg_size=50, bg_seed=1)",rf,1,0.9886544057405995,0.9819982839183516,0,0.10782898528589474,0.023125310805229893,0.008406842436741117,0.006973535520995606,0.0264162897164219,0.01206963234094887,0.0455598424386302,0.0032181578461831736,0.005147939041560289,0.12196977448568679,0.03415015236155866,0.05897015055108401,0.1222004575188409
54,"Cfg(cluster_seed=1, surrogate='rf', surrogate_seed=1, estimator='tree_int', bg_size=50, bg_seed=1)",rf,1,0.9886544057405995,0.9819982839183516,1,0.022227887245906314,0.025385447226803717,0.003757205196598079,0.007300283399332937,0.002086943718730289,0.04043153537461857,0.1860542839483584,0.0076942267670700145,0.021593343182934877,0.08707526821337525,0.09104866072878341,0.2029486977318062,0.03209834500225649
54,"Cfg(cluster_seed=1, surrogate='rf', surrogate_seed=1, estimator='tree_int', bg_size=50, bg_seed=1)",rf,1,0.9886544057405995,0.9819982839183516,2,0.08792638518309819,0.010349812897471625,0.004585641539478141,0.010942256317190546,0.031807263339755164,0.035442946490876516,0.0831074337210777,0.0038080198650092575,0.009329909157417294,0.03823640218814124,0.025153698251053326,0.057735824996450955,0.24336554327123747
55,"Cfg(cluster_seed=1, surrogate='rf', surrogate_seed=1, estimator='tree_int', bg_size=50, bg_seed=2)",rf,1,0.9886544057405995,0.9819982839183516,0,0.10283334782533335,0.023303302635108457,0.008655380202703367,0.006972169479951403,0.024207268495127655,0.011236820875119237,0.0547409417623721,0.004349749990286164,0.006310649512302144,0.12561508241520528,0.03654270894177458,0.06407030700193542,0.1213863305145324
55,"Cfg(cluster_seed=1, surrogate='rf', surrogate_seed=1, estimator='tree_int', bg_size=50, bg_seed=2)",rf,1,0.9886544057405995,0.9819982839183516,1,0.024442549612271533,0.022737102937740818,0.003116900170822263,0.007331895599833358,0.0017363119015399377,0.0370142803951646,0.1591717778429944,0.006515708219473406,0.018526218919472665,0.0846492364099051,0.08920911819773805,0.1900477388135258,0.03281163477824484
55,"Cfg(cluster_seed=1, surrogate='rf', surrogate_seed=1, estimator='tree_int', bg_size=50, bg_seed=2)",rf,1,0.9886544057405995,0.9819982839183516,2,0.08877242995178915,0.01303803570298516,0.004382477337317962,0.010136979163049903,0.026885366261732522,0.03804478104744435,0.10704002342219789,0.005389315767501044,0.010621603178805063,0.040144653590257685,0.02874328719615196,0.06603304610719817,0.23253203533313593
56,"Cfg(cluster_seed=1, surrogate='rf', surrogate_seed=2, estimator='tree_path', bg_size=50, bg_seed=0)",rf,1,0.9836949701144972,0.9819982839183516,0,0.1282120341220225,0.02613238334073419,0.007926922366986867,0.010264803823913135,0.02997696133587494,0.011875108403570511,0.04849342187538724,0.004221283166711502,0.010394021698339478,0.13503209761138923,0.04403679700029212,0.05956650982063125,0.12688738097739338
56,"Cfg(cluster_seed=1, surrogate='rf', surrogate_seed=2, estimator='tree_path', bg_size=50, bg_seed=0)",rf,1,0.9836949701144972,0.9819982839183516,1,0.03330760011566757,0.020678604921865393,0.0026172818435566464,0.010208555039912416,0.00330460074909665,0.050987015661269904,0.1475544667703872,0.01215834065747792,0.022902161913639734,0.08533173995480997,0.09284518001066229,0.17930997261175521,0.04530729262677949
56,"Cfg(cluster_seed=1, surrogate='rf', surrogate_seed=2, estimator='tree_path', bg_size=50, bg_seed=0)",rf,1,0.9836949701144972,0.9819982839183516,2,0.09930585983602545,0.010736921450853651,0.00446300458928277,0.016243273406176272,0.019933848168564278,0.05269553609398762,0.09106710404005464,0.0067166086081621845,0.009409982161220753,0.04892457401235468,0.02811357236707347,0.07776674426474307,0.18488161883564735
57,"Cfg(cluster_seed=1, surrogate='rf', surrogate_seed=2, estimator='tree_int', bg_size=50, bg_seed=0)",rf,1,0.9836949701144972,0.9819982839183516,0,0.11568452661038905,0.022608581596225225,0.008083720736344044,0.006281022280516372,0.027776299372471294,0.013707169668134267,0.04619090304485077,0.004363552297132131,0.007846717366809374,0.1182767801970609,0.031173670789964178,0.04538964757120772,0.11438608022103758
57,"Cfg(cluster_seed=1, surrogate='rf', surrogate_seed=2, estimator='tree_int', bg_size=50, bg_seed=0)",rf,1,0.9836949701144972,0.9819982839183516,1,0.03324061082218952,0.019231438369954727,0.002098910727335012,0.009721808515713944,0.0041924837597374165,0.04241991387183697,0.15007577705395625,0.009668540539592048,0.023391351323670654,0.11145982841588445,0.11239015523587384,0.19679453632713284,0.03257174370227172
57,"Cfg(cluster_seed=1, surrogate='rf', surrogate_seed=2, estimator='tree_int', bg_size=50, bg_seed=0)",rf,1,0.9836949701144972,0.9819982839183516,2,0.09364293488883318,0.011911512126255836,0.002984171295214108,0.013402568610455674,0.030077213857091063,0.04306867137142423,0.08867843567399923,0.006874590335412861,0.009387522995892766,0.04732508312109725,0.016233242656334235,0.05779657700309459,0.21935796520648407
58,"Cfg(cluster_seed=1, surrogate='rf', surrogate_seed=2, estimator='tree_int', bg_size=50, bg_seed=1)",rf,1,0.9836949701144972,0.9819982839183516,0,0.11805810531340478,0.02208564507647128,0.008243485049738824,0.008020678407068993,0.02892613826715123,0.012060983958023522,0.03995872635107706,0.003908787975405258,0.006701144945514952,0.12876446925005766,0.03903584270121152,0.05109668473775719,0.11153129900849312
58,"Cfg(cluster_seed=1, surrogate='rf', surrogate_seed=2, estimator='tree_int', bg_size=50, bg_seed=1)",rf,1,0.9836949701144972,0.9819982839183516,1,0.02784034925111222,0.018542810904670182,0.002957233188116887,0.01082638370773673,0.0037786711160351493,0.04430089431296115,0.1675330541760081,0.011421568904587925,0.02422037095374168,0.09388555782814008,0.09611276919741234,0.19785837078925253,0.03157466306618766
58,"Cfg(cluster_seed=1, surrogate='rf', surrogate_seed=2, estimator='tree_int', bg_size=50, bg_seed=1)",rf,1,0.9836949701144972,0.9819982839183516,2,0.09425591695064692,0.011100486871236782,0.004431858031960876,0.01367576143841286,0.032182272449503155,0.04280821077662547,0.07829065243394848,0.004776411776552093,0.009363005693036235,0.03996476548783992,0.02107176736761056,0.06340368095935671,0.22882166313761312
59,"Cfg(cluster_seed=1, surrogate='rf', surrogate_seed=2, estimator='tree_int', bg_size=50, bg_seed=2)",rf,1,0.9836949701144972,0.9819982839183516,0,0.11394650349038837,0.022526130900413124,0.008123535552369887,0.008091936223693967,0.026539651915605426,0.011961957981808212,0.04738695404750286,0.004592222336460978,0.0073309092779924295,0.13304126588033274,0.04100841850818445,0.05455547270156924,0.11019981749036092
59,"Cfg(cluster_seed=1, surrogate='rf', surrogate_seed=2, estimator='tree_int', bg_size=50, bg_seed=2)",rf,1,0.9836949701144972,0.9819982839183516,1,0.030070305736729763,0.01772002221281439,0.0024906536574902326,0.01102270179833331,0.0032940741532422866,0.040886427999089474,0.14248388144330296,0.009999215929642292,0.02108729898555812,0.09276150552141046,0.09448004585451686,0.18418074517721983,0.03160156938730163
59,"Cfg(cluster_seed=1, surrogate='rf', surrogate_seed=2, estimator='tree_int', bg_size=50, bg_seed=2)",rf,1,0.9836949701144972,0.9819982839183516,2,0.09463271633653661,0.014291220750243661,0.00475856113650256,0.011979180607261502,0.027403006133681636,0.04458477340719747,0.10055900062004017,0.007198014749375315,0.010435901892292276,0.041651840733429125,0.023858343023409848,0.07326532053554594,0.2203555426720461
60,"Cfg(cluster_seed=1, surrogate='lgbm', surrogate_seed=0, estimator='tree_path', bg_size=50, bg_seed=0)",lgbm,1,0.9728645176158788,0.9819982839183516,0,2.595380225280312,1.2231212471400144,0.0441517211911784,0.10632766852771236,0.30169254288410124,0.009783740684236522,0.14770087939278592,0.0014329563983683478,0.08280023815031502,4.181086557489114,0.327274960248262,0.03496218734924832,1.0088817497635167
60,"Cfg(cluster_seed=1, surrogate='lgbm', surrogate_seed=0, estimator='tree_path', bg_size=50, bg_seed=0)",lgbm,1,0.9728645176158788,0.9819982839183516,1,0.027841589758420222,0.05611759896727639,0.0012581594401286427,0.005737981017088889,0.018209280683788544,0.03683568236725953,3.7779187807328602,0.08541152658928529,0.2736027173117281,0.7533518946743247,1.2960252803761474,3.3864275605617076,0.0032630903701794693
60,"Cfg(cluster_seed=1, surrogate='lgbm', surrogate_seed=0, estimator='tree_path', bg_size=50, bg_seed=0)",lgbm,1,0.9728645176158788,0.9819982839183516,2,0.04496953123663587,0.11386492404543425,0.013464104288340654,0.07084107136552367,0.11621890248360842,0.19174414130892792,1.548401881255499,8.426329382472198e-05,0.0134647846851059,0.015545766546614482,0.01641290260638874,0.013294661349870479,6.510248165392731
61,"Cfg(cluster_seed=1, surrogate='lgbm', surrogate_seed=0, estimator='tree_int', bg_size=50, bg_seed=0)",lgbm,1,0.9728645176158788,0.9819982839183516,0,0.16541404410548596,0.07120279309972966,0.002582629995166668,0.008108404639540368,0.01544852560637331,0.0004957278603068293,0.011564510161537997,9.932760351961313e-05,0.003892836630083142,0.20773109815468122,0.01765595985105805,0.001985084405607431,0.07441817049612909
61,"Cfg(cluster_seed=1, surrogate='lgbm', surrogate_seed=0, estimator='tree_int', bg_size=50, bg_seed=0)",lgbm,1,0.9728645176158788,0.9819982839183516,1,0.003312800456869548,0.004169823381970821,7.694363387951366e-05,0.00045371794314527186,0.0007148425986094097,0.0034171264845806017,0.29112462023546165,0.005855687255663244,0.027363160457231316,0.12275727837133246,0.14245315275814022,0.17873313675795752,0.0003502414073823074
61,"Cfg(cluster_seed=1, surrogate='lgbm', surrogate_seed=0, estimator='tree_int', bg_size=50, bg_seed=0)",lgbm,1,0.9728645176158788,0.9819982839183516,2,0.0037766166231098727,0.008924771765221984,0.0006577975598463442,0.006847239731197745,0.009492826422915447,0.015423419501246597,0.24902598967232664,4.292804723431603e-06,0.000666602668332048,0.0014044536955564243,0.0007947176891365324,0.0007080707269381121,0.3687258134731111
62,"Cfg(cluster_seed=1, surrogate='lgbm', surrogate_seed=0, estimator='tree_int', bg_size=50, bg_seed=1)",lgbm,1,0.9728645176158788,0.9819982839183516,0,0.1782734704666784,0.07206587555612644,0.00279140335105332,0.0125091972328392,0.01709971414139715,0.00048647191248088673,0.006245610067361484,4.4877577273893e-05,0.003575364305427395,0.22134897723748675,0.01929399834015627,0.002359636605824067,0.06946369448101229
62,"Cfg(cluster_seed=1, surrogate='lgbm', surrogate_seed=0, estimator='tree_int', bg_size=50, bg_seed=1)",lgbm,1,0.9728645176158788,0.9819982839183516,1,0.002311492205502906,0.003922503687678381,8.939152715030138e-05,0.0005273841798359821,0.0006513349624438411,0.0036753661355013773,0.314589222619411,0.006107623835658052,0.024692747935743158,0.10214140789952286,0.11156372627195903,0.1905327423595516,0.00032117521791392637
62,"Cfg(cluster_seed=1, surrogate='lgbm', surrogate_seed=0, estimator='tree_int', bg_size=50, bg_seed=1)",lgbm,1,0.9728645176158788,0.9819982839183516,2,0.0037175850182569123,0.010339621622189156,0.0007477473926223205,0.00748476264192527,0.008997330229193062,0.009052366987259357,0.212104841841512,3.64854640000257e-06,0.0006888227866256892,0.0013203928591507018,0.000995682308051308,0.0007943463254831774,0.4155693699210673
63,"Cfg(cluster_seed=1, surrogate='lgbm', surrogate_seed=0, estimator='tree_int', bg_size=50, bg_seed=2)",lgbm,1,0.9728645176158788,0.9819982839183516,0,0.1654403740745473,0.07516730955043421,0.002636754172762796,0.01101325128836521,0.016659387649278247,0.0005967878273800078,0.0164434856541376,0.00013492060273012372,0.004523909529549742,0.22180695004862117,0.025123788910868448,0.002961861817461861,0.0756432498661298
63,"Cfg(cluster_seed=1, surrogate='lgbm', surrogate_seed=0, estimator='tree_int', bg_size=50, bg_seed=2)",lgbm,1,0.9728645176158788,0.9819982839183516,1,0.002630446688662571,0.0038812002862569066,8.669896661976668e-05,0.000505091315274832,0.0006219651982980048,0.0033134674327421777,0.28020222769841224,0.005591621006529359,0.022700161048238465,0.10076206812890139,0.1107437978165594,0.16976416311712092,0.00034818606660802845
63,"Cfg(cluster_seed=1, surrogate='lgbm', surrogate_seed=0, estimator='tree_int', bg_size=50, bg_seed=2)",lgbm,1,0.9728645176158788,0.9819982839183516,2,0.0032494554155808185,0.00863083895707578,0.0007190405418563288,0.00691639164831382,0.009528438773866226,0.01533046121033299,0.2647083887934031,4.639070230616701e-06,0.0007256512945286847,0.0013017560105973772,0.0009900128889769226,0.000761425165906898,0.3911072617210855
64,"Cfg(cluster_seed=1, surrogate='lgbm', surrogate_seed=1, estimator='tree_path', bg_size=50, bg_seed=0)",lgbm,1,0.9728645176158788,0.9819982839183516,0,2.595380225280312,1.2231212471400144,0.0441517211911784,0.10632766852771236,0.30169254288410124,0.009783740684236522,0.14770087939278592,0.0014329563983683478,0.08280023815031502,4.181086557489114,0.327274960248262,0.03496218734924832,1.0088817497635167
64,"Cfg(cluster_seed=1, surrogate='lgbm', surrogate_seed=1, estimator='tree_path', bg_size=50, bg_seed=0)",lgbm,1,0.9728645176158788,0.9819982839183516,1,0.027841589758420222,0.05611759896727639,0.0012581594401286427,0.005737981017088889,0.018209280683788544,0.03683568236725953,3.7779187807328602,0.08541152658928529,0.2736027173117281,0.7533518946743247,1.2960252803761474,3.3864275605617076,0.0032630903701794693
64,"Cfg(cluster_seed=1, surrogate='lgbm', surrogate_seed=1, estimator='tree_path', bg_size=50, bg_seed=0)",lgbm,1,0.9728645176158788,0.9819982839183516,2,0.04496953123663587,0.11386492404543425,0.013464104288340654,0.07084107136552367,0.11621890248360842,0.19174414130892792,1.548401881255499,8.426329382472198e-05,0.0134647846851059,0.015545766546614482,0.01641290260638874,0.013294661349870479,6.510248165392731
65,"Cfg(cluster_seed=1, surrogate='lgbm', surrogate_seed=1, estimator='tree_int', bg_size=50, bg_seed=0)",lgbm,1,0.9728645176158788,0.9819982839183516,0,0.16541404410548596,0.07120279309972966,0.002582629995166668,0.008108404639540368,0.01544852560637331,0.0004957278603068293,0.011564510161537997,9.932760351961313e-05,0.003892836630083142,0.20773109815468122,0.01765595985105805,0.001985084405607431,0.07441817049612909
65,"Cfg(cluster_seed=1, surrogate='lgbm', surrogate_seed=1, estimator='tree_int', bg_size=50, bg_seed=0)",lgbm,1,0.9728645176158788,0.9819982839183516,1,0.003312800456869548,0.004169823381970821,7.694363387951366e-05,0.00045371794314527186,0.0007148425986094097,0.0034171264845806017,0.29112462023546165,0.005855687255663244,0.027363160457231316,0.12275727837133246,0.14245315275814022,0.17873313675795752,0.0003502414073823074
65,"Cfg(cluster_seed=1, surrogate='lgbm', surrogate_seed=1, estimator='tree_int', bg_size=50, bg_seed=0)",lgbm,1,0.9728645176158788,0.9819982839183516,2,0.0037766166231098727,0.008924771765221984,0.0006577975598463442,0.006847239731197745,0.009492826422915447,0.015423419501246597,0.24902598967232664,4.292804723431603e-06,0.000666602668332048,0.0014044536955564243,0.0007947176891365324,0.0007080707269381121,0.3687258134731111
66,"Cfg(cluster_seed=1, surrogate='lgbm', surrogate_seed=1, estimator='tree_int', bg_size=50, bg_seed=1)",lgbm,1,0.9728645176158788,0.9819982839183516,0,0.1782734704666784,0.07206587555612644,0.00279140335105332,0.0125091972328392,0.01709971414139715,0.00048647191248088673,0.006245610067361484,4.4877577273893e-05,0.003575364305427395,0.22134897723748675,0.01929399834015627,0.002359636605824067,0.06946369448101229
66,"Cfg(cluster_seed=1, surrogate='lgbm', surrogate_seed=1, estimator='tree_int', bg_size=50, bg_seed=1)",lgbm,1,0.9728645176158788,0.9819982839183516,1,0.002311492205502906,0.003922503687678381,8.939152715030138e-05,0.0005273841798359821,0.0006513349624438411,0.0036753661355013773,0.314589222619411,0.006107623835658052,0.024692747935743158,0.10214140789952286,0.11156372627195903,0.1905327423595516,0.00032117521791392637
66,"Cfg(cluster_seed=1, surrogate='lgbm', surrogate_seed=1, estimator='tree_int', bg_size=50, bg_seed=1)",lgbm,1,0.9728645176158788,0.9819982839183516,2,0.0037175850182569123,0.010339621622189156,0.0007477473926223205,0.00748476264192527,0.008997330229193062,0.009052366987259357,0.212104841841512,3.64854640000257e-06,0.0006888227866256892,0.0013203928591507018,0.000995682308051308,0.0007943463254831774,0.4155693699210673
67,"Cfg(cluster_seed=1, surrogate='lgbm', surrogate_seed=1, estimator='tree_int', bg_size=50, bg_seed=2)",lgbm,1,0.9728645176158788,0.9819982839183516,0,0.1654403740745473,0.07516730955043421,0.002636754172762796,0.01101325128836521,0.016659387649278247,0.0005967878273800078,0.0164434856541376,0.00013492060273012372,0.004523909529549742,0.22180695004862117,0.025123788910868448,0.002961861817461861,0.0756432498661298
67,"Cfg(cluster_seed=1, surrogate='lgbm', surrogate_seed=1, estimator='tree_int', bg_size=50, bg_seed=2)",lgbm,1,0.9728645176158788,0.9819982839183516,1,0.002630446688662571,0.0038812002862569066,8.669896661976668e-05,0.000505091315274832,0.0006219651982980048,0.0033134674327421777,0.28020222769841224,0.005591621006529359,0.022700161048238465,0.10076206812890139,0.1107437978165594,0.16976416311712092,0.00034818606660802845
67,"Cfg(cluster_seed=1, surrogate='lgbm', surrogate_seed=1, estimator='tree_int', bg_size=50, bg_seed=2)",lgbm,1,0.9728645176158788,0.9819982839183516,2,0.0032494554155808185,0.00863083895707578,0.0007190405418563288,0.00691639164831382,0.009528438773866226,0.01533046121033299,0.2647083887934031,4.639070230616701e-06,0.0007256512945286847,0.0013017560105973772,0.0009900128889769226,0.000761425165906898,0.3911072617210855
68,"Cfg(cluster_seed=1, surrogate='lgbm', surrogate_seed=2, estimator='tree_path', bg_size=50, bg_seed=0)",lgbm,1,0.9728645176158788,0.9819982839183516,0,2.595380225280312,1.2231212471400144,0.0441517211911784,0.10632766852771236,0.30169254288410124,0.009783740684236522,0.14770087939278592,0.0014329563983683478,0.08280023815031502,4.181086557489114,0.327274960248262,0.03496218734924832,1.0088817497635167
68,"Cfg(cluster_seed=1, surrogate='lgbm', surrogate_seed=2, estimator='tree_path', bg_size=50, bg_seed=0)",lgbm,1,0.9728645176158788,0.9819982839183516,1,0.027841589758420222,0.05611759896727639,0.0012581594401286427,0.005737981017088889,0.018209280683788544,0.03683568236725953,3.7779187807328602,0.08541152658928529,0.2736027173117281,0.7533518946743247,1.2960252803761474,3.3864275605617076,0.0032630903701794693
68,"Cfg(cluster_seed=1, surrogate='lgbm', surrogate_seed=2, estimator='tree_path', bg_size=50, bg_seed=0)",lgbm,1,0.9728645176158788,0.9819982839183516,2,0.04496953123663587,0.11386492404543425,0.013464104288340654,0.07084107136552367,0.11621890248360842,0.19174414130892792,1.548401881255499,8.426329382472198e-05,0.0134647846851059,0.015545766546614482,0.01641290260638874,0.013294661349870479,6.510248165392731
69,"Cfg(cluster_seed=1, surrogate='lgbm', surrogate_seed=2, estimator='tree_int', bg_size=50, bg_seed=0)",lgbm,1,0.9728645176158788,0.9819982839183516,0,0.16541404410548596,0.07120279309972966,0.002582629995166668,0.008108404639540368,0.01544852560637331,0.0004957278603068293,0.011564510161537997,9.932760351961313e-05,0.003892836630083142,0.20773109815468122,0.01765595985105805,0.001985084405607431,0.07441817049612909
69,"Cfg(cluster_seed=1, surrogate='lgbm', surrogate_seed=2, estimator='tree_int', bg_size=50, bg_seed=0)",lgbm,1,0.9728645176158788,0.9819982839183516,1,0.003312800456869548,0.004169823381970821,7.694363387951366e-05,0.00045371794314527186,0.0007148425986094097,0.0034171264845806017,0.29112462023546165,0.005855687255663244,0.027363160457231316,0.12275727837133246,0.14245315275814022,0.17873313675795752,0.0003502414073823074
69,"Cfg(cluster_seed=1, surrogate='lgbm', surrogate_seed=2, estimator='tree_int', bg_size=50, bg_seed=0)",lgbm,1,0.9728645176158788,0.9819982839183516,2,0.0037766166231098727,0.008924771765221984,0.0006577975598463442,0.006847239731197745,0.009492826422915447,0.015423419501246597,0.24902598967232664,4.292804723431603e-06,0.000666602668332048,0.0014044536955564243,0.0007947176891365324,0.0007080707269381121,0.3687258134731111
70,"Cfg(cluster_seed=1, surrogate='lgbm', surrogate_seed=2, estimator='tree_int', bg_size=50, bg_seed=1)",lgbm,1,0.9728645176158788,0.9819982839183516,0,0.1782734704666784,0.07206587555612644,0.00279140335105332,0.0125091972328392,0.01709971414139715,0.00048647191248088673,0.006245610067361484,4.4877577273893e-05,0.003575364305427395,0.22134897723748675,0.01929399834015627,0.002359636605824067,0.06946369448101229
70,"Cfg(cluster_seed=1, surrogate='lgbm', surrogate_seed=2, estimator='tree_int', bg_size=50, bg_seed=1)",lgbm,1,0.9728645176158788,0.9819982839183516,1,0.002311492205502906,0.003922503687678381,8.939152715030138e-05,0.0005273841798359821,0.0006513349624438411,0.0036753661355013773,0.314589222619411,0.006107623835658052,0.024692747935743158,0.10214140789952286,0.11156372627195903,0.1905327423595516,0.00032117521791392637
70,"Cfg(cluster_seed=1, surrogate='lgbm', surrogate_seed=2, estimator='tree_int', bg_size=50, bg_seed=1)",lgbm,1,0.9728645176158788,0.9819982839183516,2,0.0037175850182569123,0.010339621622189156,0.0007477473926223205,0.00748476264192527,0.008997330229193062,0.009052366987259357,0.212104841841512,3.64854640000257e-06,0.0006888227866256892,0.0013203928591507018,0.000995682308051308,0.0007943463254831774,0.4155693699210673
71,"Cfg(cluster_seed=1, surrogate='lgbm', surrogate_seed=2, estimator='tree_int', bg_size=50, bg_seed=2)",lgbm,1,0.9728645176158788,0.9819982839183516,0,0.1654403740745473,0.07516730955043421,0.002636754172762796,0.01101325128836521,0.016659387649278247,0.0005967878273800078,0.0164434856541376,0.00013492060273012372,0.004523909529549742,0.22180695004862117,0.025123788910868448,0.002961861817461861,0.0756432498661298
71,"Cfg(cluster_seed=1, surrogate='lgbm', surrogate_seed=2, estimator='tree_int', bg_size=50, bg_seed=2)",lgbm,1,0.9728645176158788,0.9819982839183516,1,0.002630446688662571,0.0038812002862569066,8.669896661976668e-05,0.000505091315274832,0.0006219651982980048,0.0033134674327421777,0.28020222769841224,0.005591621006529359,0.022700161048238465,0.10076206812890139,0.1107437978165594,0.16976416311712092,0.00034818606660802845
71,"Cfg(cluster_seed=1, surrogate='lgbm', surrogate_seed=2, estimator='tree_int', bg_size=50, bg_seed=2)",lgbm,1,0.9728645176158788,0.9819982839183516,2,0.0032494554155808185,0.00863083895707578,0.0007190405418563288,0.00691639164831382,0.009528438773866226,0.01533046121033299,0.2647083887934031,4.639070230616701e-06,0.0007256512945286847,0.0013017560105973772,0.0009900128889769226,0.000761425165906898,0.3911072617210855
72,"Cfg(cluster_seed=2, surrogate='dt', surrogate_seed=0, estimator='tree_path', bg_size=50, bg_seed=0)",dt,2,0.9317549085764452,1.0,0,0.0,0.0,0.02535192328755005,0.0,0.0,0.0,0.06487137512627494,0.008264140712491562,0.0,0.13761646592705973,0.06598603630838122,0.17910545925077784,0.2133828765604866
72,"Cfg(cluster_seed=2, surrogate='dt', surrogate_seed=0, estimator='tree_path', bg_size=50, bg_seed=0)",dt,2,0.9317549085764452,1.0,1,0.0,0.0,0.0021991350579887237,0.0,0.0,0.0,0.2802099290465126,0.0,0.0,0.032685268211501195,0.06109998739797182,0.2910095876446162,0.12107443442270176
72,"Cfg(cluster_seed=2, surrogate='dt', surrogate_seed=0, estimator='tree_path', bg_size=50, bg_seed=0)",dt,2,0.9317549085764452,1.0,2,0.0,0.0,0.029955217708868248,0.0,0.0,0.0,0.07934857387332837,0.00727447039224332,0.0,0.0,0.0,0.012610135966357414,0.5467761991926999
73,"Cfg(cluster_seed=2, surrogate='dt', surrogate_seed=0, estimator='tree_int', bg_size=50, bg_seed=0)",dt,2,0.9317549085764452,1.0,0,0.0,0.0,0.029216623397973866,0.0,0.0,0.0,0.17055614675008315,0.014743589832232555,0.0,0.051333334276309414,0.0386666674201305,0.08417064672020771,0.21276127888606144
73,"Cfg(cluster_seed=2, surrogate='dt', surrogate_seed=0, estimator='tree_int', bg_size=50, bg_seed=0)",dt,2,0.9317549085764452,1.0,1,0.0,0.0,0.0035294118582033644,0.0,0.0,0.0,0.1921568650766914,0.0,0.0,0.09816993233619949,0.14816993734123668,0.2634640558210075,0.09588235496305952
73,"Cfg(cluster_seed=2, surrogate='dt', surrogate_seed=0, estimator='tree_int', bg_size=50, bg_seed=0)",dt,2,0.9317549085764452,1.0,2,0.0,0.0,0.03903040479748478,0.0,0.0,0.0,0.23837041156666874,0.00973118303283569,0.0,0.0,0.0,0.005957545401648649,0.38962458340391065
74,"Cfg(cluster_seed=2, surrogate='dt', surrogate_seed=0, estimator='tree_int', bg_size=50, bg_seed=1)",dt,2,0.9317549085764452,1.0,0,0.0,0.0,0.030069850419576365,0.0,0.0,0.0,0.14091335261785068,0.006820512911448112,0.0,0.0604358984117325,0.04910256497905804,0.11319894025417467,0.19723961681586036
74,"Cfg(cluster_seed=2, surrogate='dt', surrogate_seed=0, estimator='tree_int', bg_size=50, bg_seed=1)",dt,2,0.9317549085764452,1.0,1,0.0,0.0,0.002581699417502272,0.0,0.0,0.0,0.19519608068407748,0.0,0.0,0.06944444270402785,0.12911764940794787,0.29751634212101224,0.09640523045670757
74,"Cfg(cluster_seed=2, surrogate='dt', surrogate_seed=0, estimator='tree_int', bg_size=50, bg_seed=1)",dt,2,0.9317549085764452,1.0,2,0.0,0.0,0.03772710486765826,0.0,0.0,0.0,0.2201334816451758,0.0008602150649793687,0.0,0.0,0.0,0.006889135998583619,0.42990174698252864
75,"Cfg(cluster_seed=2, surrogate='dt', surrogate_seed=0, estimator='tree_int', bg_size=50, bg_seed=2)",dt,2,0.9317549085764452,1.0,0,0.0,0.0,0.011755526570173407,0.0,0.0,0.0,0.15083952431953881,0.014128205216847938,0.0,0.06382051388575481,0.05951282150928791,0.13502431529072617,0.2040075214184247
75,"Cfg(cluster_seed=2, surrogate='dt', surrogate_seed=0, estimator='tree_int', bg_size=50, bg_seed=2)",dt,2,0.9317549085764452,1.0,1,0.0,0.0,0.0017973856686377058,0.0,0.0,0.0,0.18022876030966337,0.0,0.0,0.0794117627073737,0.13019608089444676,0.2466339900972796,0.09199346632349724
75,"Cfg(cluster_seed=2, surrogate='dt', surrogate_seed=0, estimator='tree_int', bg_size=50, bg_seed=2)",dt,2,0.9317549085764452,1.0,2,0.0,0.0,0.03016221775643286,0.0,0.0,0.0,0.2677187615858329,0.008924731400705162,0.0,0.0,0.0,0.007392473052285858,0.3898414930124433
76,"Cfg(cluster_seed=2, surrogate='dt', surrogate_seed=1, estimator='tree_path', bg_size=50, bg_seed=0)",dt,2,0.9192016593565293,1.0,0,0.0,0.041682952996469604,0.016842664732985235,0.0,0.0,0.010320827700313022,0.06014868365306459,0.0,0.0,0.13107122609530306,0.0,0.19703085522399102,0.22245253806697834
76,"Cfg(cluster_seed=2, surrogate='dt', surrogate_seed=1, estimator='tree_path', bg_size=50, bg_seed=0)",dt,2,0.9192016593565293,1.0,1,0.0,0.03515147604125222,0.0021991350579887237,0.0,0.0,0.0,0.2834595434990352,0.0,0.0,0.06415352016570039,0.0,0.2841935799827646,0.10937260204372212
76,"Cfg(cluster_seed=2, surrogate='dt', surrogate_seed=1, estimator='tree_path', bg_size=50, bg_seed=0)",dt,2,0.9192016593565293,1.0,2,0.0,0.0,0.02989200815421427,0.0,0.0,0.007310642333923919,0.07934857387332837,0.0,0.0,0.0,0.0,0.012592232682091259,0.5468394087473538
77,"Cfg(cluster_seed=2, surrogate='dt', surrogate_seed=1, estimator='tree_int', bg_size=50, bg_seed=0)",dt,2,0.9192016593565293,1.0,0,0.0,0.018307692688245045,0.01819805573958616,0.0,0.0,0.012846153919513416,0.14583819842797052,0.0,0.0,0.10805128280016094,0.0,0.06991423797148924,0.22373563577578612
77,"Cfg(cluster_seed=2, surrogate='dt', surrogate_seed=1, estimator='tree_int', bg_size=50, bg_seed=0)",dt,2,0.9192016593565293,1.0,1,0.0,0.06058823629337194,0.0035294118582033644,0.0,0.0,0.0,0.23176470800357707,0.0,0.0,0.20124182938360713,0.0,0.22921568663681274,0.06633986962192197
77,"Cfg(cluster_seed=2, surrogate='dt', surrogate_seed=1, estimator='tree_int', bg_size=50, bg_seed=0)",dt,2,0.9192016593565293,1.0,2,0.0,0.0,0.03327771642665948,0.0,0.0,0.014946236865174382,0.23837041156666874,0.0,0.0,0.0,0.0,0.005151093889688777,0.3909686694125978
78,"Cfg(cluster_seed=2, surrogate='dt', surrogate_seed=1, estimator='tree_int', bg_size=50, bg_seed=1)",dt,2,0.9192016593565293,1.0,0,0.0,0.023794872196821044,0.020351901632088887,0.0,0.0,0.010692307802347034,0.12460566065403136,0.0,0.0,0.11230769311923233,0.0,0.1029938142712301,0.21082935921045456
78,"Cfg(cluster_seed=2, surrogate='dt', surrogate_seed=1, estimator='tree_int', bg_size=50, bg_seed=1)",dt,2,0.9192016593565293,1.0,1,0.0,0.07254902070059498,0.002581699417502272,0.0,0.0,0.0,0.22088235504779147,0.0,0.0,0.14418300442251486,0.0,0.2863071925850474,0.060294117536030555
78,"Cfg(cluster_seed=2, surrogate='dt', surrogate_seed=1, estimator='tree_int', bg_size=50, bg_seed=1)",dt,2,0.9192016593565293,1.0,2,0.0,0.0,0.031167964930495867,0.0,0.0,0.007688172166385959,0.2201334816451758,0.0,0.0,0.0,0.0,0.005222469469712633,0.43151465028524433
79,"Cfg(cluster_seed=2, surrogate='dt', surrogate_seed=1, estimator='tree_int', bg_size=50, bg_seed=2)",dt,2,0.9192016593565293,1.0,0,0.0,0.028461538851261122,0.00605172425050002,0.0,0.0,0.007538461602651158,0.1348395246634117,0.0,0.0,0.1270769239664079,0.0,0.11933201092481617,0.21569982766188112
79,"Cfg(cluster_seed=2, surrogate='dt', surrogate_seed=1, estimator='tree_int', bg_size=50, bg_seed=2)",dt,2,0.9192016593565293,1.0,1,0.0,0.06529411873981057,0.0017973856686377058,0.0,0.0,0.0,0.2042156883226891,0.0,0.0,0.15967320121970816,0.0,0.23029411945857234,0.0631045755159621
79,"Cfg(cluster_seed=2, surrogate='dt', surrogate_seed=1, estimator='tree_int', bg_size=50, bg_seed=2)",dt,2,0.9192016593565293,1.0,2,0.0,0.0,0.02527530624350952,0.0,0.0,0.01365591427010874,0.2677187615858329,0.0,0.0,0.0,0.0,0.006424731203324855,0.3910780521458192
80,"Cfg(cluster_seed=2, surrogate='dt', surrogate_seed=2, estimator='tree_path', bg_size=50, bg_seed=0)",dt,2,0.9149872998995805,1.0,0,0.0,0.0,0.021366724159183115,0.0,0.0,0.0,0.06147177846825129,0.0,0.0,0.1720195204919457,0.0,0.19849489768114711,0.2173389905830067
80,"Cfg(cluster_seed=2, surrogate='dt', surrogate_seed=2, estimator='tree_path', bg_size=50, bg_seed=0)",dt,2,0.9149872998995805,1.0,1,0.0,0.0,0.0021991350579887237,0.0,0.0,0.0,0.28995877240408036,0.0,0.0,0.09473350468899698,0.0,0.2841935799827646,0.09373039010276595
80,"Cfg(cluster_seed=2, surrogate='dt', surrogate_seed=2, estimator='tree_path', bg_size=50, bg_seed=0)",dt,2,0.9149872998995805,1.0,2,0.0,0.0,0.030670121659809063,0.0,0.0,0.0,0.07934857387332837,0.0,0.0,0.0,0.0,0.01914554762512033,0.5465044149682504
81,"Cfg(cluster_seed=2, surrogate='dt', surrogate_seed=2, estimator='tree_int', bg_size=50, bg_seed=0)",dt,2,0.9149872998995805,1.0,0,0.0,0.0,0.02442175164589515,0.0,0.0,0.0,0.10870999349539097,0.0,0.0,0.14051282198154003,0.0,0.0697860328646806,0.23888947883019068
81,"Cfg(cluster_seed=2, surrogate='dt', surrogate_seed=2, estimator='tree_int', bg_size=50, bg_seed=0)",dt,2,0.9149872998995805,1.0,1,0.0,0.0,0.0035294118582033644,0.0,0.0,0.0,0.30784313861645934,0.0,0.0,0.22705882312620385,0.0,0.22921568663681274,0.0336601329141972
81,"Cfg(cluster_seed=2, surrogate='dt', surrogate_seed=2, estimator='tree_int', bg_size=50, bg_seed=0)",dt,2,0.9149872998995805,1.0,2,0.0,0.0,0.03774008211529541,0.0,0.0,0.0,0.23837041156666874,0.0,0.0,0.0,0.0,0.01607804977875806,0.3902697447134605
82,"Cfg(cluster_seed=2, surrogate='dt', surrogate_seed=2, estimator='tree_int', bg_size=50, bg_seed=1)",dt,2,0.9149872998995805,1.0,0,0.0,0.0,0.02571087607512108,0.0,0.0,0.0,0.07906719936315831,0.0,0.0,0.15374359138195326,0.0,0.11004509635155028,0.22936781719556212
82,"Cfg(cluster_seed=2, surrogate='dt', surrogate_seed=2, estimator='tree_int', bg_size=50, bg_seed=1)",dt,2,0.9149872998995805,1.0,1,0.0,0.0,0.002581699417502272,0.0,0.0,0.0,0.31107843259093804,0.0,0.0,0.16967320071715938,0.0,0.2863071925850474,0.03232026333318034
82,"Cfg(cluster_seed=2, surrogate='dt', surrogate_seed=2, estimator='tree_int', bg_size=50, bg_seed=1)",dt,2,0.9149872998995805,1.0,2,0.0,0.0,0.03536151338969503,0.0,0.0,0.0,0.2201334816451758,0.0,0.0,0.0,0.0,0.00982573226094247,0.4306544351673899
83,"Cfg(cluster_seed=2, surrogate='dt', surrogate_seed=2, estimator='tree_int', bg_size=50, bg_seed=2)",dt,2,0.9149872998995805,1.0,0,0.0,0.0,0.00900486328968635,0.0,0.0,0.0,0.08919849925774792,0.0,0.0,0.1754358991705454,0.0,0.11687047251829737,0.23467418297895998
83,"Cfg(cluster_seed=2, surrogate='dt', surrogate_seed=2, estimator='tree_int', bg_size=50, bg_seed=2)",dt,2,0.9149872998995805,1.0,1,0.0,0.0,0.0017973856686377058,0.0,0.0,0.0,0.29480392270520617,0.0,0.0,0.17712418180470357,0.0,0.23029411945857234,0.03349673380454381
83,"Cfg(cluster_seed=2, surrogate='dt', surrogate_seed=2, estimator='tree_int', bg_size=50, bg_seed=2)",dt,2,0.9149872998995805,1.0,2,0.0,0.0,0.029389136482270484,0.0,0.0,0.0,0.2677187615858329,0.0,0.0,0.0,0.0,0.016209677500770448,0.3902178370856466
84,"Cfg(cluster_seed=2, surrogate='rf', surrogate_seed=0, estimator='tree_path', bg_size=50, bg_seed=0)",rf,2,0.9835340702854314,1.0,0,0.10133158775544765,0.028656774623873133,0.008968742995300911,0.00831571857619086,0.030478507897990077,0.012266332647422535,0.05319189829331768,0.0031503895780252604,0.008276508496097313,0.152933572887701,0.04255732259913173,0.06179392417680022,0.13026322611629426
84,"Cfg(cluster_seed=2, surrogate='rf', surrogate_seed=0, estimator='tree_path', bg_size=50, bg_seed=0)",rf,2,0.9835340702854314,1.0,1,0.029481754527302135,0.02457822533765529,0.0030926453356847363,0.008855691163466984,0.002604270921152812,0.057445046882687346,0.14793229476773959,0.01210805582177406,0.01931628105622048,0.09569517320069676,0.08250981388652119,0.17548258667210265,0.050258831852293226
84,"Cfg(cluster_seed=2, surrogate='rf', surrogate_seed=0, estimator='tree_path', bg_size=50, bg_seed=0)",rf,2,0.9835340702854314,1.0,2,0.07628563534803799,0.009113979230698165,0.005479760066930607,0.012587197350766952,0.025371310781264148,0.05455018070953123,0.09745860121668627,0.006245146424220293,0.00739760802649659,0.06456614378899271,0.022331112341572184,0.07009838095436864,0.19847312303129222
85,"Cfg(cluster_seed=2, surrogate='rf', surrogate_seed=0, estimator='tree_int', bg_size=50, bg_seed=0)",rf,2,0.9835340702854314,1.0,0,0.090929369721893,0.024225893134976594,0.00831682315744603,0.005813304167787674,0.0268475855047134,0.013934891692989579,0.05158347868993028,0.0037909060775732197,0.0057053920747018256,0.1358551535169603,0.026718877327498593,0.04755482166737783,0.12022957800452928
85,"Cfg(cluster_seed=2, surrogate='rf', surrogate_seed=0, estimator='tree_int', bg_size=50, bg_seed=0)",rf,2,0.9835340702854314,1.0,1,0.027911852528609327,0.0216932467100788,0.0022899658204187288,0.007860261629554288,0.0028266449485375897,0.04747998556626294,0.16354338711531238,0.009366722917041567,0.01887787470713317,0.11449643290106622,0.10569725431782061,0.19628932624322937,0.029513530121055054
85,"Cfg(cluster_seed=2, surrogate='rf', surrogate_seed=0, estimator='tree_int', bg_size=50, bg_seed=0)",rf,2,0.9835340702854314,1.0,2,0.07152402889297056,0.010406124162274804,0.004576323718642778,0.01090778572105269,0.033927166728629554,0.049588795382794836,0.09289515330907305,0.006586935643999528,0.007442544983679262,0.06151412593182966,0.01768949096836995,0.056994422781492415,0.21518453149374234
86,"Cfg(cluster_seed=2, surrogate='rf', surrogate_seed=0, estimator='tree_int', bg_size=50, bg_seed=1)",rf,2,0.9835340702854314,1.0,0,0.09369120129505888,0.02441560498333106,0.008428703501825046,0.007094735208936283,0.029212154544612325,0.013143138326211981,0.04403046996685308,0.003492950023384764,0.00530419060036925,0.1488089682440779,0.03436195932220793,0.05073784737987893,0.11407762181489278
86,"Cfg(cluster_seed=2, surrogate='rf', surrogate_seed=0, estimator='tree_int', bg_size=50, bg_seed=1)",rf,2,0.9835340702854314,1.0,1,0.023297112301133543,0.02118906368922634,0.002946732098684794,0.009225057804134993,0.0023753377504694717,0.04958305440976642,0.18341972435301274,0.011288814465692224,0.018732944732211196,0.09506202533181447,0.08851280635467038,0.19812264095342294,0.029422929433408983
86,"Cfg(cluster_seed=2, surrogate='rf', surrogate_seed=0, estimator='tree_int', bg_size=50, bg_seed=1)",rf,2,0.9835340702854314,1.0,2,0.07347876524118024,0.009104449783668731,0.00628487983026477,0.010750637741452186,0.03695901523579866,0.04838396688628917,0.08429507117205387,0.004666899755595237,0.006947020137314769,0.05438984005213922,0.02293092478491505,0.06153271782911863,0.22301772166012068
87,"Cfg(cluster_seed=2, surrogate='rf', surrogate_seed=0, estimator='tree_int', bg_size=50, bg_seed=2)",rf,2,0.9835340702854314,1.0,0,0.08961765784853866,0.02410891143902419,0.008409331096430276,0.00666602458023352,0.026747751552159357,0.01167950702675443,0.05207374975097461,0.003906556871464438,0.005710681454103904,0.15308075589609846,0.03701147830461223,0.05548059229941842,0.11628513102357776
87,"Cfg(cluster_seed=2, surrogate='rf', surrogate_seed=0, estimator='tree_int', bg_size=50, bg_seed=2)",rf,2,0.9835340702854314,1.0,1,0.024520971653743312,0.020161055574517733,0.0026211703104276896,0.008591413220505379,0.0021817865477493665,0.04730901762026725,0.1558363187625233,0.009959838399110025,0.016336349593606716,0.09479402968993837,0.08702477330860098,0.18431522700206943,0.028692353631854264
87,"Cfg(cluster_seed=2, surrogate='rf', surrogate_seed=0, estimator='tree_int', bg_size=50, bg_seed=2)",rf,2,0.9835340702854314,1.0,2,0.07348430031218618,0.012266536393351174,0.0061245828438193485,0.010485438039375424,0.031957509737065626,0.05075245130850815,0.10566642601516628,0.006882294076738972,0.008218190165155851,0.05371842424713373,0.026806913099834705,0.0699877384989316,0.21524849463193196
88,"Cfg(cluster_seed=2, surrogate='rf', surrogate_seed=1, estimator='tree_path', bg_size=50, bg_seed=0)",rf,2,0.9782007369520981,1.0,0,0.10235267462520145,0.026378171567287466,0.009421437199002363,0.0081998115551784,0.03468761616488815,0.011439577106589527,0.05515870097083982,0.0027792640860119637,0.007682399608240071,0.1427657256257692,0.04206002073751444,0.06693903670524688,0.13152837762755648
88,"Cfg(cluster_seed=2, surrogate='rf', surrogate_seed=1, estimator='tree_path', bg_size=50, bg_seed=0)",rf,2,0.9782007369520981,1.0,1,0.025013764881164108,0.025322891907094473,0.003449994401415741,0.007312116460091056,0.003123786106432634,0.04346750896852802,0.16589288270324712,0.008142764540376483,0.020735245057448903,0.08924737552823855,0.0819324214596711,0.17934424623581902,0.051055631653273835
88,"Cfg(cluster_seed=2, surrogate='rf', surrogate_seed=1, estimator='tree_path', bg_size=50, bg_seed=0)",rf,2,0.9782007369520981,1.0,2,0.0751433254402188,0.01015377261553409,0.005073439705814812,0.010106019863999656,0.02725543815071887,0.03869798981760741,0.10514107987906228,0.004550058240230223,0.009576464847102211,0.057750019325842415,0.025111964206660845,0.07503833089880978,0.2010960206294667
89,"Cfg(cluster_seed=2, surrogate='rf', surrogate_seed=1, estimator='tree_int', bg_size=50, bg_seed=0)",rf,2,0.9782007369520981,1.0,0,0.08919939899237941,0.02202454022510211,0.008982820734641376,0.005583370102636626,0.03068182247095347,0.012098054022956954,0.054260169874527496,0.0036446228021036068,0.0055376484936792755,0.13531193248154605,0.026061187452994294,0.051211383440339264,0.11516021035492978
89,"Cfg(cluster_seed=2, surrogate='rf', surrogate_seed=1, estimator='tree_int', bg_size=50, bg_seed=0)",rf,2,0.9782007369520981,1.0,1,0.025655076873332364,0.023582985318829675,0.0026466044830101283,0.0066530938409599845,0.0028198911384770668,0.03956588331545479,0.16653218266927391,0.0063413509192326405,0.017327102803164067,0.11000747854907908,0.10216054707823502,0.20632542983971208,0.035155556392239634
89,"Cfg(cluster_seed=2, surrogate='rf', surrogate_seed=1, estimator='tree_int', bg_size=50, bg_seed=0)",rf,2,0.9782007369520981,1.0,2,0.075239574290214,0.011471400690856937,0.0043730851020401095,0.009794383234102208,0.036414657843985974,0.03570462964957246,0.10259755241819751,0.0042597850422351905,0.008290376549513541,0.05824682168978759,0.01705811102931611,0.06195363441106654,0.21288728364077664
90,"Cfg(cluster_seed=2, surrogate='rf', surrogate_seed=1, estimator='tree_int', bg_size=50, bg_seed=1)",rf,2,0.9782007369520981,1.0,0,0.09241211946061396,0.022389365631867025,0.008853961146670022,0.006606674154866666,0.03236846964357671,0.011277992953893356,0.04519808173179627,0.002960100195912395,0.004639316357600575,0.14777907319383382,0.034005351263789084,0.05622189392757046,0.1102253482101906
90,"Cfg(cluster_seed=2, surrogate='rf', surrogate_seed=1, estimator='tree_int', bg_size=50, bg_seed=1)",rf,2,0.9782007369520981,1.0,1,0.02017945582051099,0.023606558302234782,0.0036533209724139487,0.007610849854907286,0.002763233808566606,0.04047288613841875,0.18459476324076787,0.007754880365842551,0.01800488993789722,0.09454764312695012,0.08723687415481882,0.20632148648472387,0.033483682714451755
90,"Cfg(cluster_seed=2, surrogate='rf', surrogate_seed=1, estimator='tree_int', bg_size=50, bg_seed=1)",rf,2,0.9782007369520981,1.0,2,0.07650688358911505,0.010466080647304133,0.006210604353048349,0.009688305409292823,0.039840702470404894,0.034885200558068576,0.09126239341388073,0.002929833656987958,0.008057632052828747,0.05033245387384782,0.021817798799002634,0.06797428995870798,0.22247412467454264
91,"Cfg(cluster_seed=2, surrogate='rf', surrogate_seed=1, estimator='tree_int', bg_size=50, bg_seed=2)",rf,2,0.9782007369520981,1.0,0,0.08742053691284339,0.022550503607964713,0.009028483740101087,0.0064066570567352195,0.02994168325287486,0.010764115044792837,0.05370679744379149,0.004019470186094204,0.005387333476445815,0.15157530528732666,0.03631020358466105,0.061003872058466246,0.1098580002209055
91,"Cfg(cluster_seed=2, surrogate='rf', surrogate_seed=1, estimator='tree_int', bg_size=50, bg_seed=2)",rf,2,0.9782007369520981,1.0,1,0.02261675436069103,0.021518388318363568,0.0030712792537102066,0.007382614555130665,0.0022301152149585128,0.03707545686487505,0.15750354254432822,0.006520109093370252,0.01535251514117037,0.09220084880149479,0.08603354077864246,0.1927730983538512,0.03464102479634925
91,"Cfg(cluster_seed=2, surrogate='rf', surrogate_seed=1, estimator='tree_int', bg_size=50, bg_seed=2)",rf,2,0.9782007369520981,1.0,2,0.07693989946401768,0.01277764496020785,0.005559544425899906,0.00937362285304604,0.03429888205337956,0.03733839568154978,0.11611818510471725,0.004422555147725246,0.00931021272269948,0.05082781997645078,0.025201290941289298,0.07701703977506823,0.21243150790800783
92,"Cfg(cluster_seed=2, surrogate='rf', surrogate_seed=2, estimator='tree_path', bg_size=50, bg_seed=0)",rf,2,0.9835340702854314,1.0,0,0.10909054261208614,0.027729717346561007,0.007958670219826387,0.009793042093087359,0.03489544209312005,0.01432999959913809,0.04883180090206054,0.005349883776583432,0.009564237467926116,0.15212268119442765,0.04475533675387515,0.0603996121364857,0.12060472914721829
92,"Cfg(cluster_seed=2, surrogate='rf', surrogate_seed=2, estimator='tree_path', bg_size=50, bg_seed=0)",rf,2,0.9835340702854314,1.0,1,0.030160644987922595,0.02127576865243158,0.0023843324317533135,0.008226808630754189,0.003115607638385749,0.05821872000935002,0.1354861529664142,0.011484189853920516,0.023015182494032272,0.0882348616963095,0.09106756125131937,0.19115528207830199,0.041412008254998287
92,"Cfg(cluster_seed=2, surrogate='rf', surrogate_seed=2, estimator='tree_path', bg_size=50, bg_seed=0)",rf,2,0.9835340702854314,1.0,2,0.08359107910059621,0.01186782963446548,0.005251822952424918,0.013134307351552885,0.02307852762539096,0.05780667400860825,0.08777782353263051,0.005399397700470845,0.008832464912571896,0.06209979390816495,0.028175229652739987,0.08678537094823617,0.1749424065264206
93,"Cfg(cluster_seed=2, surrogate='rf', surrogate_seed=2, estimator='tree_int', bg_size=50, bg_seed=0)",rf,2,0.9835340702854314,1.0,0,0.09420075440788284,0.024321333926045692,0.007342102744101652,0.005937042882746588,0.03152871870979791,0.015874256808955503,0.043700377162868294,0.005821128349119903,0.007560359158678557,0.14106752483818966,0.03055812040433878,0.04529536863442404,0.10738017353302655
93,"Cfg(cluster_seed=2, surrogate='rf', surrogate_seed=2, estimator='tree_int', bg_size=50, bg_seed=0)",rf,2,0.9835340702854314,1.0,1,0.029356309453151864,0.0213936513129624,0.002085446674227212,0.008677202201796911,0.003809978304899927,0.04796449229053513,0.14069920043064413,0.009570065589996016,0.023360697735556372,0.11372330497432295,0.11224709889112712,0.2061758157783084,0.028120906368986818
93,"Cfg(cluster_seed=2, surrogate='rf', surrogate_seed=2, estimator='tree_int', bg_size=50, bg_seed=0)",rf,2,0.9835340702854314,1.0,2,0.07459192705906917,0.013212283993817702,0.004365448136593313,0.011354219408982433,0.03599591998443489,0.0505284651192027,0.08589574196965492,0.005059856756584674,0.009485412417486636,0.06481480954728706,0.016513579515728537,0.06716191407392127,0.201141128750258
94,"Cfg(cluster_seed=2, surrogate='rf', surrogate_seed=2, estimator='tree_int', bg_size=50, bg_seed=1)",rf,2,0.9835340702854314,1.0,0,0.09548469583390509,0.023949607418160532,0.007383138153657243,0.007479094201309355,0.03299379566941822,0.01397018106255788,0.03796255772274274,0.00500071807258064,0.00684811982264868,0.15402134688623928,0.03868127567609413,0.04990385713460888,0.10346651531727266
94,"Cfg(cluster_seed=2, surrogate='rf', surrogate_seed=2, estimator='tree_int', bg_size=50, bg_seed=1)",rf,2,0.9835340702854314,1.0,1,0.024297134104978316,0.02102262733993805,0.002654117712284228,0.009562256690347994,0.0031049673952271836,0.0499913083997272,0.15844704088842265,0.011282309640208077,0.023506449373882937,0.09583441564695697,0.09577896899794794,0.20724995212094158,0.027945674492745872
94,"Cfg(cluster_seed=2, surrogate='rf', surrogate_seed=2, estimator='tree_int', bg_size=50, bg_seed=1)",rf,2,0.9835340702854314,1.0,2,0.07635009146587463,0.012053620375339845,0.005815896200759697,0.011651075537909842,0.038386252861894336,0.04966198788117898,0.07648775915132233,0.0035178316282643562,0.008921720647809822,0.056089834956548026,0.02184238148929697,0.0738257698503965,0.20945688423788414
95,"Cfg(cluster_seed=2, surrogate='rf', surrogate_seed=2, estimator='tree_int', bg_size=50, bg_seed=2)",rf,2,0.9835340702854314,1.0,0,0.09227672261309297,0.02407959032745566,0.007387523989815518,0.007331470265142761,0.03058665031231402,0.013731968600468603,0.04446246508539369,0.005944940319495241,0.007390068557413403,0.15749128835056378,0.04111870431009894,0.05341164476367033,0.10349907941487169
95,"Cfg(cluster_seed=2, surrogate='rf', surrogate_seed=2, estimator='tree_int', bg_size=50, bg_seed=2)",rf,2,0.9835340702854314,1.0,1,0.026239051364880684,0.019757856064905214,0.0021392593124319854,0.009680993078423033,0.0027716900760780994,0.04606975524277825,0.13450860270949003,0.009722287816511393,0.02068577392774922,0.09432710779809846,0.09462273181893312,0.19297282136486088,0.02800823596305575
95,"Cfg(cluster_seed=2, surrogate='rf', surrogate_seed=2, estimator='tree_int', bg_size=50, bg_seed=2)",rf,2,0.9835340702854314,1.0,2,0.07562494807720802,0.015921254880161165,0.005473763572888622,0.01077965975267768,0.03298019026162012,0.05153368532430193,0.0964170555891507,0.005157258190827691,0.010607491297560046,0.05780173463739629,0.024303487537276416,0.08521809474980992,0.20252148466971948
96,"Cfg(cluster_seed=2, surrogate='lgbm', surrogate_seed=0, estimator='tree_path', bg_size=50, bg_seed=0)",lgbm,2,0.9660637789760596,1.0,0,1.8590078900572564,1.244202065503501,0.26035372675859314,0.08158390849352438,0.3390221697546253,0.003983349106300904,0.05874586773686695,0.03516387551002127,0.04936113411672131,5.222538591174531,0.2742133990023685,0.054146362370870824,0.8815992485029895
96,"Cfg(cluster_seed=2, surrogate='lgbm', surrogate_seed=0, estimator='tree_path', bg_size=50, bg_seed=0)",lgbm,2,0.9660637789760596,1.0,1,0.012125307821896603,0.022439628616450963,0.014700711685091348,0.006898340664452257,0.026334309735722587,0.03620003869283337,3.5060648118599804,0.09316622257380958,0.21375439669243076,0.6550924727399431,0.8775985936803147,4.2874105458597205,0.0035128913262391214
96,"Cfg(cluster_seed=2, surrogate='lgbm', surrogate_seed=0, estimator='tree_path', bg_size=50, bg_seed=0)",lgbm,2,0.9660637789760596,1.0,2,0.0020082375283439454,0.018975600506988852,0.08065510377431663,0.1331165667690374,0.47465742111704506,0.259162069295503,3.610541144258679,0.09226400818109057,0.0011171289209639505,0.054241645728970875,0.00597710795834593,0.06722180218976873,4.319892137560594
97,"Cfg(cluster_seed=2, surrogate='lgbm', surrogate_seed=0, estimator='tree_int', bg_size=50, bg_seed=0)",lgbm,2,0.9660637789760596,1.0,0,0.10383357933900507,0.07008109610966345,0.015440828539042032,0.005801676005739845,0.016750845910761463,0.00018476238129134956,0.006668794587856906,0.0016261070709842364,0.0023717387293268953,0.2766798851279296,0.015503839769087755,0.0022308114316170213,0.06737622371960826
97,"Cfg(cluster_seed=2, surrogate='lgbm', surrogate_seed=0, estimator='tree_int', bg_size=50, bg_seed=0)",lgbm,2,0.9660637789760596,1.0,1,0.0012885795309311762,0.0016264146020473502,0.0013807031254464246,0.0007650361227009328,0.0011364748543692808,0.003493236963875167,0.2575594989806388,0.006791076727122136,0.022791546754756156,0.12766618583462347,0.11392264744539185,0.24231738716575388,0.00048283974220414926
97,"Cfg(cluster_seed=2, surrogate='lgbm', surrogate_seed=0, estimator='tree_int', bg_size=50, bg_seed=0)",lgbm,2,0.9660637789760596,1.0,2,0.0002570632515784652,0.0016880807139772155,0.006230212347721984,0.01698050203758161,0.03758191245079713,0.017469500640812704,0.2695044385901863,0.009657584447527578,0.00015020410562960906,0.0045723542986711,0.00046663631361001554,0.004175198673302763,0.31458840112702596
98,"Cfg(cluster_seed=2, surrogate='lgbm', surrogate_seed=0, estimator='tree_int', bg_size=50, bg_seed=1)",lgbm,2,0.9660637789760596,1.0,0,0.11021581913863894,0.07157084444332718,0.016635161271912422,0.008917772056659678,0.018254882187125974,0.00018648481560928158,0.0030899951482078816,0.0016202270522394124,0.0020800902421299018,0.2972703785199922,0.016463697019462608,0.002374523446530247,0.06388168938693879
98,"Cfg(cluster_seed=2, surrogate='lgbm', surrogate_seed=0, estimator='tree_int', bg_size=50, bg_seed=1)",lgbm,2,0.9660637789760596,1.0,1,0.0008596277309154523,0.0016159220088834652,0.0026821886308901043,0.0009560458618479697,0.0010870522163964665,0.0037094914828511355,0.26539186472264864,0.007435763869339026,0.02101024711983861,0.1059460154954397,0.09472654160562924,0.2569040498433544,0.0004581875164845285
98,"Cfg(cluster_seed=2, surrogate='lgbm', surrogate_seed=0, estimator='tree_int', bg_size=50, bg_seed=1)",lgbm,2,0.9660637789760596,1.0,2,0.0002131735412018965,0.0016067276122440541,0.0056502962181175535,0.018981490914734,0.038480882186931846,0.018436313990561733,0.2278732532653369,0.01138057179978395,0.00017407716905114612,0.004783395957188874,0.00042471969140629707,0.0043836135085793424,0.3550672914345823
99,"Cfg(cluster_seed=2, surrogate='lgbm', surrogate_seed=0, estimator='tree_int', bg_size=50, bg_seed=2)",lgbm,2,0.9660637789760596,1.0,0,0.10172818558905289,0.074177706292651,0.01577270223450386,0.007834108219429732,0.018204823453592492,0.00018399082099174695,0.007666591326214078,0.001864921121501492,0.0022333290668175056,0.3042139688758302,0.01742962762292571,0.002417473553308101,0.0685999726549437
99,"Cfg(cluster_seed=2, surrogate='lgbm', surrogate_seed=0, estimator='tree_int', bg_size=50, bg_seed=2)",lgbm,2,0.9660637789760596,1.0,1,0.0009995858424911416,0.0014077542767179608,0.0022092921270024904,0.0008918054760579025,0.000956959044392646,0.0034014645455354695,0.24184332531773214,0.006656358216803454,0.018546242350673675,0.1064061852843182,0.09065942909594778,0.2284629019161117,0.00045210883541773147
99,"Cfg(cluster_seed=2, surrogate='lgbm', surrogate_seed=0, estimator='tree_int', bg_size=50, bg_seed=2)",lgbm,2,0.9660637789760596,1.0,2,0.0002039197221029681,0.0016211279531351231,0.0062571020326797405,0.019051978526073765,0.03855115790649722,0.01937925254234083,0.28345461073758416,0.010798100302087795,0.00017420811580958916,0.0042322142100528785,0.0004217674238160874,0.004397570980695521,0.33537362446717134
100,"Cfg(cluster_seed=2, surrogate='lgbm', surrogate_seed=1, estimator='tree_path', bg_size=50, bg_seed=0)",lgbm,2,0.9660637789760596,1.0,0,1.8590078900572564,1.244202065503501,0.26035372675859314,0.08158390849352438,0.3390221697546253,0.003983349106300904,0.05874586773686695,0.03516387551002127,0.04936113411672131,5.222538591174531,0.2742133990023685,0.054146362370870824,0.8815992485029895
100,"Cfg(cluster_seed=2, surrogate='lgbm', surrogate_seed=1, estimator='tree_path', bg_size=50, bg_seed=0)",lgbm,2,0.9660637789760596,1.0,1,0.012125307821896603,0.022439628616450963,0.014700711685091348,0.006898340664452257,0.026334309735722587,0.03620003869283337,3.5060648118599804,0.09316622257380958,0.21375439669243076,0.6550924727399431,0.8775985936803147,4.2874105458597205,0.0035128913262391214
100,"Cfg(cluster_seed=2, surrogate='lgbm', surrogate_seed=1, estimator='tree_path', bg_size=50, bg_seed=0)",lgbm,2,0.9660637789760596,1.0,2,0.0020082375283439454,0.018975600506988852,0.08065510377431663,0.1331165667690374,0.47465742111704506,0.259162069295503,3.610541144258679,0.09226400818109057,0.0011171289209639505,0.054241645728970875,0.00597710795834593,0.06722180218976873,4.319892137560594
101,"Cfg(cluster_seed=2, surrogate='lgbm', surrogate_seed=1, estimator='tree_int', bg_size=50, bg_seed=0)",lgbm,2,0.9660637789760596,1.0,0,0.10383357933900507,0.07008109610966345,0.015440828539042032,0.005801676005739845,0.016750845910761463,0.00018476238129134956,0.006668794587856906,0.0016261070709842364,0.0023717387293268953,0.2766798851279296,0.015503839769087755,0.0022308114316170213,0.06737622371960826
101,"Cfg(cluster_seed=2, surrogate='lgbm', surrogate_seed=1, estimator='tree_int', bg_size=50, bg_seed=0)",lgbm,2,0.9660637789760596,1.0,1,0.0012885795309311762,0.0016264146020473502,0.0013807031254464246,0.0007650361227009328,0.0011364748543692808,0.003493236963875167,0.2575594989806388,0.006791076727122136,0.022791546754756156,0.12766618583462347,0.11392264744539185,0.24231738716575388,0.00048283974220414926
101,"Cfg(cluster_seed=2, surrogate='lgbm', surrogate_seed=1, estimator='tree_int', bg_size=50, bg_seed=0)",lgbm,2,0.9660637789760596,1.0,2,0.0002570632515784652,0.0016880807139772155,0.006230212347721984,0.01698050203758161,0.03758191245079713,0.017469500640812704,0.2695044385901863,0.009657584447527578,0.00015020410562960906,0.0045723542986711,0.00046663631361001554,0.004175198673302763,0.31458840112702596
102,"Cfg(cluster_seed=2, surrogate='lgbm', surrogate_seed=1, estimator='tree_int', bg_size=50, bg_seed=1)",lgbm,2,0.9660637789760596,1.0,0,0.11021581913863894,0.07157084444332718,0.016635161271912422,0.008917772056659678,0.018254882187125974,0.00018648481560928158,0.0030899951482078816,0.0016202270522394124,0.0020800902421299018,0.2972703785199922,0.016463697019462608,0.002374523446530247,0.06388168938693879
102,"Cfg(cluster_seed=2, surrogate='lgbm', surrogate_seed=1, estimator='tree_int', bg_size=50, bg_seed=1)",lgbm,2,0.9660637789760596,1.0,1,0.0008596277309154523,0.0016159220088834652,0.0026821886308901043,0.0009560458618479697,0.0010870522163964665,0.0037094914828511355,0.26539186472264864,0.007435763869339026,0.02101024711983861,0.1059460154954397,0.09472654160562924,0.2569040498433544,0.0004581875164845285
102,"Cfg(cluster_seed=2, surrogate='lgbm', surrogate_seed=1, estimator='tree_int', bg_size=50, bg_seed=1)",lgbm,2,0.9660637789760596,1.0,2,0.0002131735412018965,0.0016067276122440541,0.0056502962181175535,0.018981490914734,0.038480882186931846,0.018436313990561733,0.2278732532653369,0.01138057179978395,0.00017407716905114612,0.004783395957188874,0.00042471969140629707,0.0043836135085793424,0.3550672914345823
103,"Cfg(cluster_seed=2, surrogate='lgbm', surrogate_seed=1, estimator='tree_int', bg_size=50, bg_seed=2)",lgbm,2,0.9660637789760596,1.0,0,0.10172818558905289,0.074177706292651,0.01577270223450386,0.007834108219429732,0.018204823453592492,0.00018399082099174695,0.007666591326214078,0.001864921121501492,0.0022333290668175056,0.3042139688758302,0.01742962762292571,0.002417473553308101,0.0685999726549437
103,"Cfg(cluster_seed=2, surrogate='lgbm', surrogate_seed=1, estimator='tree_int', bg_size=50, bg_seed=2)",lgbm,2,0.9660637789760596,1.0,1,0.0009995858424911416,0.0014077542767179608,0.0022092921270024904,0.0008918054760579025,0.000956959044392646,0.0034014645455354695,0.24184332531773214,0.006656358216803454,0.018546242350673675,0.1064061852843182,0.09065942909594778,0.2284629019161117,0.00045210883541773147
103,"Cfg(cluster_seed=2, surrogate='lgbm', surrogate_seed=1, estimator='tree_int', bg_size=50, bg_seed=2)",lgbm,2,0.9660637789760596,1.0,2,0.0002039197221029681,0.0016211279531351231,0.0062571020326797405,0.019051978526073765,0.03855115790649722,0.01937925254234083,0.28345461073758416,0.010798100302087795,0.00017420811580958916,0.0042322142100528785,0.0004217674238160874,0.004397570980695521,0.33537362446717134
104,"Cfg(cluster_seed=2, surrogate='lgbm', surrogate_seed=2, estimator='tree_path', bg_size=50, bg_seed=0)",lgbm,2,0.9660637789760596,1.0,0,1.8590078900572564,1.244202065503501,0.26035372675859314,0.08158390849352438,0.3390221697546253,0.003983349106300904,0.05874586773686695,0.03516387551002127,0.04936113411672131,5.222538591174531,0.2742133990023685,0.054146362370870824,0.8815992485029895
104,"Cfg(cluster_seed=2, surrogate='lgbm', surrogate_seed=2, estimator='tree_path', bg_size=50, bg_seed=0)",lgbm,2,0.9660637789760596,1.0,1,0.012125307821896603,0.022439628616450963,0.014700711685091348,0.006898340664452257,0.026334309735722587,0.03620003869283337,3.5060648118599804,0.09316622257380958,0.21375439669243076,0.6550924727399431,0.8775985936803147,4.2874105458597205,0.0035128913262391214
104,"Cfg(cluster_seed=2, surrogate='lgbm', surrogate_seed=2, estimator='tree_path', bg_size=50, bg_seed=0)",lgbm,2,0.9660637789760596,1.0,2,0.0020082375283439454,0.018975600506988852,0.08065510377431663,0.1331165667690374,0.47465742111704506,0.259162069295503,3.610541144258679,0.09226400818109057,0.0011171289209639505,0.054241645728970875,0.00597710795834593,0.06722180218976873,4.319892137560594
105,"Cfg(cluster_seed=2, surrogate='lgbm', surrogate_seed=2, estimator='tree_int', bg_size=50, bg_seed=0)",lgbm,2,0.9660637789760596,1.0,0,0.10383357933900507,0.07008109610966345,0.015440828539042032,0.005801676005739845,0.016750845910761463,0.00018476238129134956,0.006668794587856906,0.0016261070709842364,0.0023717387293268953,0.2766798851279296,0.015503839769087755,0.0022308114316170213,0.06737622371960826
105,"Cfg(cluster_seed=2, surrogate='lgbm', surrogate_seed=2, estimator='tree_int', bg_size=50, bg_seed=0)",lgbm,2,0.9660637789760596,1.0,1,0.0012885795309311762,0.0016264146020473502,0.0013807031254464246,0.0007650361227009328,0.0011364748543692808,0.003493236963875167,0.2575594989806388,0.006791076727122136,0.022791546754756156,0.12766618583462347,0.11392264744539185,0.24231738716575388,0.00048283974220414926
105,"Cfg(cluster_seed=2, surrogate='lgbm', surrogate_seed=2, estimator='tree_int', bg_size=50, bg_seed=0)",lgbm,2,0.9660637789760596,1.0,2,0.0002570632515784652,0.0016880807139772155,0.006230212347721984,0.01698050203758161,0.03758191245079713,0.017469500640812704,0.2695044385901863,0.009657584447527578,0.00015020410562960906,0.0045723542986711,0.00046663631361001554,0.004175198673302763,0.31458840112702596
106,"Cfg(cluster_seed=2, surrogate='lgbm', surrogate_seed=2, estimator='tree_int', bg_size=50, bg_seed=1)",lgbm,2,0.9660637789760596,1.0,0,0.11021581913863894,0.07157084444332718,0.016635161271912422,0.008917772056659678,0.018254882187125974,0.00018648481560928158,0.0030899951482078816,0.0016202270522394124,0.0020800902421299018,0.2972703785199922,0.016463697019462608,0.002374523446530247,0.06388168938693879
106,"Cfg(cluster_seed=2, surrogate='lgbm', surrogate_seed=2, estimator='tree_int', bg_size=50, bg_seed=1)",lgbm,2,0.9660637789760596,1.0,1,0.0008596277309154523,0.0016159220088834652,0.0026821886308901043,0.0009560458618479697,0.0010870522163964665,0.0037094914828511355,0.26539186472264864,0.007435763869339026,0.02101024711983861,0.1059460154954397,0.09472654160562924,0.2569040498433544,0.0004581875164845285
106,"Cfg(cluster_seed=2, surrogate='lgbm', surrogate_seed=2, estimator='tree_int', bg_size=50, bg_seed=1)",lgbm,2,0.9660637789760596,1.0,2,0.0002131735412018965,0.0016067276122440541,0.0056502962181175535,0.018981490914734,0.038480882186931846,0.018436313990561733,0.2278732532653369,0.01138057179978395,0.00017407716905114612,0.004783395957188874,0.00042471969140629707,0.0043836135085793424,0.3550672914345823
107,"Cfg(cluster_seed=2, surrogate='lgbm', surrogate_seed=2, estimator='tree_int', bg_size=50, bg_seed=2)",lgbm,2,0.9660637789760596,1.0,0,0.10172818558905289,0.074177706292651,0.01577270223450386,0.007834108219429732,0.018204823453592492,0.00018399082099174695,0.007666591326214078,0.001864921121501492,0.0022333290668175056,0.3042139688758302,0.01742962762292571,0.002417473553308101,0.0685999726549437
107,"Cfg(cluster_seed=2, surrogate='lgbm', surrogate_seed=2, estimator='tree_int', bg_size=50, bg_seed=2)",lgbm,2,0.9660637789760596,1.0,1,0.0009995858424911416,0.0014077542767179608,0.0022092921270024904,0.0008918054760579025,0.000956959044392646,0.0034014645455354695,0.24184332531773214,0.006656358216803454,0.018546242350673675,0.1064061852843182,0.09065942909594778,0.2284629019161117,0.00045210883541773147
107,"Cfg(cluster_seed=2, surrogate='lgbm', surrogate_seed=2, estimator='tree_int', bg_size=50, bg_seed=2)",lgbm,2,0.9660637789760596,1.0,2,0.0002039197221029681,0.0016211279531351231,0.0062571020326797405,0.019051978526073765,0.03855115790649722,0.01937925254234083,0.28345461073758416,0.010798100302087795,0.00017420811580958916,0.0042322142100528785,0.0004217674238160874,0.004397570980695521,0.33537362446717134
108,"Cfg(cluster_seed=3, surrogate='dt', surrogate_seed=0, estimator='tree_path', bg_size=50, bg_seed=0)",dt,3,0.9317549085764452,1.0,0,0.0,0.0,0.02535192328755005,0.0,0.0,0.0,0.06487137512627494,0.008264140712491562,0.0,0.13761646592705973,0.06598603630838122,0.17910545925077784,0.2133828765604866
108,"Cfg(cluster_seed=3, surrogate='dt', surrogate_seed=0, estimator='tree_path', bg_size=50, bg_seed=0)",dt,3,0.9317549085764452,1.0,1,0.0,0.0,0.0021991350579887237,0.0,0.0,0.0,0.2802099290465126,0.0,0.0,0.032685268211501195,0.06109998739797182,0.2910095876446162,0.12107443442270176
108,"Cfg(cluster_seed=3, surrogate='dt', surrogate_seed=0, estimator='tree_path', bg_size=50, bg_seed=0)",dt,3,0.9317549085764452,1.0,2,0.0,0.0,0.029955217708868248,0.0,0.0,0.0,0.07934857387332837,0.00727447039224332,0.0,0.0,0.0,0.012610135966357414,0.5467761991926999
109,"Cfg(cluster_seed=3, surrogate='dt', surrogate_seed=0, estimator='tree_int', bg_size=50, bg_seed=0)",dt,3,0.9317549085764452,1.0,0,0.0,0.0,0.029216623397973866,0.0,0.0,0.0,0.17055614675008315,0.014743589832232555,0.0,0.051333334276309414,0.0386666674201305,0.08417064672020771,0.21276127888606144
109,"Cfg(cluster_seed=3, surrogate='dt', surrogate_seed=0, estimator='tree_int', bg_size=50, bg_seed=0)",dt,3,0.9317549085764452,1.0,1,0.0,0.0,0.0035294118582033644,0.0,0.0,0.0,0.1921568650766914,0.0,0.0,0.09816993233619949,0.14816993734123668,0.2634640558210075,0.09588235496305952
109,"Cfg(cluster_seed=3, surrogate='dt', surrogate_seed=0, estimator='tree_int', bg_size=50, bg_seed=0)",dt,3,0.9317549085764452,1.0,2,0.0,0.0,0.03903040479748478,0.0,0.0,0.0,0.23837041156666874,0.00973118303283569,0.0,0.0,0.0,0.005957545401648649,0.38962458340391065
110,"Cfg(cluster_seed=3, surrogate='dt', surrogate_seed=0, estimator='tree_int', bg_size=50, bg_seed=1)",dt,3,0.9317549085764452,1.0,0,0.0,0.0,0.030069850419576365,0.0,0.0,0.0,0.14091335261785068,0.006820512911448112,0.0,0.0604358984117325,0.04910256497905804,0.11319894025417467,0.19723961681586036
110,"Cfg(cluster_seed=3, surrogate='dt', surrogate_seed=0, estimator='tree_int', bg_size=50, bg_seed=1)",dt,3,0.9317549085764452,1.0,1,0.0,0.0,0.002581699417502272,0.0,0.0,0.0,0.19519608068407748,0.0,0.0,0.06944444270402785,0.12911764940794787,0.29751634212101224,0.09640523045670757
110,"Cfg(cluster_seed=3, surrogate='dt', surrogate_seed=0, estimator='tree_int', bg_size=50, bg_seed=1)",dt,3,0.9317549085764452,1.0,2,0.0,0.0,0.03772710486765826,0.0,0.0,0.0,0.2201334816451758,0.0008602150649793687,0.0,0.0,0.0,0.006889135998583619,0.42990174698252864
111,"Cfg(cluster_seed=3, surrogate='dt', surrogate_seed=0, estimator='tree_int', bg_size=50, bg_seed=2)",dt,3,0.9317549085764452,1.0,0,0.0,0.0,0.011755526570173407,0.0,0.0,0.0,0.15083952431953881,0.014128205216847938,0.0,0.06382051388575481,0.05951282150928791,0.13502431529072617,0.2040075214184247
111,"Cfg(cluster_seed=3, surrogate='dt', surrogate_seed=0, estimator='tree_int', bg_size=50, bg_seed=2)",dt,3,0.9317549085764452,1.0,1,0.0,0.0,0.0017973856686377058,0.0,0.0,0.0,0.18022876030966337,0.0,0.0,0.0794117627073737,0.13019608089444676,0.2466339900972796,0.09199346632349724
111,"Cfg(cluster_seed=3, surrogate='dt', surrogate_seed=0, estimator='tree_int', bg_size=50, bg_seed=2)",dt,3,0.9317549085764452,1.0,2,0.0,0.0,0.03016221775643286,0.0,0.0,0.0,0.2677187615858329,0.008924731400705162,0.0,0.0,0.0,0.007392473052285858,0.3898414930124433
112,"Cfg(cluster_seed=3, surrogate='dt', surrogate_seed=1, estimator='tree_path', bg_size=50, bg_seed=0)",dt,3,0.9192016593565293,1.0,0,0.0,0.041682952996469604,0.016842664732985235,0.0,0.0,0.010320827700313022,0.06014868365306459,0.0,0.0,0.13107122609530306,0.0,0.19703085522399102,0.22245253806697834
112,"Cfg(cluster_seed=3, surrogate='dt', surrogate_seed=1, estimator='tree_path', bg_size=50, bg_seed=0)",dt,3,0.9192016593565293,1.0,1,0.0,0.03515147604125222,0.0021991350579887237,0.0,0.0,0.0,0.2834595434990352,0.0,0.0,0.06415352016570039,0.0,0.2841935799827646,0.10937260204372212
112,"Cfg(cluster_seed=3, surrogate='dt', surrogate_seed=1, estimator='tree_path', bg_size=50, bg_seed=0)",dt,3,0.9192016593565293,1.0,2,0.0,0.0,0.02989200815421427,0.0,0.0,0.007310642333923919,0.07934857387332837,0.0,0.0,0.0,0.0,0.012592232682091259,0.5468394087473538
113,"Cfg(cluster_seed=3, surrogate='dt', surrogate_seed=1, estimator='tree_int', bg_size=50, bg_seed=0)",dt,3,0.9192016593565293,1.0,0,0.0,0.018307692688245045,0.01819805573958616,0.0,0.0,0.012846153919513416,0.14583819842797052,0.0,0.0,0.10805128280016094,0.0,0.06991423797148924,0.22373563577578612
113,"Cfg(cluster_seed=3, surrogate='dt', surrogate_seed=1, estimator='tree_int', bg_size=50, bg_seed=0)",dt,3,0.9192016593565293,1.0,1,0.0,0.06058823629337194,0.0035294118582033644,0.0,0.0,0.0,0.23176470800357707,0.0,0.0,0.20124182938360713,0.0,0.22921568663681274,0.06633986962192197
113,"Cfg(cluster_seed=3, surrogate='dt', surrogate_seed=1, estimator='tree_int', bg_size=50, bg_seed=0)",dt,3,0.9192016593565293,1.0,2,0.0,0.0,0.03327771642665948,0.0,0.0,0.014946236865174382,0.23837041156666874,0.0,0.0,0.0,0.0,0.005151093889688777,0.3909686694125978
114,"Cfg(cluster_seed=3, surrogate='dt', surrogate_seed=1, estimator='tree_int', bg_size=50, bg_seed=1)",dt,3,0.9192016593565293,1.0,0,0.0,0.023794872196821044,0.020351901632088887,0.0,0.0,0.010692307802347034,0.12460566065403136,0.0,0.0,0.11230769311923233,0.0,0.1029938142712301,0.21082935921045456
114,"Cfg(cluster_seed=3, surrogate='dt', surrogate_seed=1, estimator='tree_int', bg_size=50, bg_seed=1)",dt,3,0.9192016593565293,1.0,1,0.0,0.07254902070059498,0.002581699417502272,0.0,0.0,0.0,0.22088235504779147,0.0,0.0,0.14418300442251486,0.0,0.2863071925850474,0.060294117536030555
114,"Cfg(cluster_seed=3, surrogate='dt', surrogate_seed=1, estimator='tree_int', bg_size=50, bg_seed=1)",dt,3,0.9192016593565293,1.0,2,0.0,0.0,0.031167964930495867,0.0,0.0,0.007688172166385959,0.2201334816451758,0.0,0.0,0.0,0.0,0.005222469469712633,0.43151465028524433
115,"Cfg(cluster_seed=3, surrogate='dt', surrogate_seed=1, estimator='tree_int', bg_size=50, bg_seed=2)",dt,3,0.9192016593565293,1.0,0,0.0,0.028461538851261122,0.00605172425050002,0.0,0.0,0.007538461602651158,0.1348395246634117,0.0,0.0,0.1270769239664079,0.0,0.11933201092481617,0.21569982766188112
115,"Cfg(cluster_seed=3, surrogate='dt', surrogate_seed=1, estimator='tree_int', bg_size=50, bg_seed=2)",dt,3,0.9192016593565293,1.0,1,0.0,0.06529411873981057,0.0017973856686377058,0.0,0.0,0.0,0.2042156883226891,0.0,0.0,0.15967320121970816,0.0,0.23029411945857234,0.0631045755159621
115,"Cfg(cluster_seed=3, surrogate='dt', surrogate_seed=1, estimator='tree_int', bg_size=50, bg_seed=2)",dt,3,0.9192016593565293,1.0,2,0.0,0.0,0.02527530624350952,0.0,0.0,0.01365591427010874,0.2677187615858329,0.0,0.0,0.0,0.0,0.006424731203324855,0.3910780521458192
116,"Cfg(cluster_seed=3, surrogate='dt', surrogate_seed=2, estimator='tree_path', bg_size=50, bg_seed=0)",dt,3,0.9149872998995805,1.0,0,0.0,0.0,0.021366724159183115,0.0,0.0,0.0,0.06147177846825129,0.0,0.0,0.1720195204919457,0.0,0.19849489768114711,0.2173389905830067
116,"Cfg(cluster_seed=3, surrogate='dt', surrogate_seed=2, estimator='tree_path', bg_size=50, bg_seed=0)",dt,3,0.9149872998995805,1.0,1,0.0,0.0,0.0021991350579887237,0.0,0.0,0.0,0.28995877240408036,0.0,0.0,0.09473350468899698,0.0,0.2841935799827646,0.09373039010276595
116,"Cfg(cluster_seed=3, surrogate='dt', surrogate_seed=2, estimator='tree_path', bg_size=50, bg_seed=0)",dt,3,0.9149872998995805,1.0,2,0.0,0.0,0.030670121659809063,0.0,0.0,0.0,0.07934857387332837,0.0,0.0,0.0,0.0,0.01914554762512033,0.5465044149682504
117,"Cfg(cluster_seed=3, surrogate='dt', surrogate_seed=2, estimator='tree_int', bg_size=50, bg_seed=0)",dt,3,0.9149872998995805,1.0,0,0.0,0.0,0.02442175164589515,0.0,0.0,0.0,0.10870999349539097,0.0,0.0,0.14051282198154003,0.0,0.0697860328646806,0.23888947883019068
117,"Cfg(cluster_seed=3, surrogate='dt', surrogate_seed=2, estimator='tree_int', bg_size=50, bg_seed=0)",dt,3,0.9149872998995805,1.0,1,0.0,0.0,0.0035294118582033644,0.0,0.0,0.0,0.30784313861645934,0.0,0.0,0.22705882312620385,0.0,0.22921568663681274,0.0336601329141972
117,"Cfg(cluster_seed=3, surrogate='dt', surrogate_seed=2, estimator='tree_int', bg_size=50, bg_seed=0)",dt,3,0.9149872998995805,1.0,2,0.0,0.0,0.03774008211529541,0.0,0.0,0.0,0.23837041156666874,0.0,0.0,0.0,0.0,0.01607804977875806,0.3902697447134605
118,"Cfg(cluster_seed=3, surrogate='dt', surrogate_seed=2, estimator='tree_int', bg_size=50, bg_seed=1)",dt,3,0.9149872998995805,1.0,0,0.0,0.0,0.02571087607512108,0.0,0.0,0.0,0.07906719936315831,0.0,0.0,0.15374359138195326,0.0,0.11004509635155028,0.22936781719556212
118,"Cfg(cluster_seed=3, surrogate='dt', surrogate_seed=2, estimator='tree_int', bg_size=50, bg_seed=1)",dt,3,0.9149872998995805,1.0,1,0.0,0.0,0.002581699417502272,0.0,0.0,0.0,0.31107843259093804,0.0,0.0,0.16967320071715938,0.0,0.2863071925850474,0.03232026333318034
118,"Cfg(cluster_seed=3, surrogate='dt', surrogate_seed=2, estimator='tree_int', bg_size=50, bg_seed=1)",dt,3,0.9149872998995805,1.0,2,0.0,0.0,0.03536151338969503,0.0,0.0,0.0,0.2201334816451758,0.0,0.0,0.0,0.0,0.00982573226094247,0.4306544351673899
119,"Cfg(cluster_seed=3, surrogate='dt', surrogate_seed=2, estimator='tree_int', bg_size=50, bg_seed=2)",dt,3,0.9149872998995805,1.0,0,0.0,0.0,0.00900486328968635,0.0,0.0,0.0,0.08919849925774792,0.0,0.0,0.1754358991705454,0.0,0.11687047251829737,0.23467418297895998
119,"Cfg(cluster_seed=3, surrogate='dt', surrogate_seed=2, estimator='tree_int', bg_size=50, bg_seed=2)",dt,3,0.9149872998995805,1.0,1,0.0,0.0,0.0017973856686377058,0.0,0.0,0.0,0.29480392270520617,0.0,0.0,0.17712418180470357,0.0,0.23029411945857234,0.03349673380454381
119,"Cfg(cluster_seed=3, surrogate='dt', surrogate_seed=2, estimator='tree_int', bg_size=50, bg_seed=2)",dt,3,0.9149872998995805,1.0,2,0.0,0.0,0.029389136482270484,0.0,0.0,0.0,0.2677187615858329,0.0,0.0,0.0,0.0,0.016209677500770448,0.3902178370856466
120,"Cfg(cluster_seed=3, surrogate='rf', surrogate_seed=0, estimator='tree_path', bg_size=50, bg_seed=0)",rf,3,0.9835340702854314,1.0,0,0.10133158775544765,0.028656774623873133,0.008968742995300911,0.00831571857619086,0.030478507897990077,0.012266332647422535,0.05319189829331768,0.0031503895780252604,0.008276508496097313,0.152933572887701,0.04255732259913173,0.06179392417680022,0.13026322611629426
120,"Cfg(cluster_seed=3, surrogate='rf', surrogate_seed=0, estimator='tree_path', bg_size=50, bg_seed=0)",rf,3,0.9835340702854314,1.0,1,0.029481754527302135,0.02457822533765529,0.0030926453356847363,0.008855691163466984,0.002604270921152812,0.057445046882687346,0.14793229476773959,0.01210805582177406,0.01931628105622048,0.09569517320069676,0.08250981388652119,0.17548258667210265,0.050258831852293226
120,"Cfg(cluster_seed=3, surrogate='rf', surrogate_seed=0, estimator='tree_path', bg_size=50, bg_seed=0)",rf,3,0.9835340702854314,1.0,2,0.07628563534803799,0.009113979230698165,0.005479760066930607,0.012587197350766952,0.025371310781264148,0.05455018070953123,0.09745860121668627,0.006245146424220293,0.00739760802649659,0.06456614378899271,0.022331112341572184,0.07009838095436864,0.19847312303129222
121,"Cfg(cluster_seed=3, surrogate='rf', surrogate_seed=0, estimator='tree_int', bg_size=50, bg_seed=0)",rf,3,0.9835340702854314,1.0,0,0.090929369721893,0.024225893134976594,0.00831682315744603,0.005813304167787674,0.0268475855047134,0.013934891692989579,0.05158347868993028,0.0037909060775732197,0.0057053920747018256,0.1358551535169603,0.026718877327498593,0.04755482166737783,0.12022957800452928
121,"Cfg(cluster_seed=3, surrogate='rf', surrogate_seed=0, estimator='tree_int', bg_size=50, bg_seed=0)",rf,3,0.9835340702854314,1.0,1,0.027911852528609327,0.0216932467100788,0.0022899658204187288,0.007860261629554288,0.0028266449485375897,0.04747998556626294,0.16354338711531238,0.009366722917041567,0.01887787470713317,0.11449643290106622,0.10569725431782061,0.19628932624322937,0.029513530121055054
121,"Cfg(cluster_seed=3, surrogate='rf', surrogate_seed=0, estimator='tree_int', bg_size=50, bg_seed=0)",rf,3,0.9835340702854314,1.0,2,0.07152402889297056,0.010406124162274804,0.004576323718642778,0.01090778572105269,0.033927166728629554,0.049588795382794836,0.09289515330907305,0.006586935643999528,0.007442544983679262,0.06151412593182966,0.01768949096836995,0.056994422781492415,0.21518453149374234
122,"Cfg(cluster_seed=3, surrogate='rf', surrogate_seed=0, estimator='tree_int', bg_size=50, bg_seed=1)",rf,3,0.9835340702854314,1.0,0,0.09369120129505888,0.02441560498333106,0.008428703501825046,0.007094735208936283,0.029212154544612325,0.013143138326211981,0.04403046996685308,0.003492950023384764,0.00530419060036925,0.1488089682440779,0.03436195932220793,0.05073784737987893,0.11407762181489278
122,"Cfg(cluster_seed=3, surrogate='rf', surrogate_seed=0, estimator='tree_int', bg_size=50, bg_seed=1)",rf,3,0.9835340702854314,1.0,1,0.023297112301133543,0.02118906368922634,0.002946732098684794,0.009225057804134993,0.0023753377504694717,0.04958305440976642,0.18341972435301274,0.011288814465692224,0.018732944732211196,0.09506202533181447,0.08851280635467038,0.19812264095342294,0.029422929433408983
122,"Cfg(cluster_seed=3, surrogate='rf', surrogate_seed=0, estimator='tree_int', bg_size=50, bg_seed=1)",rf,3,0.9835340702854314,1.0,2,0.07347876524118024,0.009104449783668731,0.00628487983026477,0.010750637741452186,0.03695901523579866,0.04838396688628917,0.08429507117205387,0.004666899755595237,0.006947020137314769,0.05438984005213922,0.02293092478491505,0.06153271782911863,0.22301772166012068
123,"Cfg(cluster_seed=3, surrogate='rf', surrogate_seed=0, estimator='tree_int', bg_size=50, bg_seed=2)",rf,3,0.9835340702854314,1.0,0,0.08961765784853866,0.02410891143902419,0.008409331096430276,0.00666602458023352,0.026747751552159357,0.01167950702675443,0.05207374975097461,0.003906556871464438,0.005710681454103904,0.15308075589609846,0.03701147830461223,0.05548059229941842,0.11628513102357776
123,"Cfg(cluster_seed=3, surrogate='rf', surrogate_seed=0, estimator='tree_int', bg_size=50, bg_seed=2)",rf,3,0.9835340702854314,1.0,1,0.024520971653743312,0.020161055574517733,0.0026211703104276896,0.008591413220505379,0.0021817865477493665,0.04730901762026725,0.1558363187625233,0.009959838399110025,0.016336349593606716,0.09479402968993837,0.08702477330860098,0.18431522700206943,0.028692353631854264
123,"Cfg(cluster_seed=3, surrogate='rf', surrogate_seed=0, estimator='tree_int', bg_size=50, bg_seed=2)",rf,3,0.9835340702854314,1.0,2,0.07348430031218618,0.012266536393351174,0.0061245828438193485,0.010485438039375424,0.031957509737065626,0.05075245130850815,0.10566642601516628,0.006882294076738972,0.008218190165155851,0.05371842424713373,0.026806913099834705,0.0699877384989316,0.21524849463193196
124,"Cfg(cluster_seed=3, surrogate='rf', surrogate_seed=1, estimator='tree_path', bg_size=50, bg_seed=0)",rf,3,0.9782007369520981,1.0,0,0.10235267462520145,0.026378171567287466,0.009421437199002363,0.0081998115551784,0.03468761616488815,0.011439577106589527,0.05515870097083982,0.0027792640860119637,0.007682399608240071,0.1427657256257692,0.04206002073751444,0.06693903670524688,0.13152837762755648
124,"Cfg(cluster_seed=3, surrogate='rf', surrogate_seed=1, estimator='tree_path', bg_size=50, bg_seed=0)",rf,3,0.9782007369520981,1.0,1,0.025013764881164108,0.025322891907094473,0.003449994401415741,0.007312116460091056,0.003123786106432634,0.04346750896852802,0.16589288270324712,0.008142764540376483,0.020735245057448903,0.08924737552823855,0.0819324214596711,0.17934424623581902,0.051055631653273835
124,"Cfg(cluster_seed=3, surrogate='rf', surrogate_seed=1, estimator='tree_path', bg_size=50, bg_seed=0)",rf,3,0.9782007369520981,1.0,2,0.0751433254402188,0.01015377261553409,0.005073439705814812,0.010106019863999656,0.02725543815071887,0.03869798981760741,0.10514107987906228,0.004550058240230223,0.009576464847102211,0.057750019325842415,0.025111964206660845,0.07503833089880978,0.2010960206294667
125,"Cfg(cluster_seed=3, surrogate='rf', surrogate_seed=1, estimator='tree_int', bg_size=50, bg_seed=0)",rf,3,0.9782007369520981,1.0,0,0.08919939899237941,0.02202454022510211,0.008982820734641376,0.005583370102636626,0.03068182247095347,0.012098054022956954,0.054260169874527496,0.0036446228021036068,0.0055376484936792755,0.13531193248154605,0.026061187452994294,0.051211383440339264,0.11516021035492978
125,"Cfg(cluster_seed=3, surrogate='rf', surrogate_seed=1, estimator='tree_int', bg_size=50, bg_seed=0)",rf,3,0.9782007369520981,1.0,1,0.025655076873332364,0.023582985318829675,0.0026466044830101283,0.0066530938409599845,0.0028198911384770668,0.03956588331545479,0.16653218266927391,0.0063413509192326405,0.017327102803164067,0.11000747854907908,0.10216054707823502,0.20632542983971208,0.035155556392239634
125,"Cfg(cluster_seed=3, surrogate='rf', surrogate_seed=1, estimator='tree_int', bg_size=50, bg_seed=0)",rf,3,0.9782007369520981,1.0,2,0.075239574290214,0.011471400690856937,0.0043730851020401095,0.009794383234102208,0.036414657843985974,0.03570462964957246,0.10259755241819751,0.0042597850422351905,0.008290376549513541,0.05824682168978759,0.01705811102931611,0.06195363441106654,0.21288728364077664
126,"Cfg(cluster_seed=3, surrogate='rf', surrogate_seed=1, estimator='tree_int', bg_size=50, bg_seed=1)",rf,3,0.9782007369520981,1.0,0,0.09241211946061396,0.022389365631867025,0.008853961146670022,0.006606674154866666,0.03236846964357671,0.011277992953893356,0.04519808173179627,0.002960100195912395,0.004639316357600575,0.14777907319383382,0.034005351263789084,0.05622189392757046,0.1102253482101906
126,"Cfg(cluster_seed=3, surrogate='rf', surrogate_seed=1, estimator='tree_int', bg_size=50, bg_seed=1)",rf,3,0.9782007369520981,1.0,1,0.02017945582051099,0.023606558302234782,0.0036533209724139487,0.007610849854907286,0.002763233808566606,0.04047288613841875,0.18459476324076787,0.007754880365842551,0.01800488993789722,0.09454764312695012,0.08723687415481882,0.20632148648472387,0.033483682714451755
126,"Cfg(cluster_seed=3, surrogate='rf', surrogate_seed=1, estimator='tree_int', bg_size=50, bg_seed=1)",rf,3,0.9782007369520981,1.0,2,0.07650688358911505,0.010466080647304133,0.006210604353048349,0.009688305409292823,0.039840702470404894,0.034885200558068576,0.09126239341388073,0.002929833656987958,0.008057632052828747,0.05033245387384782,0.021817798799002634,0.06797428995870798,0.22247412467454264
127,"Cfg(cluster_seed=3, surrogate='rf', surrogate_seed=1, estimator='tree_int', bg_size=50, bg_seed=2)",rf,3,0.9782007369520981,1.0,0,0.08742053691284339,0.022550503607964713,0.009028483740101087,0.0064066570567352195,0.02994168325287486,0.010764115044792837,0.05370679744379149,0.004019470186094204,0.005387333476445815,0.15157530528732666,0.03631020358466105,0.061003872058466246,0.1098580002209055
127,"Cfg(cluster_seed=3, surrogate='rf', surrogate_seed=1, estimator='tree_int', bg_size=50, bg_seed=2)",rf,3,0.9782007369520981,1.0,1,0.02261675436069103,0.021518388318363568,0.0030712792537102066,0.007382614555130665,0.0022301152149585128,0.03707545686487505,0.15750354254432822,0.006520109093370252,0.01535251514117037,0.09220084880149479,0.08603354077864246,0.1927730983538512,0.03464102479634925
127,"Cfg(cluster_seed=3, surrogate='rf', surrogate_seed=1, estimator='tree_int', bg_size=50, bg_seed=2)",rf,3,0.9782007369520981,1.0,2,0.07693989946401768,0.01277764496020785,0.005559544425899906,0.00937362285304604,0.03429888205337956,0.03733839568154978,0.11611818510471725,0.004422555147725246,0.00931021272269948,0.05082781997645078,0.025201290941289298,0.07701703977506823,0.21243150790800783
128,"Cfg(cluster_seed=3, surrogate='rf', surrogate_seed=2, estimator='tree_path', bg_size=50, bg_seed=0)",rf,3,0.9835340702854314,1.0,0,0.10909054261208614,0.027729717346561007,0.007958670219826387,0.009793042093087359,0.03489544209312005,0.01432999959913809,0.04883180090206054,0.005349883776583432,0.009564237467926116,0.15212268119442765,0.04475533675387515,0.0603996121364857,0.12060472914721829
128,"Cfg(cluster_seed=3, surrogate='rf', surrogate_seed=2, estimator='tree_path', bg_size=50, bg_seed=0)",rf,3,0.9835340702854314,1.0,1,0.030160644987922595,0.02127576865243158,0.0023843324317533135,0.008226808630754189,0.003115607638385749,0.05821872000935002,0.1354861529664142,0.011484189853920516,0.023015182494032272,0.0882348616963095,0.09106756125131937,0.19115528207830199,0.041412008254998287
128,"Cfg(cluster_seed=3, surrogate='rf', surrogate_seed=2, estimator='tree_path', bg_size=50, bg_seed=0)",rf,3,0.9835340702854314,1.0,2,0.08359107910059621,0.01186782963446548,0.005251822952424918,0.013134307351552885,0.02307852762539096,0.05780667400860825,0.08777782353263051,0.005399397700470845,0.008832464912571896,0.06209979390816495,0.028175229652739987,0.08678537094823617,0.1749424065264206
129,"Cfg(cluster_seed=3, surrogate='rf', surrogate_seed=2, estimator='tree_int', bg_size=50, bg_seed=0)",rf,3,0.9835340702854314,1.0,0,0.09420075440788284,0.024321333926045692,0.007342102744101652,0.005937042882746588,0.03152871870979791,0.015874256808955503,0.043700377162868294,0.005821128349119903,0.007560359158678557,0.14106752483818966,0.03055812040433878,0.04529536863442404,0.10738017353302655
129,"Cfg(cluster_seed=3, surrogate='rf', surrogate_seed=2, estimator='tree_int', bg_size=50, bg_seed=0)",rf,3,0.9835340702854314,1.0,1,0.029356309453151864,0.0213936513129624,0.002085446674227212,0.008677202201796911,0.003809978304899927,0.04796449229053513,0.14069920043064413,0.009570065589996016,0.023360697735556372,0.11372330497432295,0.11224709889112712,0.2061758157783084,0.028120906368986818
129,"Cfg(cluster_seed=3, surrogate='rf', surrogate_seed=2, estimator='tree_int', bg_size=50, bg_seed=0)",rf,3,0.9835340702854314,1.0,2,0.07459192705906917,0.013212283993817702,0.004365448136593313,0.011354219408982433,0.03599591998443489,0.0505284651192027,0.08589574196965492,0.005059856756584674,0.009485412417486636,0.06481480954728706,0.016513579515728537,0.06716191407392127,0.201141128750258
130,"Cfg(cluster_seed=3, surrogate='rf', surrogate_seed=2, estimator='tree_int', bg_size=50, bg_seed=1)",rf,3,0.9835340702854314,1.0,0,0.09548469583390509,0.023949607418160532,0.007383138153657243,0.007479094201309355,0.03299379566941822,0.01397018106255788,0.03796255772274274,0.00500071807258064,0.00684811982264868,0.15402134688623928,0.03868127567609413,0.04990385713460888,0.10346651531727266
130,"Cfg(cluster_seed=3, surrogate='rf', surrogate_seed=2, estimator='tree_int', bg_size=50, bg_seed=1)",rf,3,0.9835340702854314,1.0,1,0.024297134104978316,0.02102262733993805,0.002654117712284228,0.009562256690347994,0.0031049673952271836,0.0499913083997272,0.15844704088842265,0.011282309640208077,0.023506449373882937,0.09583441564695697,0.09577896899794794,0.20724995212094158,0.027945674492745872
130,"Cfg(cluster_seed=3, surrogate='rf', surrogate_seed=2, estimator='tree_int', bg_size=50, bg_seed=1)",rf,3,0.9835340702854314,1.0,2,0.07635009146587463,0.012053620375339845,0.005815896200759697,0.011651075537909842,0.038386252861894336,0.04966198788117898,0.07648775915132233,0.0035178316282643562,0.008921720647809822,0.056089834956548026,0.02184238148929697,0.0738257698503965,0.20945688423788414
131,"Cfg(cluster_seed=3, surrogate='rf', surrogate_seed=2, estimator='tree_int', bg_size=50, bg_seed=2)",rf,3,0.9835340702854314,1.0,0,0.09227672261309297,0.02407959032745566,0.007387523989815518,0.007331470265142761,0.03058665031231402,0.013731968600468603,0.04446246508539369,0.005944940319495241,0.007390068557413403,0.15749128835056378,0.04111870431009894,0.05341164476367033,0.10349907941487169
131,"Cfg(cluster_seed=3, surrogate='rf', surrogate_seed=2, estimator='tree_int', bg_size=50, bg_seed=2)",rf,3,0.9835340702854314,1.0,1,0.026239051364880684,0.019757856064905214,0.0021392593124319854,0.009680993078423033,0.0027716900760780994,0.04606975524277825,0.13450860270949003,0.009722287816511393,0.02068577392774922,0.09432710779809846,0.09462273181893312,0.19297282136486088,0.02800823596305575
131,"Cfg(cluster_seed=3, surrogate='rf', surrogate_seed=2, estimator='tree_int', bg_size=50, bg_seed=2)",rf,3,0.9835340702854314,1.0,2,0.07562494807720802,0.015921254880161165,0.005473763572888622,0.01077965975267768,0.03298019026162012,0.05153368532430193,0.0964170555891507,0.005157258190827691,0.010607491297560046,0.05780173463739629,0.024303487537276416,0.08521809474980992,0.20252148466971948
132,"Cfg(cluster_seed=3, surrogate='lgbm', surrogate_seed=0, estimator='tree_path', bg_size=50, bg_seed=0)",lgbm,3,0.9660637789760596,1.0,0,1.8590078900572564,1.244202065503501,0.26035372675859314,0.08158390849352438,0.3390221697546253,0.003983349106300904,0.05874586773686695,0.03516387551002127,0.04936113411672131,5.222538591174531,0.2742133990023685,0.054146362370870824,0.8815992485029895
132,"Cfg(cluster_seed=3, surrogate='lgbm', surrogate_seed=0, estimator='tree_path', bg_size=50, bg_seed=0)",lgbm,3,0.9660637789760596,1.0,1,0.012125307821896603,0.022439628616450963,0.014700711685091348,0.006898340664452257,0.026334309735722587,0.03620003869283337,3.5060648118599804,0.09316622257380958,0.21375439669243076,0.6550924727399431,0.8775985936803147,4.2874105458597205,0.0035128913262391214
132,"Cfg(cluster_seed=3, surrogate='lgbm', surrogate_seed=0, estimator='tree_path', bg_size=50, bg_seed=0)",lgbm,3,0.9660637789760596,1.0,2,0.0020082375283439454,0.018975600506988852,0.08065510377431663,0.1331165667690374,0.47465742111704506,0.259162069295503,3.610541144258679,0.09226400818109057,0.0011171289209639505,0.054241645728970875,0.00597710795834593,0.06722180218976873,4.319892137560594
133,"Cfg(cluster_seed=3, surrogate='lgbm', surrogate_seed=0, estimator='tree_int', bg_size=50, bg_seed=0)",lgbm,3,0.9660637789760596,1.0,0,0.10383357933900507,0.07008109610966345,0.015440828539042032,0.005801676005739845,0.016750845910761463,0.00018476238129134956,0.006668794587856906,0.0016261070709842364,0.0023717387293268953,0.2766798851279296,0.015503839769087755,0.0022308114316170213,0.06737622371960826
133,"Cfg(cluster_seed=3, surrogate='lgbm', surrogate_seed=0, estimator='tree_int', bg_size=50, bg_seed=0)",lgbm,3,0.9660637789760596,1.0,1,0.0012885795309311762,0.0016264146020473502,0.0013807031254464246,0.0007650361227009328,0.0011364748543692808,0.003493236963875167,0.2575594989806388,0.006791076727122136,0.022791546754756156,0.12766618583462347,0.11392264744539185,0.24231738716575388,0.00048283974220414926
133,"Cfg(cluster_seed=3, surrogate='lgbm', surrogate_seed=0, estimator='tree_int', bg_size=50, bg_seed=0)",lgbm,3,0.9660637789760596,1.0,2,0.0002570632515784652,0.0016880807139772155,0.006230212347721984,0.01698050203758161,0.03758191245079713,0.017469500640812704,0.2695044385901863,0.009657584447527578,0.00015020410562960906,0.0045723542986711,0.00046663631361001554,0.004175198673302763,0.31458840112702596
134,"Cfg(cluster_seed=3, surrogate='lgbm', surrogate_seed=0, estimator='tree_int', bg_size=50, bg_seed=1)",lgbm,3,0.9660637789760596,1.0,0,0.11021581913863894,0.07157084444332718,0.016635161271912422,0.008917772056659678,0.018254882187125974,0.00018648481560928158,0.0030899951482078816,0.0016202270522394124,0.0020800902421299018,0.2972703785199922,0.016463697019462608,0.002374523446530247,0.06388168938693879
134,"Cfg(cluster_seed=3, surrogate='lgbm', surrogate_seed=0, estimator='tree_int', bg_size=50, bg_seed=1)",lgbm,3,0.9660637789760596,1.0,1,0.0008596277309154523,0.0016159220088834652,0.0026821886308901043,0.0009560458618479697,0.0010870522163964665,0.0037094914828511355,0.26539186472264864,0.007435763869339026,0.02101024711983861,0.1059460154954397,0.09472654160562924,0.2569040498433544,0.0004581875164845285
134,"Cfg(cluster_seed=3, surrogate='lgbm', surrogate_seed=0, estimator='tree_int', bg_size=50, bg_seed=1)",lgbm,3,0.9660637789760596,1.0,2,0.0002131735412018965,0.0016067276122440541,0.0056502962181175535,0.018981490914734,0.038480882186931846,0.018436313990561733,0.2278732532653369,0.01138057179978395,0.00017407716905114612,0.004783395957188874,0.00042471969140629707,0.0043836135085793424,0.3550672914345823
135,"Cfg(cluster_seed=3, surrogate='lgbm', surrogate_seed=0, estimator='tree_int', bg_size=50, bg_seed=2)",lgbm,3,0.9660637789760596,1.0,0,0.10172818558905289,0.074177706292651,0.01577270223450386,0.007834108219429732,0.018204823453592492,0.00018399082099174695,0.007666591326214078,0.001864921121501492,0.0022333290668175056,0.3042139688758302,0.01742962762292571,0.002417473553308101,0.0685999726549437
135,"Cfg(cluster_seed=3, surrogate='lgbm', surrogate_seed=0, estimator='tree_int', bg_size=50, bg_seed=2)",lgbm,3,0.9660637789760596,1.0,1,0.0009995858424911416,0.0014077542767179608,0.0022092921270024904,0.0008918054760579025,0.000956959044392646,0.0034014645455354695,0.24184332531773214,0.006656358216803454,0.018546242350673675,0.1064061852843182,0.09065942909594778,0.2284629019161117,0.00045210883541773147
135,"Cfg(cluster_seed=3, surrogate='lgbm', surrogate_seed=0, estimator='tree_int', bg_size=50, bg_seed=2)",lgbm,3,0.9660637789760596,1.0,2,0.0002039197221029681,0.0016211279531351231,0.0062571020326797405,0.019051978526073765,0.03855115790649722,0.01937925254234083,0.28345461073758416,0.010798100302087795,0.00017420811580958916,0.0042322142100528785,0.0004217674238160874,0.004397570980695521,0.33537362446717134
136,"Cfg(cluster_seed=3, surrogate='lgbm', surrogate_seed=1, estimator='tree_path', bg_size=50, bg_seed=0)",lgbm,3,0.9660637789760596,1.0,0,1.8590078900572564,1.244202065503501,0.26035372675859314,0.08158390849352438,0.3390221697546253,0.003983349106300904,0.05874586773686695,0.03516387551002127,0.04936113411672131,5.222538591174531,0.2742133990023685,0.054146362370870824,0.8815992485029895
136,"Cfg(cluster_seed=3, surrogate='lgbm', surrogate_seed=1, estimator='tree_path', bg_size=50, bg_seed=0)",lgbm,3,0.9660637789760596,1.0,1,0.012125307821896603,0.022439628616450963,0.014700711685091348,0.006898340664452257,0.026334309735722587,0.03620003869283337,3.5060648118599804,0.09316622257380958,0.21375439669243076,0.6550924727399431,0.8775985936803147,4.2874105458597205,0.0035128913262391214
136,"Cfg(cluster_seed=3, surrogate='lgbm', surrogate_seed=1, estimator='tree_path', bg_size=50, bg_seed=0)",lgbm,3,0.9660637789760596,1.0,2,0.0020082375283439454,0.018975600506988852,0.08065510377431663,0.1331165667690374,0.47465742111704506,0.259162069295503,3.610541144258679,0.09226400818109057,0.0011171289209639505,0.054241645728970875,0.00597710795834593,0.06722180218976873,4.319892137560594
137,"Cfg(cluster_seed=3, surrogate='lgbm', surrogate_seed=1, estimator='tree_int', bg_size=50, bg_seed=0)",lgbm,3,0.9660637789760596,1.0,0,0.10383357933900507,0.07008109610966345,0.015440828539042032,0.005801676005739845,0.016750845910761463,0.00018476238129134956,0.006668794587856906,0.0016261070709842364,0.0023717387293268953,0.2766798851279296,0.015503839769087755,0.0022308114316170213,0.06737622371960826
137,"Cfg(cluster_seed=3, surrogate='lgbm', surrogate_seed=1, estimator='tree_int', bg_size=50, bg_seed=0)",lgbm,3,0.9660637789760596,1.0,1,0.0012885795309311762,0.0016264146020473502,0.0013807031254464246,0.0007650361227009328,0.0011364748543692808,0.003493236963875167,0.2575594989806388,0.006791076727122136,0.022791546754756156,0.12766618583462347,0.11392264744539185,0.24231738716575388,0.00048283974220414926
137,"Cfg(cluster_seed=3, surrogate='lgbm', surrogate_seed=1, estimator='tree_int', bg_size=50, bg_seed=0)",lgbm,3,0.9660637789760596,1.0,2,0.0002570632515784652,0.0016880807139772155,0.006230212347721984,0.01698050203758161,0.03758191245079713,0.017469500640812704,0.2695044385901863,0.009657584447527578,0.00015020410562960906,0.0045723542986711,0.00046663631361001554,0.004175198673302763,0.31458840112702596
138,"Cfg(cluster_seed=3, surrogate='lgbm', surrogate_seed=1, estimator='tree_int', bg_size=50, bg_seed=1)",lgbm,3,0.9660637789760596,1.0,0,0.11021581913863894,0.07157084444332718,0.016635161271912422,0.008917772056659678,0.018254882187125974,0.00018648481560928158,0.0030899951482078816,0.0016202270522394124,0.0020800902421299018,0.2972703785199922,0.016463697019462608,0.002374523446530247,0.06388168938693879
138,"Cfg(cluster_seed=3, surrogate='lgbm', surrogate_seed=1, estimator='tree_int', bg_size=50, bg_seed=1)",lgbm,3,0.9660637789760596,1.0,1,0.0008596277309154523,0.0016159220088834652,0.0026821886308901043,0.0009560458618479697,0.0010870522163964665,0.0037094914828511355,0.26539186472264864,0.007435763869339026,0.02101024711983861,0.1059460154954397,0.09472654160562924,0.2569040498433544,0.0004581875164845285
138,"Cfg(cluster_seed=3, surrogate='lgbm', surrogate_seed=1, estimator='tree_int', bg_size=50, bg_seed=1)",lgbm,3,0.9660637789760596,1.0,2,0.0002131735412018965,0.0016067276122440541,0.0056502962181175535,0.018981490914734,0.038480882186931846,0.018436313990561733,0.2278732532653369,0.01138057179978395,0.00017407716905114612,0.004783395957188874,0.00042471969140629707,0.0043836135085793424,0.3550672914345823
139,"Cfg(cluster_seed=3, surrogate='lgbm', surrogate_seed=1, estimator='tree_int', bg_size=50, bg_seed=2)",lgbm,3,0.9660637789760596,1.0,0,0.10172818558905289,0.074177706292651,0.01577270223450386,0.007834108219429732,0.018204823453592492,0.00018399082099174695,0.007666591326214078,0.001864921121501492,0.0022333290668175056,0.3042139688758302,0.01742962762292571,0.002417473553308101,0.0685999726549437
139,"Cfg(cluster_seed=3, surrogate='lgbm', surrogate_seed=1, estimator='tree_int', bg_size=50, bg_seed=2)",lgbm,3,0.9660637789760596,1.0,1,0.0009995858424911416,0.0014077542767179608,0.0022092921270024904,0.0008918054760579025,0.000956959044392646,0.0034014645455354695,0.24184332531773214,0.006656358216803454,0.018546242350673675,0.1064061852843182,0.09065942909594778,0.2284629019161117,0.00045210883541773147
139,"Cfg(cluster_seed=3, surrogate='lgbm', surrogate_seed=1, estimator='tree_int', bg_size=50, bg_seed=2)",lgbm,3,0.9660637789760596,1.0,2,0.0002039197221029681,0.0016211279531351231,0.0062571020326797405,0.019051978526073765,0.03855115790649722,0.01937925254234083,0.28345461073758416,0.010798100302087795,0.00017420811580958916,0.0042322142100528785,0.0004217674238160874,0.004397570980695521,0.33537362446717134
140,"Cfg(cluster_seed=3, surrogate='lgbm', surrogate_seed=2, estimator='tree_path', bg_size=50, bg_seed=0)",lgbm,3,0.9660637789760596,1.0,0,1.8590078900572564,1.244202065503501,0.26035372675859314,0.08158390849352438,0.3390221697546253,0.003983349106300904,0.05874586773686695,0.03516387551002127,0.04936113411672131,5.222538591174531,0.2742133990023685,0.054146362370870824,0.8815992485029895
140,"Cfg(cluster_seed=3, surrogate='lgbm', surrogate_seed=2, estimator='tree_path', bg_size=50, bg_seed=0)",lgbm,3,0.9660637789760596,1.0,1,0.012125307821896603,0.022439628616450963,0.014700711685091348,0.006898340664452257,0.026334309735722587,0.03620003869283337,3.5060648118599804,0.09316622257380958,0.21375439669243076,0.6550924727399431,0.8775985936803147,4.2874105458597205,0.0035128913262391214
140,"Cfg(cluster_seed=3, surrogate='lgbm', surrogate_seed=2, estimator='tree_path', bg_size=50, bg_seed=0)",lgbm,3,0.9660637789760596,1.0,2,0.0020082375283439454,0.018975600506988852,0.08065510377431663,0.1331165667690374,0.47465742111704506,0.259162069295503,3.610541144258679,0.09226400818109057,0.0011171289209639505,0.054241645728970875,0.00597710795834593,0.06722180218976873,4.319892137560594
141,"Cfg(cluster_seed=3, surrogate='lgbm', surrogate_seed=2, estimator='tree_int', bg_size=50, bg_seed=0)",lgbm,3,0.9660637789760596,1.0,0,0.10383357933900507,0.07008109610966345,0.015440828539042032,0.005801676005739845,0.016750845910761463,0.00018476238129134956,0.006668794587856906,0.0016261070709842364,0.0023717387293268953,0.2766798851279296,0.015503839769087755,0.0022308114316170213,0.06737622371960826
141,"Cfg(cluster_seed=3, surrogate='lgbm', surrogate_seed=2, estimator='tree_int', bg_size=50, bg_seed=0)",lgbm,3,0.9660637789760596,1.0,1,0.0012885795309311762,0.0016264146020473502,0.0013807031254464246,0.0007650361227009328,0.0011364748543692808,0.003493236963875167,0.2575594989806388,0.006791076727122136,0.022791546754756156,0.12766618583462347,0.11392264744539185,0.24231738716575388,0.00048283974220414926
141,"Cfg(cluster_seed=3, surrogate='lgbm', surrogate_seed=2, estimator='tree_int', bg_size=50, bg_seed=0)",lgbm,3,0.9660637789760596,1.0,2,0.0002570632515784652,0.0016880807139772155,0.006230212347721984,0.01698050203758161,0.03758191245079713,0.017469500640812704,0.2695044385901863,0.009657584447527578,0.00015020410562960906,0.0045723542986711,0.00046663631361001554,0.004175198673302763,0.31458840112702596
142,"Cfg(cluster_seed=3, surrogate='lgbm', surrogate_seed=2, estimator='tree_int', bg_size=50, bg_seed=1)",lgbm,3,0.9660637789760596,1.0,0,0.11021581913863894,0.07157084444332718,0.016635161271912422,0.008917772056659678,0.018254882187125974,0.00018648481560928158,0.0030899951482078816,0.0016202270522394124,0.0020800902421299018,0.2972703785199922,0.016463697019462608,0.002374523446530247,0.06388168938693879
142,"Cfg(cluster_seed=3, surrogate='lgbm', surrogate_seed=2, estimator='tree_int', bg_size=50, bg_seed=1)",lgbm,3,0.9660637789760596,1.0,1,0.0008596277309154523,0.0016159220088834652,0.0026821886308901043,0.0009560458618479697,0.0010870522163964665,0.0037094914828511355,0.26539186472264864,0.007435763869339026,0.02101024711983861,0.1059460154954397,0.09472654160562924,0.2569040498433544,0.0004581875164845285
142,"Cfg(cluster_seed=3, surrogate='lgbm', surrogate_seed=2, estimator='tree_int', bg_size=50, bg_seed=1)",lgbm,3,0.9660637789760596,1.0,2,0.0002131735412018965,0.0016067276122440541,0.0056502962181175535,0.018981490914734,0.038480882186931846,0.018436313990561733,0.2278732532653369,0.01138057179978395,0.00017407716905114612,0.004783395957188874,0.00042471969140629707,0.0043836135085793424,0.3550672914345823
143,"Cfg(cluster_seed=3, surrogate='lgbm', surrogate_seed=2, estimator='tree_int', bg_size=50, bg_seed=2)",lgbm,3,0.9660637789760596,1.0,0,0.10172818558905289,0.074177706292651,0.01577270223450386,0.007834108219429732,0.018204823453592492,0.00018399082099174695,0.007666591326214078,0.001864921121501492,0.0022333290668175056,0.3042139688758302,0.01742962762292571,0.002417473553308101,0.0685999726549437
143,"Cfg(cluster_seed=3, surrogate='lgbm', surrogate_seed=2, estimator='tree_int', bg_size=50, bg_seed=2)",lgbm,3,0.9660637789760596,1.0,1,0.0009995858424911416,0.0014077542767179608,0.0022092921270024904,0.0008918054760579025,0.000956959044392646,0.0034014645455354695,0.24184332531773214,0.006656358216803454,0.018546242350673675,0.1064061852843182,0.09065942909594778,0.2284629019161117,0.00045210883541773147
143,"Cfg(cluster_seed=3, surrogate='lgbm', surrogate_seed=2, estimator='tree_int', bg_size=50, bg_seed=2)",lgbm,3,0.9660637789760596,1.0,2,0.0002039197221029681,0.0016211279531351231,0.0062571020326797405,0.019051978526073765,0.03855115790649722,0.01937925254234083,0.28345461073758416,0.010798100302087795,0.00017420811580958916,0.0042322142100528785,0.0004217674238160874,0.004397570980695521,0.33537362446717134
144,"Cfg(cluster_seed=4, surrogate='dt', surrogate_seed=0, estimator='tree_path', bg_size=50, bg_seed=0)",dt,4,0.912609958564192,0.9468368564830926,0,0.0,0.0,0.0,0.0,0.0,0.0,0.12835639289323783,0.0,0.0,0.1359980317629168,0.020226993781430475,0.18096752653319148,0.21913010262598867
144,"Cfg(cluster_seed=4, surrogate='dt', surrogate_seed=0, estimator='tree_path', bg_size=50, bg_seed=0)",dt,4,0.912609958564192,0.9468368564830926,1,0.0,0.0,0.0,0.0,0.0,0.0,0.2789028796871807,0.0,0.0,0.032685268211501195,0.025590789903256465,0.30185108234099794,0.13502978117835618
144,"Cfg(cluster_seed=4, surrogate='dt', surrogate_seed=0, estimator='tree_path', bg_size=50, bg_seed=0)",dt,4,0.912609958564192,0.9468368564830926,2,0.0,0.0,0.0,0.0,0.0,0.0,0.0829900007081364,0.0,0.0,0.0,0.0,0.019463362129191385,0.5503437265360501
145,"Cfg(cluster_seed=4, surrogate='dt', surrogate_seed=0, estimator='tree_int', bg_size=50, bg_seed=0)",dt,4,0.912609958564192,0.9468368564830926,0,0.0,0.0,0.0,0.0,0.0,0.0,0.17234105795621862,0.0,0.0,0.051093750926665994,0.03354166734497996,0.06885506615974013,0.2593821912351995
145,"Cfg(cluster_seed=4, surrogate='dt', surrogate_seed=0, estimator='tree_int', bg_size=50, bg_seed=0)",dt,4,0.912609958564192,0.9468368564830926,1,0.0,0.0,0.0,0.0,0.0,0.0,0.2818954259916847,0.0,0.0,0.09816993233619949,0.06764706024644418,0.27725490535591163,0.07830065727233883
145,"Cfg(cluster_seed=4, surrogate='dt', surrogate_seed=0, estimator='tree_int', bg_size=50, bg_seed=0)",dt,4,0.912609958564192,0.9468368564830926,2,0.0,0.0,0.0,0.0,0.0,0.0,0.2395977011479676,0.0,0.0,0.0,0.0,0.037138295741012635,0.38244663414501057
146,"Cfg(cluster_seed=4, surrogate='dt', surrogate_seed=0, estimator='tree_int', bg_size=50, bg_seed=1)",dt,4,0.912609958564192,0.9468368564830926,0,0.0,0.0,0.0,0.0,0.0,0.0,0.15093211361207068,0.0,0.0,0.05997395929647614,0.03445312571479012,0.11701778133865438,0.22882992777973438
146,"Cfg(cluster_seed=4, surrogate='dt', surrogate_seed=0, estimator='tree_int', bg_size=50, bg_seed=1)",dt,4,0.912609958564192,0.9468368564830926,1,0.0,0.0,0.0,0.0,0.0,0.0,0.2881045762873161,0.0,0.0,0.06944444270402785,0.0475490206772206,0.3110784333126219,0.08526144196005428
146,"Cfg(cluster_seed=4, surrogate='dt', surrogate_seed=0, estimator='tree_int', bg_size=50, bg_seed=1)",dt,4,0.912609958564192,0.9468368564830926,2,0.0,0.0,0.0,0.0,0.0,0.0,0.22107370917611444,0.0,0.0,0.0,0.0,0.008193760077868198,0.44835158260095637
147,"Cfg(cluster_seed=4, surrogate='dt', surrogate_seed=0, estimator='tree_int', bg_size=50, bg_seed=2)",dt,4,0.912609958564192,0.9468368564830926,0,0.0,0.0,0.0,0.0,0.0,0.0,0.1630711229983716,0.0,0.0,0.06315104271285236,0.0376822924660519,0.13453574102139115,0.222385962912813
147,"Cfg(cluster_seed=4, surrogate='dt', surrogate_seed=0, estimator='tree_int', bg_size=50, bg_seed=2)",dt,4,0.912609958564192,0.9468368564830926,1,0.0,0.0,0.0,0.0,0.0,0.0,0.2743790860503326,0.0,0.0,0.0794117627073737,0.054313726743646706,0.25993464352453444,0.08058823901648618
147,"Cfg(cluster_seed=4, surrogate='dt', surrogate_seed=0, estimator='tree_int', bg_size=50, bg_seed=2)",dt,4,0.912609958564192,0.9468368564830926,2,0.0,0.0,0.0,0.0,0.0,0.0,0.2677941981383735,0.0,0.0,0.0,0.0,0.02890257237065171,0.4012780546952805
148,"Cfg(cluster_seed=4, surrogate='dt', surrogate_seed=1, estimator='tree_path', bg_size=50, bg_seed=0)",dt,4,0.8923535446554245,0.9468368564830926,0,0.0,0.0,0.0,0.0,0.0,0.0,0.0630719813064411,0.0,0.0,0.12929165048446745,0.04479942938048514,0.19803246542767236,0.2352376391625644
148,"Cfg(cluster_seed=4, surrogate='dt', surrogate_seed=1, estimator='tree_path', bg_size=50, bg_seed=0)",dt,4,0.8923535446554245,0.9468368564830926,1,0.0,0.0,0.0,0.0,0.0,0.0,0.2750623538249076,0.0,0.0,0.06415352016570039,0.037437221800229965,0.2950350746791461,0.11305346475342436
148,"Cfg(cluster_seed=4, surrogate='dt', surrogate_seed=1, estimator='tree_path', bg_size=50, bg_seed=0)",dt,4,0.8923535446554245,0.9468368564830926,2,0.0,0.0,0.0,0.0,0.0,0.0,0.0829900007081364,0.0,0.0,0.0,0.0,0.019463362129191385,0.5503437265360501
149,"Cfg(cluster_seed=4, surrogate='dt', surrogate_seed=1, estimator='tree_int', bg_size=50, bg_seed=0)",dt,4,0.8923535446554245,0.9468368564830926,0,0.0,0.0,0.0,0.0,0.0,0.0,0.1649452247284352,0.0,0.0,0.10661458409391343,0.004687500055879355,0.054717136267572616,0.24896552412770692
149,"Cfg(cluster_seed=4, surrogate='dt', surrogate_seed=1, estimator='tree_int', bg_size=50, bg_seed=0)",dt,4,0.8923535446554245,0.9468368564830926,1,0.0,0.0,0.0,0.0,0.0,0.0,0.18790849916490848,0.0,0.0,0.20124182938360713,0.08052287709479243,0.24300653616002968,0.08784313755292522
149,"Cfg(cluster_seed=4, surrogate='dt', surrogate_seed=1, estimator='tree_int', bg_size=50, bg_seed=0)",dt,4,0.8923535446554245,0.9468368564830926,2,0.0,0.0,0.0,0.0,0.0,0.0,0.2395977011479676,0.0,0.0,0.0,0.0,0.037138295741012635,0.38244663414501057
150,"Cfg(cluster_seed=4, surrogate='dt', surrogate_seed=1, estimator='tree_int', bg_size=50, bg_seed=1)",dt,4,0.8923535446554245,0.9468368564830926,0,0.0,0.0,0.0,0.0,0.0,0.0,0.13796336367260661,0.0,0.0,0.11072916748933483,0.014218750149011606,0.10600215849932296,0.2224497190816329
150,"Cfg(cluster_seed=4, surrogate='dt', surrogate_seed=1, estimator='tree_int', bg_size=50, bg_seed=1)",dt,4,0.8923535446554245,0.9468368564830926,1,0.0,0.0,0.0,0.0,0.0,0.0,0.18869281286118078,0.0,0.0,0.14418300442251486,0.08235294245621734,0.29986928377665717,0.07784313754123791
150,"Cfg(cluster_seed=4, surrogate='dt', surrogate_seed=1, estimator='tree_int', bg_size=50, bg_seed=1)",dt,4,0.8923535446554245,0.9468368564830926,2,0.0,0.0,0.0,0.0,0.0,0.0,0.22107370917611444,0.0,0.0,0.0,0.0,0.008193760077868198,0.44835158260095637
151,"Cfg(cluster_seed=4, surrogate='dt', surrogate_seed=1, estimator='tree_int', bg_size=50, bg_seed=2)",dt,4,0.8923535446554245,0.9468368564830926,0,0.0,0.0,0.0,0.0,0.0,0.0,0.14218570636585354,0.0,0.0,0.12505208423361197,0.02114583351649344,0.11831178608816133,0.213557837358676
151,"Cfg(cluster_seed=4, surrogate='dt', surrogate_seed=1, estimator='tree_int', bg_size=50, bg_seed=2)",dt,4,0.8923535446554245,0.9468368564830926,1,0.0,0.0,0.0,0.0,0.0,0.0,0.17712418525242332,0.0,0.0,0.15967320121970816,0.07745098160178059,0.24359477287414025,0.0790196084742452
151,"Cfg(cluster_seed=4, surrogate='dt', surrogate_seed=1, estimator='tree_int', bg_size=50, bg_seed=2)",dt,4,0.8923535446554245,0.9468368564830926,2,0.0,0.0,0.0,0.0,0.0,0.0,0.2677941981383735,0.0,0.0,0.0,0.0,0.02890257237065171,0.4012780546952805
152,"Cfg(cluster_seed=4, surrogate='dt', surrogate_seed=2, estimator='tree_path', bg_size=50, bg_seed=0)",dt,4,0.8809855475192805,0.9468368564830926,0,0.0,0.0,0.0,0.0,0.0,0.0,0.12835639289323783,0.0,0.0,0.12929165048446745,0.0,0.19803246542767236,0.2121824337115889
152,"Cfg(cluster_seed=4, surrogate='dt', surrogate_seed=2, estimator='tree_path', bg_size=50, bg_seed=0)",dt,4,0.8809855475192805,0.9468368564830926,1,0.0,0.0,0.0,0.0,0.0,0.0,0.2789028796871807,0.0,0.0,0.06415352016570039,0.0,0.2950350746791461,0.13224873545597662
152,"Cfg(cluster_seed=4, surrogate='dt', surrogate_seed=2, estimator='tree_path', bg_size=50, bg_seed=0)",dt,4,0.8809855475192805,0.9468368564830926,2,0.0,0.0,0.0,0.0,0.0,0.0,0.0829900007081364,0.0,0.0,0.0,0.0,0.019463362129191385,0.5503437265360501
153,"Cfg(cluster_seed=4, surrogate='dt', surrogate_seed=2, estimator='tree_int', bg_size=50, bg_seed=0)",dt,4,0.8809855475192805,0.9468368564830926,0,0.0,0.0,0.0,0.0,0.0,0.0,0.17234105795621862,0.0,0.0,0.10661458409391343,0.0,0.054717136267572616,0.24834052433259787
153,"Cfg(cluster_seed=4, surrogate='dt', surrogate_seed=2, estimator='tree_int', bg_size=50, bg_seed=0)",dt,4,0.8809855475192805,0.9468368564830926,1,0.0,0.0,0.0,0.0,0.0,0.0,0.2818954259916847,0.0,0.0,0.20124182938360713,0.0,0.24300653616002968,0.07843137472867963
153,"Cfg(cluster_seed=4, surrogate='dt', surrogate_seed=2, estimator='tree_int', bg_size=50, bg_seed=0)",dt,4,0.8809855475192805,0.9468368564830926,2,0.0,0.0,0.0,0.0,0.0,0.0,0.2395977011479676,0.0,0.0,0.0,0.0,0.037138295741012635,0.38244663414501057
154,"Cfg(cluster_seed=4, surrogate='dt', surrogate_seed=2, estimator='tree_int', bg_size=50, bg_seed=1)",dt,4,0.8809855475192805,0.9468368564830926,0,0.0,0.0,0.0,0.0,0.0,0.0,0.15093211361207068,0.0,0.0,0.11072916748933483,0.0,0.10600215849932296,0.22120331122539955
154,"Cfg(cluster_seed=4, surrogate='dt', surrogate_seed=2, estimator='tree_int', bg_size=50, bg_seed=1)",dt,4,0.8809855475192805,0.9468368564830926,1,0.0,0.0,0.0,0.0,0.0,0.0,0.2881045762873161,0.0,0.0,0.14418300442251486,0.0,0.29986928377665717,0.07712418536929522
154,"Cfg(cluster_seed=4, surrogate='dt', surrogate_seed=2, estimator='tree_int', bg_size=50, bg_seed=1)",dt,4,0.8809855475192805,0.9468368564830926,2,0.0,0.0,0.0,0.0,0.0,0.0,0.22107370917611444,0.0,0.0,0.0,0.0,0.008193760077868198,0.44835158260095637
155,"Cfg(cluster_seed=4, surrogate='dt', surrogate_seed=2, estimator='tree_int', bg_size=50, bg_seed=2)",dt,4,0.8809855475192805,0.9468368564830926,0,0.0,0.0,0.0,0.0,0.0,0.0,0.1630711229983716,0.0,0.0,0.12505208423361197,0.0,0.11831178608816133,0.21423312501050554
155,"Cfg(cluster_seed=4, surrogate='dt', surrogate_seed=2, estimator='tree_int', bg_size=50, bg_seed=2)",dt,4,0.8809855475192805,0.9468368564830926,1,0.0,0.0,0.0,0.0,0.0,0.0,0.2743790860503326,0.0,0.0,0.15967320121970816,0.0,0.24359477287414025,0.07699346624168692
155,"Cfg(cluster_seed=4, surrogate='dt', surrogate_seed=2, estimator='tree_int', bg_size=50, bg_seed=2)",dt,4,0.8809855475192805,0.9468368564830926,2,0.0,0.0,0.0,0.0,0.0,0.0,0.2677941981383735,0.0,0.0,0.0,0.0,0.02890257237065171,0.4012780546952805
156,"Cfg(cluster_seed=4, surrogate='rf', surrogate_seed=0, estimator='tree_path', bg_size=50, bg_seed=0)",rf,4,0.9668989909996775,0.9468368564830926,0,0.10479949807882913,0.023807628299768884,0.005350770219558812,0.011207134191525801,0.032525547462951665,0.0065856072002995385,0.05327573294762795,0.0031139482619539235,0.012579451818186323,0.13053157851911978,0.040556600492165855,0.06214990444897786,0.15719050536867626
156,"Cfg(cluster_seed=4, surrogate='rf', surrogate_seed=0, estimator='tree_path', bg_size=50, bg_seed=0)",rf,4,0.9668989909996775,0.9468368564830926,1,0.028711459369822317,0.0242143512823138,0.0028176259325354822,0.00920678090509577,0.0033675470823743025,0.048003732136070315,0.16183867552256387,0.012662839828087392,0.023681226058939294,0.0881858771776476,0.08092663829837475,0.17840159539626393,0.04906721411605405
156,"Cfg(cluster_seed=4, surrogate='rf', surrogate_seed=0, estimator='tree_path', bg_size=50, bg_seed=0)",rf,4,0.9668989909996775,0.9468368564830926,2,0.07952063440715834,0.007472329718557783,0.003262115722499968,0.020434224684451597,0.02689956709442958,0.0412678918155144,0.08492863135446896,0.006806836036044376,0.011772513994865653,0.05089061091636646,0.025546590496060458,0.06868781712783177,0.21166683175101028
157,"Cfg(cluster_seed=4, surrogate='rf', surrogate_seed=0, estimator='tree_int', bg_size=50, bg_seed=0)",rf,4,0.9668989909996775,0.9468368564830926,0,0.09713000235603884,0.019684990565456244,0.004784332955139802,0.00871800369052835,0.025851640007047073,0.008316994270380745,0.05060835939970615,0.0033536533574329043,0.008822281969128199,0.110956904980294,0.026367381600084627,0.04800546248167849,0.14805997631468015
157,"Cfg(cluster_seed=4, surrogate='rf', surrogate_seed=0, estimator='tree_int', bg_size=50, bg_seed=0)",rf,4,0.9668989909996775,0.9468368564830926,1,0.027251370106772387,0.02316567749785963,0.0021301214343917556,0.00782560865370304,0.0036807626158035568,0.04137541337362029,0.1632007882950719,0.008925969710022292,0.022884737553100495,0.10880093323392964,0.10599022975000301,0.20025446172170203,0.032679278725644356
157,"Cfg(cluster_seed=4, surrogate='rf', surrogate_seed=0, estimator='tree_int', bg_size=50, bg_seed=0)",rf,4,0.9668989909996775,0.9468368564830926,2,0.07811904954991492,0.008469874238274763,0.0028858151435887853,0.0185693705600011,0.03549950703754487,0.03044314764957923,0.08294882037306663,0.007264711696770973,0.01328094767563131,0.04396410539068697,0.01796197071761107,0.05517007189822056,0.24191488867470837
158,"Cfg(cluster_seed=4, surrogate='rf', surrogate_seed=0, estimator='tree_int', bg_size=50, bg_seed=1)",rf,4,0.9668989909996775,0.9468368564830926,0,0.10029043645186904,0.019658222206326174,0.005061312128883061,0.010506944702610216,0.028085385100370102,0.007782152990198482,0.04407798226036847,0.0025648462931474104,0.007710602871675293,0.12141913241935756,0.0334587036958112,0.05475163824261016,0.14131006543151672
158,"Cfg(cluster_seed=4, surrogate='rf', surrogate_seed=0, estimator='tree_int', bg_size=50, bg_seed=1)",rf,4,0.9668989909996775,0.9468368564830926,1,0.023166150578455183,0.02282544406681601,0.002951388182925311,0.0087912544894689,0.0031603050870505885,0.04281376075124832,0.18180429635702056,0.01055361680839412,0.022713881652569257,0.09058435327062005,0.09047412293737152,0.20202302076003528,0.03131447010517505
158,"Cfg(cluster_seed=4, surrogate='rf', surrogate_seed=0, estimator='tree_int', bg_size=50, bg_seed=1)",rf,4,0.9668989909996775,0.9468368564830926,2,0.07839203770184197,0.007342486955208835,0.004250881944922548,0.017586533551581112,0.03804606794476665,0.029893820344115654,0.07289053340041027,0.005062081254298046,0.012365301392153864,0.03851085506053978,0.022681693678974945,0.059199527781937156,0.2526850325737189
159,"Cfg(cluster_seed=4, surrogate='rf', surrogate_seed=0, estimator='tree_int', bg_size=50, bg_seed=2)",rf,4,0.9668989909996775,0.9468368564830926,0,0.09619629201203225,0.020314020833770874,0.0053028994358851386,0.010369521581534397,0.025862441098371394,0.0070210815324253445,0.05243634306750605,0.003367906831115306,0.009095367289633035,0.12582351744611686,0.03498385750104262,0.05734089673901052,0.1404753382185163
159,"Cfg(cluster_seed=4, surrogate='rf', surrogate_seed=0, estimator='tree_int', bg_size=50, bg_seed=2)",rf,4,0.9668989909996775,0.9468368564830926,1,0.02420819232090806,0.021873629539086493,0.0024144725152919085,0.008313563845229369,0.0024964488640897816,0.04031328139026872,0.15595559982021676,0.00927747298580453,0.019967849838639286,0.09048894711378784,0.08847166411988962,0.18783471664575313,0.03124038046092656
159,"Cfg(cluster_seed=4, surrogate='rf', surrogate_seed=0, estimator='tree_int', bg_size=50, bg_seed=2)",rf,4,0.9668989909996775,0.9468368564830926,2,0.07836551465323226,0.009534346422347765,0.0038117889613695005,0.0173139636233862,0.034317584609075094,0.03197790202571518,0.09540868208744674,0.007419561787674389,0.013737070134751167,0.038107763601676385,0.026688075735569687,0.06879974972004545,0.24379295373942042
160,"Cfg(cluster_seed=4, surrogate='rf', surrogate_seed=1, estimator='tree_path', bg_size=50, bg_seed=0)",rf,4,0.9668989909996775,0.9468368564830926,0,0.09983959455749288,0.02034993902935427,0.005525139116871703,0.015758426842948446,0.0342931687638116,0.009419244156534414,0.0568842247055966,0.0034241102258704787,0.00912752141828544,0.11871349176171868,0.04313476515383796,0.06744315965868829,0.16056583085163792
160,"Cfg(cluster_seed=4, surrogate='rf', surrogate_seed=1, estimator='tree_path', bg_size=50, bg_seed=0)",rf,4,0.9668989909996775,0.9468368564830926,1,0.026246329937578795,0.018591177339596386,0.0029490941442926986,0.010196172434586462,0.00258297293963841,0.038557262252233285,0.18214937580704305,0.010965255444417569,0.021887090154130533,0.07276688589188238,0.09401781836324288,0.1790543289066283,0.04658633456409194
160,"Cfg(cluster_seed=4, surrogate='rf', surrogate_seed=1, estimator='tree_path', bg_size=50, bg_seed=0)",rf,4,0.9668989909996775,0.9468368564830926,2,0.07244574834566626,0.008075528780951002,0.0029394460154332515,0.02309191378248363,0.027518215496183853,0.028754229279434645,0.09870488937915528,0.006855216646571541,0.01147453972319962,0.039325658781734406,0.030476818464960205,0.06954026557828707,0.21838626420503918
161,"Cfg(cluster_seed=4, surrogate='rf', surrogate_seed=1, estimator='tree_int', bg_size=50, bg_seed=0)",rf,4,0.9668989909996775,0.9468368564830926,0,0.08720749962643766,0.017413569378172726,0.005461741201665971,0.011334863860100769,0.028433591957794983,0.009174181784937898,0.05756824798865181,0.003909447027049282,0.007632708532041763,0.10340876239922864,0.027876607825315876,0.049328205592141794,0.15234400915798924
161,"Cfg(cluster_seed=4, surrogate='rf', surrogate_seed=1, estimator='tree_int', bg_size=50, bg_seed=0)",rf,4,0.9668989909996775,0.9468368564830926,1,0.02450693492596959,0.019765251024378528,0.0020743635741489602,0.008218976233106601,0.002704752636040497,0.03420211411621102,0.17758070147883914,0.008865123147546661,0.017841746462840022,0.09718096406713206,0.1171068219895995,0.20341044069925213,0.03082767269377227
161,"Cfg(cluster_seed=4, surrogate='rf', surrogate_seed=1, estimator='tree_int', bg_size=50, bg_seed=0)",rf,4,0.9668989909996775,0.9468368564830926,2,0.07244356690949008,0.010836538435781671,0.002313235128140872,0.020096556274016505,0.03548728986932907,0.02898124536333996,0.08595505123149437,0.008411751287630834,0.012453950924002765,0.04004243987521535,0.02054985186202906,0.05570735083014629,0.24281641551386635
162,"Cfg(cluster_seed=4, surrogate='rf', surrogate_seed=1, estimator='tree_int', bg_size=50, bg_seed=1)",rf,4,0.9668989909996775,0.9468368564830926,0,0.09120557015373945,0.017711835754321333,0.005535151421431691,0.013528489896825705,0.030297905003667448,0.008188363309782294,0.04862646698499703,0.003471341860590655,0.00671055573088779,0.11160563016902642,0.03595601526732935,0.05680862987472665,0.1455324514604854
162,"Cfg(cluster_seed=4, surrogate='rf', surrogate_seed=1, estimator='tree_int', bg_size=50, bg_seed=1)",rf,4,0.9668989909996775,0.9468368564830926,1,0.020310831493220844,0.019279076100284842,0.0028802490594156847,0.00939234071505352,0.0025818612543862043,0.0362150989135604,0.19725037514568217,0.010824871089968,0.01837752923306064,0.08188573182586754,0.10077527475845198,0.20321716336028248,0.028986626898573987
162,"Cfg(cluster_seed=4, surrogate='rf', surrogate_seed=1, estimator='tree_int', bg_size=50, bg_seed=1)",rf,4,0.9668989909996775,0.9468368564830926,2,0.07168635096957474,0.00944771249869056,0.0029540943037875598,0.02012824184566622,0.0373998043946192,0.02816761721689199,0.07595450423901409,0.005278289378163338,0.011717732714444987,0.03325212477157904,0.026511497251973083,0.05965923301596564,0.256159194900513
163,"Cfg(cluster_seed=4, surrogate='rf', surrogate_seed=1, estimator='tree_int', bg_size=50, bg_seed=2)",rf,4,0.9668989909996775,0.9468368564830926,0,0.08712141578649664,0.017909444884861053,0.005803566605459312,0.013588006273288326,0.027712974377698176,0.008032450603409414,0.05881424254725062,0.004603898933287384,0.007829506651527254,0.11513721754472497,0.03789666759742432,0.06125237253258547,0.14262135516012847
163,"Cfg(cluster_seed=4, surrogate='rf', surrogate_seed=1, estimator='tree_int', bg_size=50, bg_seed=2)",rf,4,0.9668989909996775,0.9468368564830926,1,0.022119795124229267,0.01772108975610714,0.00249212268867268,0.009260174514909557,0.0022326019865873854,0.03252082866096673,0.16911264024894598,0.00888414897784755,0.015902913547276208,0.0814896191466616,0.09859464289674727,0.1907636429866554,0.028803125492793014
163,"Cfg(cluster_seed=4, surrogate='rf', surrogate_seed=1, estimator='tree_int', bg_size=50, bg_seed=2)",rf,4,0.9668989909996775,0.9468368564830926,2,0.07227303528558834,0.012242237636581572,0.002710960004584946,0.01937828213101533,0.03373731248922893,0.029253666626658136,0.09852055667872353,0.008324323720215555,0.013138138395167068,0.034692621151703025,0.03129835803443942,0.06868205761722088,0.2458786454019314
164,"Cfg(cluster_seed=4, surrogate='rf', surrogate_seed=2, estimator='tree_path', bg_size=50, bg_seed=0)",rf,4,0.9668989909996775,0.9468368564830926,0,0.11604469614326207,0.020861110650335662,0.006458747576747562,0.014737166857181136,0.03470751865932796,0.010339060036011054,0.051966706245923894,0.003645831240639306,0.01145357908537671,0.12767685254230293,0.04361968001684695,0.058225932207130585,0.1478334352673375
164,"Cfg(cluster_seed=4, surrogate='rf', surrogate_seed=2, estimator='tree_path', bg_size=50, bg_seed=0)",rf,4,0.9668989909996775,0.9468368564830926,1,0.032136418212371426,0.022791557190270425,0.0025179435850357958,0.010848903326214437,0.00370084204100299,0.04874589408031568,0.14794120548155143,0.01110042614135322,0.02332008673355909,0.0872528065279125,0.10238218642304082,0.17736462042317108,0.038284863359612877
164,"Cfg(cluster_seed=4, surrogate='rf', surrogate_seed=2, estimator='tree_path', bg_size=50, bg_seed=0)",rf,4,0.9668989909996775,0.9468368564830926,2,0.08368736327955632,0.008392957705589777,0.0037710501598496675,0.024444438325101757,0.024331792494084067,0.04586528914120315,0.08101633767831262,0.008113359312639323,0.01219871924277424,0.042599423994717105,0.03676796208238521,0.0746668573699519,0.19080151296446796
165,"Cfg(cluster_seed=4, surrogate='rf', surrogate_seed=2, estimator='tree_int', bg_size=50, bg_seed=0)",rf,4,0.9668989909996775,0.9468368564830926,0,0.10306705854346773,0.01805213833425909,0.005731096364229417,0.010375684774544425,0.027715523974552517,0.01186908511916954,0.04569431413012694,0.004891121155382623,0.009170181284845286,0.11105167184121915,0.029858014134093756,0.04483677936329513,0.13774449244424886
165,"Cfg(cluster_seed=4, surrogate='rf', surrogate_seed=2, estimator='tree_int', bg_size=50, bg_seed=0)",rf,4,0.9668989909996775,0.9468368564830926,1,0.03138801818335766,0.020890392653162452,0.002453376966837894,0.010811525317349508,0.004206971781489247,0.03996499008751319,0.15426484034654075,0.01073204818911572,0.022196885070965545,0.1115133360494214,0.11926880461066235,0.19172625735551618,0.02904736453537743
165,"Cfg(cluster_seed=4, surrogate='rf', surrogate_seed=2, estimator='tree_int', bg_size=50, bg_seed=0)",rf,4,0.9668989909996775,0.9468368564830926,2,0.08175318164032003,0.008959130977371908,0.003227634246388103,0.021667443170828467,0.035363150280495484,0.03841828515315207,0.07673673656556132,0.008832230008919152,0.01277156241773535,0.039753765150961136,0.021427591859228122,0.05656705606333812,0.2283704212531902
166,"Cfg(cluster_seed=4, surrogate='rf', surrogate_seed=2, estimator='tree_int', bg_size=50, bg_seed=1)",rf,4,0.9668989909996775,0.9468368564830926,0,0.10511491326149552,0.017857572355559338,0.006298792311446848,0.013045295455181072,0.029222056752084873,0.01021913220437,0.03961889731435461,0.004258278872616758,0.00809800119762713,0.12075646126681933,0.03744093595790502,0.05148609500045496,0.1326345493578435
166,"Cfg(cluster_seed=4, surrogate='rf', surrogate_seed=2, estimator='tree_int', bg_size=50, bg_seed=1)",rf,4,0.9668989909996775,0.9468368564830926,1,0.026523290396828946,0.020529172606572197,0.0033136602121122253,0.01209525083986056,0.003845228854288328,0.042026340894152255,0.1723807667108143,0.01215032708816294,0.02225692864438386,0.09383699573406963,0.10218891311960189,0.193157521014418,0.027935011564301983
166,"Cfg(cluster_seed=4, surrogate='rf', surrogate_seed=2, estimator='tree_int', bg_size=50, bg_seed=1)",rf,4,0.9668989909996775,0.9468368564830926,2,0.08116897149377944,0.007814253152746314,0.004030597228626165,0.021528874263578534,0.036369590210045336,0.03811069632682207,0.06715325938197711,0.006107704866799252,0.011819279705218615,0.03452122534452918,0.027522910724311803,0.06192021315969573,0.2390520365322358
167,"Cfg(cluster_seed=4, surrogate='rf', surrogate_seed=2, estimator='tree_int', bg_size=50, bg_seed=2)",rf,4,0.9668989909996775,0.9468368564830926,0,0.10202444443321723,0.018660412158791363,0.006344682689029923,0.012531964586860336,0.026900050247280666,0.010087830116499392,0.04822066339425533,0.00543352692571716,0.009490779012039638,0.12533997327654103,0.03874996377279843,0.05528708468480091,0.12939581664270802
167,"Cfg(cluster_seed=4, surrogate='rf', surrogate_seed=2, estimator='tree_int', bg_size=50, bg_seed=2)",rf,4,0.9668989909996775,0.9468368564830926,1,0.028801220736812166,0.019031547297393744,0.002670915099477176,0.011878497022205248,0.003181220125138768,0.038520763470949924,0.1472583477972269,0.010654466485698238,0.019659259737322018,0.09334004584288419,0.10003869519535313,0.17985564704016582,0.027684859055221105
167,"Cfg(cluster_seed=4, surrogate='rf', surrogate_seed=2, estimator='tree_int', bg_size=50, bg_seed=2)",rf,4,0.9668989909996775,0.9468368564830926,2,0.08319371077857447,0.01006079641046069,0.00410893938081461,0.02053263590156954,0.03269217766961533,0.039335952081462545,0.08621163978802213,0.009358032491433571,0.012887019713678111,0.036018771359712355,0.03178927514867004,0.07097331742887268,0.23089958230067362
168,"Cfg(cluster_seed=4, surrogate='lgbm', surrogate_seed=0, estimator='tree_path', bg_size=50, bg_seed=0)",lgbm,4,0.9561227645422916,0.9468368564830926,0,2.2118012587162683,1.0227449254020948,0.01332831258696464,0.08900416234410172,0.4672989698518157,0.28094042653869405,0.11059842983137624,0.018323027777378292,0.07211290990832722,4.279532806939786,0.2544568835230067,0.10700519970489665,0.9552509697188722
168,"Cfg(cluster_seed=4, surrogate='lgbm', surrogate_seed=0, estimator='tree_path', bg_size=50, bg_seed=0)",lgbm,4,0.9561227645422916,0.9468368564830926,1,0.023378488460629683,0.04173884978229003,0.0009173356746017122,0.0207921653193183,0.0038639775517233348,0.04975198418964462,3.074513612690888,0.08398869985291683,0.3155005340276608,0.6582658744734875,1.1941773842485897,4.238011336839596,0.0035253551317243827
168,"Cfg(cluster_seed=4, surrogate='lgbm', surrogate_seed=0, estimator='tree_path', bg_size=50, bg_seed=0)",lgbm,4,0.9561227645422916,0.9468368564830926,2,0.27405518597332773,0.055302359709936674,0.05026425494049859,0.43965122990118144,0.41905169203700227,0.05242194907905234,0.5367641387075452,0.009256660093173302,0.2114098705965257,0.019203710559678483,0.022826148412045007,0.8439233871055468,6.22028071304828
169,"Cfg(cluster_seed=4, surrogate='lgbm', surrogate_seed=0, estimator='tree_int', bg_size=50, bg_seed=0)",lgbm,4,0.9561227645422916,0.9468368564830926,0,0.14483752717632753,0.06144124851471073,0.0008300903258333317,0.004999287322910757,0.014503343377444298,0.011941046745829005,0.00783380384811411,0.0008974543828251154,0.0041025028558062705,0.24120310648777124,0.012417169175170406,0.007774972214863273,0.07162266946437942
169,"Cfg(cluster_seed=4, surrogate='lgbm', surrogate_seed=0, estimator='tree_int', bg_size=50, bg_seed=0)",lgbm,4,0.9561227645422916,0.9468368564830926,1,0.004670533544643426,0.0028252093326139767,6.993329414838085e-05,0.0019160729574761648,0.00016606866169790693,0.004305486429035472,0.21729348354093644,0.005426378152963482,0.028210338854637515,0.12106600584686189,0.14203890453465903,0.25498319152870613,0.00044067940629933974
169,"Cfg(cluster_seed=4, surrogate='lgbm', surrogate_seed=0, estimator='tree_int', bg_size=50, bg_seed=0)",lgbm,4,0.9561227645422916,0.9468368564830926,2,0.050317185836395426,0.004096647246110911,0.0037977129946323916,0.030924310222616425,0.05201167454219141,0.006297044313537863,0.0737854906831317,0.0011422250317677924,0.011699164844673326,0.00251522788968441,0.0009671275526109576,0.07307898761537682,0.3536837047347831
170,"Cfg(cluster_seed=4, surrogate='lgbm', surrogate_seed=0, estimator='tree_int', bg_size=50, bg_seed=1)",lgbm,4,0.9561227645422916,0.9468368564830926,0,0.15260473090020005,0.06388943156976815,0.0008328301884237657,0.006773033195224589,0.01676978771874995,0.012342250313947496,0.005752403600537043,0.0009615353662283808,0.003519487624964458,0.25586758858621983,0.014131484879021747,0.008152076628042631,0.06734731796487045
170,"Cfg(cluster_seed=4, surrogate='lgbm', surrogate_seed=0, estimator='tree_int', bg_size=50, bg_seed=1)",lgbm,4,0.9561227645422916,0.9468368564830926,1,0.003006552264097947,0.0028124047666628614,7.412864744704604e-05,0.00226972314992812,0.00016326013196663503,0.004945828144614728,0.23239036249145983,0.0059038126278679205,0.02568374324469037,0.10258267345484891,0.11011265550824464,0.2732395640952802,0.00043125796071074256
170,"Cfg(cluster_seed=4, surrogate='lgbm', surrogate_seed=0, estimator='tree_int', bg_size=50, bg_seed=1)",lgbm,4,0.9561227645422916,0.9468368564830926,2,0.03588942246565615,0.004209904947651549,0.003727946368933908,0.030248772965179943,0.05545944126842381,0.0064430745727340226,0.06214470559700676,0.0007034118636349461,0.011118454488560256,0.0018818296676614513,0.0012017959486682209,0.06558241104997554,0.39037853658357635
171,"Cfg(cluster_seed=4, surrogate='lgbm', surrogate_seed=0, estimator='tree_int', bg_size=50, bg_seed=2)",lgbm,4,0.9561227645422916,0.9468368564830926,0,0.14977819211981747,0.06541990543994837,0.0008319009133562555,0.005631244346554255,0.016068338439337332,0.012608377808988571,0.00888567744222706,0.0009747914911455467,0.0034852830395370005,0.26390087524609895,0.014802273771715162,0.011656255387207715,0.07032064336900208
171,"Cfg(cluster_seed=4, surrogate='lgbm', surrogate_seed=0, estimator='tree_int', bg_size=50, bg_seed=2)",lgbm,4,0.9561227645422916,0.9468368564830926,1,0.0038007394491443125,0.0027462015238104093,7.241499402118397e-05,0.0021944164892932706,0.0001552929304637872,0.004377154223051013,0.20786283315318813,0.0053233678255729736,0.023348419069877027,0.09980640248312068,0.10963172527040779,0.24454878155954154,0.00041928054510811523
171,"Cfg(cluster_seed=4, surrogate='lgbm', surrogate_seed=0, estimator='tree_int', bg_size=50, bg_seed=2)",lgbm,4,0.9561227645422916,0.9468368564830926,2,0.04314055563572452,0.004135893022397512,0.004279191626911247,0.03276131003429768,0.052558702060923404,0.0064357281538458926,0.08041485095553544,0.0010468975994541198,0.011524121585943495,0.001957134432009433,0.0013368674098870748,0.09014165643562132,0.3755438113273924
172,"Cfg(cluster_seed=4, surrogate='lgbm', surrogate_seed=1, estimator='tree_path', bg_size=50, bg_seed=0)",lgbm,4,0.9561227645422916,0.9468368564830926,0,2.2118012587162683,1.0227449254020948,0.01332831258696464,0.08900416234410172,0.4672989698518157,0.28094042653869405,0.11059842983137624,0.018323027777378292,0.07211290990832722,4.279532806939786,0.2544568835230067,0.10700519970489665,0.9552509697188722
172,"Cfg(cluster_seed=4, surrogate='lgbm', surrogate_seed=1, estimator='tree_path', bg_size=50, bg_seed=0)",lgbm,4,0.9561227645422916,0.9468368564830926,1,0.023378488460629683,0.04173884978229003,0.0009173356746017122,0.0207921653193183,0.0038639775517233348,0.04975198418964462,3.074513612690888,0.08398869985291683,0.3155005340276608,0.6582658744734875,1.1941773842485897,4.238011336839596,0.0035253551317243827
172,"Cfg(cluster_seed=4, surrogate='lgbm', surrogate_seed=1, estimator='tree_path', bg_size=50, bg_seed=0)",lgbm,4,0.9561227645422916,0.9468368564830926,2,0.27405518597332773,0.055302359709936674,0.05026425494049859,0.43965122990118144,0.41905169203700227,0.05242194907905234,0.5367641387075452,0.009256660093173302,0.2114098705965257,0.019203710559678483,0.022826148412045007,0.8439233871055468,6.22028071304828
173,"Cfg(cluster_seed=4, surrogate='lgbm', surrogate_seed=1, estimator='tree_int', bg_size=50, bg_seed=0)",lgbm,4,0.9561227645422916,0.9468368564830926,0,0.14483752717632753,0.06144124851471073,0.0008300903258333317,0.004999287322910757,0.014503343377444298,0.011941046745829005,0.00783380384811411,0.0008974543828251154,0.0041025028558062705,0.24120310648777124,0.012417169175170406,0.007774972214863273,0.07162266946437942
173,"Cfg(cluster_seed=4, surrogate='lgbm', surrogate_seed=1, estimator='tree_int', bg_size=50, bg_seed=0)",lgbm,4,0.9561227645422916,0.9468368564830926,1,0.004670533544643426,0.0028252093326139767,6.993329414838085e-05,0.0019160729574761648,0.00016606866169790693,0.004305486429035472,0.21729348354093644,0.005426378152963482,0.028210338854637515,0.12106600584686189,0.14203890453465903,0.25498319152870613,0.00044067940629933974
173,"Cfg(cluster_seed=4, surrogate='lgbm', surrogate_seed=1, estimator='tree_int', bg_size=50, bg_seed=0)",lgbm,4,0.9561227645422916,0.9468368564830926,2,0.050317185836395426,0.004096647246110911,0.0037977129946323916,0.030924310222616425,0.05201167454219141,0.006297044313537863,0.0737854906831317,0.0011422250317677924,0.011699164844673326,0.00251522788968441,0.0009671275526109576,0.07307898761537682,0.3536837047347831
174,"Cfg(cluster_seed=4, surrogate='lgbm', surrogate_seed=1, estimator='tree_int', bg_size=50, bg_seed=1)",lgbm,4,0.9561227645422916,0.9468368564830926,0,0.15260473090020005,0.06388943156976815,0.0008328301884237657,0.006773033195224589,0.01676978771874995,0.012342250313947496,0.005752403600537043,0.0009615353662283808,0.003519487624964458,0.25586758858621983,0.014131484879021747,0.008152076628042631,0.06734731796487045
174,"Cfg(cluster_seed=4, surrogate='lgbm', surrogate_seed=1, estimator='tree_int', bg_size=50, bg_seed=1)",lgbm,4,0.9561227645422916,0.9468368564830926,1,0.003006552264097947,0.0028124047666628614,7.412864744704604e-05,0.00226972314992812,0.00016326013196663503,0.004945828144614728,0.23239036249145983,0.0059038126278679205,0.02568374324469037,0.10258267345484891,0.11011265550824464,0.2732395640952802,0.00043125796071074256
174,"Cfg(cluster_seed=4, surrogate='lgbm', surrogate_seed=1, estimator='tree_int', bg_size=50, bg_seed=1)",lgbm,4,0.9561227645422916,0.9468368564830926,2,0.03588942246565615,0.004209904947651549,0.003727946368933908,0.030248772965179943,0.05545944126842381,0.0064430745727340226,0.06214470559700676,0.0007034118636349461,0.011118454488560256,0.0018818296676614513,0.0012017959486682209,0.06558241104997554,0.39037853658357635
175,"Cfg(cluster_seed=4, surrogate='lgbm', surrogate_seed=1, estimator='tree_int', bg_size=50, bg_seed=2)",lgbm,4,0.9561227645422916,0.9468368564830926,0,0.14977819211981747,0.06541990543994837,0.0008319009133562555,0.005631244346554255,0.016068338439337332,0.012608377808988571,0.00888567744222706,0.0009747914911455467,0.0034852830395370005,0.26390087524609895,0.014802273771715162,0.011656255387207715,0.07032064336900208
175,"Cfg(cluster_seed=4, surrogate='lgbm', surrogate_seed=1, estimator='tree_int', bg_size=50, bg_seed=2)",lgbm,4,0.9561227645422916,0.9468368564830926,1,0.0038007394491443125,0.0027462015238104093,7.241499402118397e-05,0.0021944164892932706,0.0001552929304637872,0.004377154223051013,0.20786283315318813,0.0053233678255729736,0.023348419069877027,0.09980640248312068,0.10963172527040779,0.24454878155954154,0.00041928054510811523
175,"Cfg(cluster_seed=4, surrogate='lgbm', surrogate_seed=1, estimator='tree_int', bg_size=50, bg_seed=2)",lgbm,4,0.9561227645422916,0.9468368564830926,2,0.04314055563572452,0.004135893022397512,0.004279191626911247,0.03276131003429768,0.052558702060923404,0.0064357281538458926,0.08041485095553544,0.0010468975994541198,0.011524121585943495,0.001957134432009433,0.0013368674098870748,0.09014165643562132,0.3755438113273924
176,"Cfg(cluster_seed=4, surrogate='lgbm', surrogate_seed=2, estimator='tree_path', bg_size=50, bg_seed=0)",lgbm,4,0.9561227645422916,0.9468368564830926,0,2.2118012587162683,1.0227449254020948,0.01332831258696464,0.08900416234410172,0.4672989698518157,0.28094042653869405,0.11059842983137624,0.018323027777378292,0.07211290990832722,4.279532806939786,0.2544568835230067,0.10700519970489665,0.9552509697188722
176,"Cfg(cluster_seed=4, surrogate='lgbm', surrogate_seed=2, estimator='tree_path', bg_size=50, bg_seed=0)",lgbm,4,0.9561227645422916,0.9468368564830926,1,0.023378488460629683,0.04173884978229003,0.0009173356746017122,0.0207921653193183,0.0038639775517233348,0.04975198418964462,3.074513612690888,0.08398869985291683,0.3155005340276608,0.6582658744734875,1.1941773842485897,4.238011336839596,0.0035253551317243827
176,"Cfg(cluster_seed=4, surrogate='lgbm', surrogate_seed=2, estimator='tree_path', bg_size=50, bg_seed=0)",lgbm,4,0.9561227645422916,0.9468368564830926,2,0.27405518597332773,0.055302359709936674,0.05026425494049859,0.43965122990118144,0.41905169203700227,0.05242194907905234,0.5367641387075452,0.009256660093173302,0.2114098705965257,0.019203710559678483,0.022826148412045007,0.8439233871055468,6.22028071304828
177,"Cfg(cluster_seed=4, surrogate='lgbm', surrogate_seed=2, estimator='tree_int', bg_size=50, bg_seed=0)",lgbm,4,0.9561227645422916,0.9468368564830926,0,0.14483752717632753,0.06144124851471073,0.0008300903258333317,0.004999287322910757,0.014503343377444298,0.011941046745829005,0.00783380384811411,0.0008974543828251154,0.0041025028558062705,0.24120310648777124,0.012417169175170406,0.007774972214863273,0.07162266946437942
177,"Cfg(cluster_seed=4, surrogate='lgbm', surrogate_seed=2, estimator='tree_int', bg_size=50, bg_seed=0)",lgbm,4,0.9561227645422916,0.9468368564830926,1,0.004670533544643426,0.0028252093326139767,6.993329414838085e-05,0.0019160729574761648,0.00016606866169790693,0.004305486429035472,0.21729348354093644,0.005426378152963482,0.028210338854637515,0.12106600584686189,0.14203890453465903,0.25498319152870613,0.00044067940629933974
177,"Cfg(cluster_seed=4, surrogate='lgbm', surrogate_seed=2, estimator='tree_int', bg_size=50, bg_seed=0)",lgbm,4,0.9561227645422916,0.9468368564830926,2,0.050317185836395426,0.004096647246110911,0.0037977129946323916,0.030924310222616425,0.05201167454219141,0.006297044313537863,0.0737854906831317,0.0011422250317677924,0.011699164844673326,0.00251522788968441,0.0009671275526109576,0.07307898761537682,0.3536837047347831
178,"Cfg(cluster_seed=4, surrogate='lgbm', surrogate_seed=2, estimator='tree_int', bg_size=50, bg_seed=1)",lgbm,4,0.9561227645422916,0.9468368564830926,0,0.15260473090020005,0.06388943156976815,0.0008328301884237657,0.006773033195224589,0.01676978771874995,0.012342250313947496,0.005752403600537043,0.0009615353662283808,0.003519487624964458,0.25586758858621983,0.014131484879021747,0.008152076628042631,0.06734731796487045
178,"Cfg(cluster_seed=4, surrogate='lgbm', surrogate_seed=2, estimator='tree_int', bg_size=50, bg_seed=1)",lgbm,4,0.9561227645422916,0.9468368564830926,1,0.003006552264097947,0.0028124047666628614,7.412864744704604e-05,0.00226972314992812,0.00016326013196663503,0.004945828144614728,0.23239036249145983,0.0059038126278679205,0.02568374324469037,0.10258267345484891,0.11011265550824464,0.2732395640952802,0.00043125796071074256
178,"Cfg(cluster_seed=4, surrogate='lgbm', surrogate_seed=2, estimator='tree_int', bg_size=50, bg_seed=1)",lgbm,4,0.9561227645422916,0.9468368564830926,2,0.03588942246565615,0.004209904947651549,0.003727946368933908,0.030248772965179943,0.05545944126842381,0.0064430745727340226,0.06214470559700676,0.0007034118636349461,0.011118454488560256,0.0018818296676614513,0.0012017959486682209,0.06558241104997554,0.39037853658357635
179,"Cfg(cluster_seed=4, surrogate='lgbm', surrogate_seed=2, estimator='tree_int', bg_size=50, bg_seed=2)",lgbm,4,0.9561227645422916,0.9468368564830926,0,0.14977819211981747,0.06541990543994837,0.0008319009133562555,0.005631244346554255,0.016068338439337332,0.012608377808988571,0.00888567744222706,0.0009747914911455467,0.0034852830395370005,0.26390087524609895,0.014802273771715162,0.011656255387207715,0.07032064336900208
179,"Cfg(cluster_seed=4, surrogate='lgbm', surrogate_seed=2, estimator='tree_int', bg_size=50, bg_seed=2)",lgbm,4,0.9561227645422916,0.9468368564830926,1,0.0038007394491443125,0.0027462015238104093,7.241499402118397e-05,0.0021944164892932706,0.0001552929304637872,0.004377154223051013,0.20786283315318813,0.0053233678255729736,0.023348419069877027,0.09980640248312068,0.10963172527040779,0.24454878155954154,0.00041928054510811523
179,"Cfg(cluster_seed=4, surrogate='lgbm', surrogate_seed=2, estimator='tree_int', bg_size=50, bg_seed=2)",lgbm,4,0.9561227645422916,0.9468368564830926,2,0.04314055563572452,0.004135893022397512,0.004279191626911247,0.03276131003429768,0.052558702060923404,0.0064357281538458926,0.08041485095553544,0.0010468975994541198,0.011524121585943495,0.001957134432009433,0.0013368674098870748,0.09014165643562132,0.3755438113273924
